# Blender 5.0.1
# www.blender.org
mtllib Dialadrug.mtl
o dial_a_drug
v -0.125000 2.187500 0.625000
v -0.125000 2.625000 -0.625000
v -0.062500 2.562500 -0.625000
v -0.125000 0.750000 -0.625000
v -0.062500 0.750000 -0.625000
v -0.125000 2.625000 -0.750000
v -0.062500 2.562500 -0.750000
v -0.125000 0.750000 -0.750000
v -0.062500 0.750000 -0.750000
v -0.875000 2.625000 -0.750000
v -0.875000 2.625000 -0.625000
v -0.937500 2.562500 -0.625000
v -0.125000 2.562500 -0.625000
v -0.125000 2.562500 -0.750000
v -0.937500 2.562500 -0.750000
v -0.125000 2.625000 -0.250000
v -0.062500 2.562500 -0.250000
v -0.125000 0.750000 -0.250000
v -0.062500 0.750000 -0.250000
v -0.125000 2.625000 -0.375000
v -0.062500 2.562500 -0.375000
v -0.125000 0.750000 -0.375000
v -0.062500 0.750000 -0.375000
v -0.875000 2.625000 -0.375000
v -0.875000 2.625000 -0.250000
v -0.937500 2.562500 -0.250000
v -0.125000 2.562500 -0.250000
v -0.125000 2.562500 -0.375000
v -0.937500 2.562500 -0.375000
v -0.125000 2.625000 0.687500
v -0.062500 2.562500 0.687500
v -0.125000 0.750000 0.687500
v -0.062500 0.750000 0.687500
v -0.125000 2.625000 0.562500
v -0.062500 2.562500 0.562500
v -0.125000 0.750000 0.562500
v -0.062500 0.750000 0.562500
v -0.875000 2.625000 0.562500
v -0.875000 2.625000 0.687500
v -0.937500 2.562500 0.687500
v -0.125000 2.562500 0.687500
v -0.125000 2.562500 0.562500
v -0.937500 2.562500 0.562500
v -0.125000 2.625000 0.312500
v -0.062500 2.562500 0.312500
v -0.125000 0.750000 0.312500
v -0.062500 0.750000 0.312500
v -0.125000 2.625000 0.187500
v -0.062500 2.562500 0.187500
v -0.125000 0.750000 0.187500
v -0.062500 0.750000 0.187500
v -0.875000 2.625000 0.187500
v -0.875000 2.625000 0.312500
v -0.937500 2.562500 0.312500
v -0.125000 2.562500 0.312500
v -0.125000 2.562500 0.187500
v -0.937500 2.562500 0.187500
v 0.750000 2.187500 0.250000
v 0.750000 2.312500 0.250000
v 0.676777 2.187500 0.073223
v 0.676777 2.312500 0.073223
v 0.500000 2.187500 0.000000
v 0.500000 2.312500 0.000000
v 0.687500 2.312500 0.250000
v 0.632583 2.312500 0.117417
v 0.500000 2.312500 0.062500
v 0.500000 2.187500 0.062500
v 0.632583 2.187500 0.117417
v 0.687500 2.187500 0.250000
v 0.125000 2.187500 0.000000
v 0.125000 2.312500 0.000000
v -0.051777 2.187500 0.073223
v -0.051777 2.312500 0.073223
v -0.125000 2.187500 0.250000
v -0.125000 2.312500 0.250000
v -0.007582 2.312500 0.117417
v 0.125000 2.187500 0.062500
v -0.007582 2.187500 0.117417
v -0.062500 2.187500 0.250000
v -0.062500 2.187500 0.625000
v -0.125000 2.187500 0.625000
v -0.125000 2.312500 0.625000
v -0.062500 2.312500 0.250000
v -0.062500 2.312500 0.625000
v 0.500000 2.312500 0.000000
v 0.500000 2.187500 0.000000
v 0.500000 2.187500 0.062500
v 0.500000 2.312500 0.062500
v 0.125000 2.312500 0.062500
v 0.676777 2.187500 0.801777
v 0.676777 2.312500 0.801777
v 0.750000 2.187500 0.625000
v 0.750000 2.312500 0.625000
v 0.687500 2.312500 0.625000
v 0.632583 2.312500 0.757583
v 0.500000 2.187500 0.812500
v 0.687500 2.187500 0.625000
v 0.632583 2.187500 0.757583
v 0.687500 2.187500 0.250000
v 0.750000 2.187500 0.250000
v 0.750000 2.312500 0.250000
v 0.687500 2.312500 0.250000
v 0.687500 2.187500 0.250000
v 0.687500 2.187500 0.625000
v 0.125000 2.187500 0.875000
v 0.125000 2.187500 0.812500
v 0.125000 2.312500 0.875000
v 0.125000 2.312500 0.812500
v -0.051777 2.187500 0.801777
v -0.051777 2.312500 0.801777
v 0.125000 2.187500 0.875000
v 0.125000 2.312500 0.875000
v -0.125000 2.312500 0.625000
v 0.125000 2.312500 0.812500
v -0.007582 2.312500 0.757583
v -0.062500 2.312500 0.625000
v -0.062500 2.187500 0.625000
v -0.007582 2.187500 0.757583
v 0.125000 2.187500 0.812500
v 0.500000 2.312500 0.812500
v 0.500000 2.187500 0.875000
v 0.500000 2.312500 0.875000
v 0.750000 1.437500 0.625000
v 0.750000 1.312500 0.625000
v 0.676777 1.437500 0.801777
v 0.676777 1.312500 0.801777
v 0.500000 1.437500 0.875000
v 0.500000 1.312500 0.875000
v 0.687500 1.312500 0.625000
v 0.632583 1.312500 0.757583
v 0.500000 1.312500 0.812500
v 0.500000 1.437500 0.812500
v 0.632583 1.437500 0.757583
v 0.687500 1.437500 0.625000
v 0.125000 1.437500 0.875000
v 0.125000 1.312500 0.875000
v -0.051777 1.437500 0.801777
v -0.051777 1.312500 0.801777
v -0.125000 1.437500 0.625000
v -0.125000 1.312500 0.625000
v -0.007582 1.312500 0.757583
v 0.125000 1.437500 0.812500
v -0.007582 1.437500 0.757583
v -0.062500 1.437500 0.625000
v -0.062500 1.437500 0.250000
v -0.125000 1.437500 0.250000
v -0.125000 1.312500 0.250000
v -0.062500 1.312500 0.625000
v -0.062500 1.312500 0.250000
v 0.500000 1.312500 0.875000
v 0.500000 1.437500 0.875000
v 0.500000 1.437500 0.812500
v 0.500000 1.312500 0.812500
v 0.125000 1.312500 0.812500
v 0.676777 1.437500 0.073223
v 0.676777 1.312500 0.073223
v 0.750000 1.437500 0.250000
v 0.750000 1.312500 0.250000
v 0.687500 1.312500 0.250000
v 0.632583 1.312500 0.117417
v 0.500000 1.437500 0.062500
v 0.687500 1.437500 0.250000
v 0.632583 1.437500 0.117417
v 0.687500 1.437500 0.625000
v 0.750000 1.437500 0.625000
v 0.750000 1.312500 0.625000
v 0.687500 1.312500 0.625000
v 0.687500 1.437500 0.625000
v 0.687500 1.437500 0.250000
v 0.125000 1.437500 0.000000
v 0.125000 1.437500 0.062500
v 0.125000 1.312500 0.000000
v 0.125000 1.312500 0.062500
v -0.051777 1.437500 0.073223
v -0.051777 1.312500 0.073223
v 0.125000 1.437500 0.000000
v 0.125000 1.312500 0.000000
v -0.125000 1.437500 0.250000
v -0.125000 1.312500 0.250000
v 0.125000 1.312500 0.062500
v -0.007582 1.312500 0.117417
v -0.062500 1.312500 0.250000
v -0.062500 1.437500 0.250000
v -0.007582 1.437500 0.117417
v 0.125000 1.437500 0.062500
v 0.500000 1.312500 0.062500
v 0.500000 1.437500 0.000000
v 0.500000 1.312500 0.000000
v 0.687500 2.687500 0.500000
v 0.750000 2.687500 0.500000
v 0.687500 0.750000 0.500000
v 0.750000 0.750000 0.500000
v 0.687500 2.687500 0.375000
v 0.750000 2.687500 0.375000
v 0.687500 0.750000 0.375000
v 0.750000 0.750000 0.375000
v 0.250000 2.687500 0.812500
v 0.250000 2.687500 0.875000
v 0.250000 0.750000 0.812500
v 0.250000 0.750000 0.875000
v 0.375000 2.687500 0.812500
v 0.375000 2.687500 0.875000
v 0.375000 0.750000 0.812500
v 0.375000 0.750000 0.875000
v 0.375000 2.687500 0.062500
v 0.375000 2.687500 0.000000
v 0.375000 0.750000 0.062500
v 0.375000 0.750000 0.000000
v 0.250000 2.687500 0.062500
v 0.250000 2.687500 0.000000
v 0.250000 0.750000 0.062500
v 0.250000 0.750000 0.000000
v -0.062500 1.125000 -0.625000
v 0.562500 1.125000 -0.625000
v -0.062500 1.062500 -0.625000
v 0.500000 1.062500 -0.625000
v -0.062500 1.125000 -0.750000
v 0.562500 1.125000 -0.750000
v -0.062500 1.062500 -0.750000
v 0.500000 1.062500 -0.750000
v -0.062500 1.125000 -0.250000
v 0.562500 1.125000 -0.250000
v -0.062500 1.062500 -0.250000
v 0.500000 1.062500 -0.250000
v -0.062500 1.125000 -0.375000
v 0.562500 1.125000 -0.375000
v -0.062500 1.062500 -0.375000
v 0.500000 1.062500 -0.375000
v -0.062500 2.500000 -0.187500
v 0.562500 2.500000 -0.187500
v -0.062500 1.125000 -0.187500
v 0.562500 1.125000 -0.187500
v -0.062500 2.500000 -0.812500
v 0.562500 2.500000 -0.812500
v -0.062500 1.125000 -0.812500
v 0.562500 1.125000 -0.812500
v 1.000000 0.250000 -0.375000
v 1.000000 0.250000 -0.625000
v 1.000000 0.125000 -0.375000
v 1.000000 0.125000 -0.625000
v -0.125000 0.250000 -0.375000
v -0.125000 0.250000 -0.625000
v -0.125000 0.125000 -0.375000
v -0.125000 0.125000 -0.625000
v 1.000000 0.250000 0.125000
v 1.000000 0.250000 -0.125000
v 1.000000 0.125000 0.125000
v 1.000000 0.125000 -0.125000
v -0.125000 0.250000 0.125000
v -0.125000 0.250000 -0.125000
v -0.125000 0.125000 0.125000
v -0.125000 0.125000 -0.125000
v 1.000000 0.250000 0.625000
v 1.000000 0.250000 0.375000
v 1.000000 0.125000 0.625000
v 1.000000 0.125000 0.375000
v -0.125000 0.250000 0.625000
v -0.125000 0.250000 0.375000
v -0.125000 0.125000 0.625000
v -0.125000 0.125000 0.375000
v -1.000000 0.687500 0.687500
v -0.937500 0.687500 0.687500
v -1.000000 0.312500 0.687500
v -0.937500 0.312500 0.687500
v -1.000000 0.687500 0.312500
v -0.937500 0.687500 0.312500
v -1.000000 0.312500 0.312500
v -0.937500 0.312500 0.312500
v -1.000000 0.687500 -0.312500
v -0.937500 0.687500 -0.312500
v -1.000000 0.312500 -0.312500
v -0.937500 0.312500 -0.312500
v -1.000000 0.687500 -0.687500
v -0.937500 0.687500 -0.687500
v -1.000000 0.312500 -0.687500
v -0.937500 0.312500 -0.687500
v -1.000000 1.687500 -0.312500
v -0.937500 1.687500 -0.312500
v -1.000000 1.312500 -0.312500
v -0.937500 1.312500 -0.312500
v -1.000000 1.687500 -0.687500
v -0.937500 1.687500 -0.687500
v -1.000000 1.312500 -0.687500
v -0.937500 1.312500 -0.687500
v -1.000000 1.687500 0.687500
v -0.937500 1.687500 0.687500
v -1.000000 1.312500 0.687500
v -0.937500 1.312500 0.687500
v -1.000000 1.687500 0.312500
v -0.937500 1.687500 0.312500
v -1.000000 1.312500 0.312500
v -0.937500 1.312500 0.312500
v -0.125000 0.250000 0.875000
v 0.750000 0.250000 0.875000
v -0.125000 0.250000 -0.875000
v 0.750000 0.250000 -0.875000
v 0.875000 0.687500 -0.312500
v 0.875000 0.312500 -0.312500
v 0.875000 0.687500 -0.687500
v 0.875000 0.312500 -0.687500
v 1.000000 0.687500 -0.312500
v 1.000000 0.312500 -0.312500
v 1.000000 0.687500 -0.687500
v 1.000000 0.312500 -0.687500
v 0.750000 0.375000 0.375000
v 0.750000 0.625000 0.375000
v 0.750000 0.625000 0.625000
v 0.750000 0.625000 -0.625000
v 0.750000 0.375000 -0.625000
v 0.750000 0.375000 0.625000
v 0.750000 0.375000 -0.375000
v 0.750000 0.625000 -0.375000
v 0.875000 0.312500 0.312500
v 0.875000 0.687500 0.312500
v 0.875000 0.312500 0.687500
v 0.875000 0.687500 0.687500
v 1.000000 0.312500 0.312500
v 1.000000 0.687500 0.312500
v 1.000000 0.312500 0.687500
v 1.000000 0.687500 0.687500
v 0.750000 0.750000 0.875000
v -0.125000 0.750000 0.875000
v -0.125000 0.750000 -0.875000
v 0.750000 0.750000 -0.875000
v -0.937500 2.562500 0.937500
v -0.125000 2.562500 0.937500
v -0.937500 0.062500 0.937500
v -0.125000 0.062500 0.937500
v -0.937500 2.562500 -0.937500
v -0.125000 2.562500 -0.937500
v -0.937500 0.062500 -0.937500
v -0.125000 0.062500 -0.937500
v 0.367418 1.937500 0.382583
v 0.367418 2.562500 0.382583
v 0.500000 1.937500 0.437500
v 0.500000 2.562500 0.437500
v 0.632583 1.937500 0.382583
v 0.632583 2.562500 0.382583
v 0.687500 1.937500 0.250000
v 0.687500 2.562500 0.250000
v 0.632583 1.937500 0.117417
v 0.632583 2.562500 0.117417
v 0.500000 1.937500 0.062500
v 0.500000 2.562500 0.062500
v 0.367418 1.937500 0.117417
v 0.367418 2.562500 0.117417
v 0.312500 1.937500 0.250000
v 0.312500 2.562500 0.250000
v 0.411612 2.671875 0.338388
v 0.375000 2.671875 0.250000
v 0.500000 2.671875 0.375000
v 0.588389 2.671875 0.338388
v 0.625000 2.671875 0.250000
v 0.588389 2.671875 0.161612
v 0.500000 2.671875 0.125000
v 0.411612 2.671875 0.161612
v 0.455806 2.703125 0.294194
v 0.437500 2.703125 0.250000
v 0.500000 2.703125 0.312500
v 0.544194 2.703125 0.294194
v 0.562500 2.703125 0.250000
v 0.544194 2.703125 0.205806
v 0.500000 2.703125 0.187500
v 0.455806 2.703125 0.205806
v 0.500000 2.718750 0.250000
v 0.588388 1.875000 0.161612
v 0.625000 1.875000 0.250000
v 0.588388 1.875000 0.338388
v 0.500000 1.875000 0.375000
v 0.411612 1.875000 0.338388
v 0.375000 1.875000 0.250000
v 0.411612 1.875000 0.161612
v 0.500000 1.875000 0.125000
v 0.500000 1.875000 0.250000
v -0.007582 1.937500 0.382583
v -0.007582 2.562500 0.382583
v 0.125000 1.937500 0.437500
v 0.125000 2.562500 0.437500
v 0.257583 1.937500 0.382583
v 0.257583 2.562500 0.382583
v 0.312500 1.937500 0.250000
v 0.312500 2.562500 0.250000
v 0.257583 1.937500 0.117417
v 0.257583 2.562500 0.117417
v 0.125000 1.937500 0.062500
v 0.125000 2.562500 0.062500
v -0.007582 1.937500 0.117417
v -0.007582 2.562500 0.117417
v -0.062500 1.937500 0.250000
v -0.062500 2.562500 0.250000
v 0.036612 2.671875 0.338388
v 0.000000 2.671875 0.250000
v 0.125000 2.671875 0.375000
v 0.213389 2.671875 0.338388
v 0.250000 2.671875 0.250000
v 0.213389 2.671875 0.161612
v 0.125000 2.671875 0.125000
v 0.036612 2.671875 0.161612
v 0.080806 2.703125 0.294194
v 0.062500 2.703125 0.250000
v 0.125000 2.703125 0.312500
v 0.169194 2.703125 0.294194
v 0.187500 2.703125 0.250000
v 0.169194 2.703125 0.205806
v 0.125000 2.703125 0.187500
v 0.080806 2.703125 0.205806
v 0.125000 2.718750 0.250000
v 0.213389 1.875000 0.161612
v 0.250000 1.875000 0.250000
v 0.213389 1.875000 0.338388
v 0.125000 1.875000 0.375000
v 0.036612 1.875000 0.338388
v 0.000000 1.875000 0.250000
v 0.036612 1.875000 0.161612
v 0.125000 1.875000 0.125000
v 0.125000 1.875000 0.250000
v 0.367418 1.062500 0.382583
v 0.367418 1.687500 0.382583
v 0.500000 1.062500 0.437500
v 0.500000 1.687500 0.437500
v 0.632583 1.062500 0.382583
v 0.632583 1.687500 0.382583
v 0.687500 1.062500 0.250000
v 0.687500 1.687500 0.250000
v 0.632583 1.062500 0.117417
v 0.632583 1.687500 0.117417
v 0.500000 1.062500 0.062500
v 0.500000 1.687500 0.062500
v 0.367418 1.062500 0.117417
v 0.367418 1.687500 0.117417
v 0.312500 1.062500 0.250000
v 0.312500 1.687500 0.250000
v 0.588388 1.000000 0.161612
v 0.625000 1.000000 0.250000
v 0.588388 1.000000 0.338388
v 0.500000 1.000000 0.375000
v 0.411612 1.000000 0.338388
v 0.375000 1.000000 0.250000
v 0.411612 1.000000 0.161612
v 0.500000 1.000000 0.125000
v 0.500000 1.000000 0.250000
v 0.411612 1.750000 0.161612
v 0.500000 1.750000 0.250000
v 0.500000 1.750000 0.125000
v 0.375000 1.750000 0.250000
v 0.411612 1.750000 0.338388
v 0.500000 1.750000 0.375000
v 0.588388 1.750000 0.338388
v 0.625000 1.750000 0.250000
v 0.588388 1.750000 0.161612
v -0.007582 1.062500 0.382583
v -0.007582 1.562500 0.382583
v 0.125000 1.062500 0.437500
v 0.125000 1.562500 0.437500
v 0.257583 1.062500 0.382583
v 0.257583 1.562500 0.382583
v 0.312500 1.062500 0.250000
v 0.312500 1.562500 0.250000
v 0.257583 1.062500 0.117417
v 0.257583 1.562500 0.117417
v 0.125000 1.062500 0.062500
v 0.125000 1.562500 0.062500
v -0.007582 1.062500 0.117417
v -0.007582 1.562500 0.117417
v -0.062500 1.062500 0.250000
v -0.062500 1.562500 0.250000
v 0.213388 1.000000 0.161612
v 0.250000 1.000000 0.250000
v 0.213388 1.000000 0.338388
v 0.125000 1.000000 0.375000
v 0.036612 1.000000 0.338388
v 0.000000 1.000000 0.250000
v 0.036612 1.000000 0.161612
v 0.125000 1.000000 0.125000
v 0.125000 1.000000 0.250000
v 0.036612 1.625000 0.161612
v 0.125000 1.625000 0.250000
v 0.125000 1.625000 0.125000
v 0.000000 1.625000 0.250000
v 0.036612 1.625000 0.338388
v 0.125000 1.625000 0.375000
v 0.213388 1.625000 0.338388
v 0.250000 1.625000 0.250000
v 0.213388 1.625000 0.161612
v 0.367418 1.062500 0.757583
v 0.367418 2.562500 0.757583
v 0.500000 1.062500 0.812500
v 0.500000 2.562500 0.812500
v 0.632583 1.062500 0.757583
v 0.632583 2.562500 0.757583
v 0.687500 1.062500 0.625000
v 0.687500 2.562500 0.625000
v 0.632583 1.062500 0.492417
v 0.632583 2.562500 0.492417
v 0.500000 1.062500 0.437500
v 0.500000 2.562500 0.437500
v 0.367418 1.062500 0.492417
v 0.367418 2.562500 0.492417
v 0.312500 1.062500 0.625000
v 0.312500 2.562500 0.625000
v 0.411612 2.671875 0.713388
v 0.375000 2.671875 0.625000
v 0.500000 2.671875 0.750000
v 0.588389 2.671875 0.713388
v 0.625000 2.671875 0.625000
v 0.588389 2.671875 0.536612
v 0.500000 2.671875 0.500000
v 0.411612 2.671875 0.536612
v 0.455806 2.703125 0.669194
v 0.437500 2.703125 0.625000
v 0.500000 2.703125 0.687500
v 0.544194 2.703125 0.669194
v 0.562500 2.703125 0.625000
v 0.544194 2.703125 0.580806
v 0.500000 2.703125 0.562500
v 0.455806 2.703125 0.580806
v 0.500000 2.718750 0.625000
v 0.588388 1.000000 0.536612
v 0.625000 1.000000 0.625000
v 0.588388 1.000000 0.713388
v 0.500000 1.000000 0.750000
v 0.411612 1.000000 0.713388
v 0.375000 1.000000 0.625000
v 0.411612 1.000000 0.536612
v 0.500000 1.000000 0.500000
v 0.500000 1.000000 0.625000
v -0.007582 1.062500 0.757583
v -0.007582 2.562500 0.757583
v 0.125000 1.062500 0.812500
v 0.125000 2.562500 0.812500
v 0.257583 1.062500 0.757583
v 0.257583 2.562500 0.757583
v 0.312500 1.062500 0.625000
v 0.312500 2.562500 0.625000
v 0.257583 1.062500 0.492417
v 0.257583 2.562500 0.492417
v 0.125000 1.062500 0.437500
v 0.125000 2.562500 0.437500
v -0.007582 1.062500 0.492417
v -0.007582 2.562500 0.492417
v -0.062500 1.062500 0.625000
v -0.062500 2.562500 0.625000
v 0.036612 2.671875 0.713388
v 0.000000 2.671875 0.625000
v 0.125000 2.671875 0.750000
v 0.213389 2.671875 0.713388
v 0.250000 2.671875 0.625000
v 0.213389 2.671875 0.536612
v 0.125000 2.671875 0.500000
v 0.036612 2.671875 0.536612
v 0.080806 2.703125 0.669194
v 0.062500 2.703125 0.625000
v 0.125000 2.703125 0.687500
v 0.169194 2.703125 0.669194
v 0.187500 2.703125 0.625000
v 0.169194 2.703125 0.580806
v 0.125000 2.703125 0.562500
v 0.080806 2.703125 0.580806
v 0.125000 2.718750 0.625000
v 0.213388 1.000000 0.536612
v 0.250000 1.000000 0.625000
v 0.213388 1.000000 0.713388
v 0.125000 1.000000 0.750000
v 0.036612 1.000000 0.713388
v 0.000000 1.000000 0.625000
v 0.036612 1.000000 0.536612
v 0.125000 1.000000 0.500000
v 0.125000 1.000000 0.625000
v -1.000000 0.250000 -1.000000
v -0.750000 0.250000 0.750000
v -1.000000 0.250000 0.750000
v -1.000000 0.000000 1.000000
v -0.875000 0.125000 0.750000
v -0.875000 0.000000 0.750000
v -1.000000 0.125000 0.750000
v 1.000000 0.250000 0.750000
v 0.750000 0.250000 0.750000
v 1.000000 0.000000 1.000000
v 0.875000 0.125000 0.750000
v 0.875000 0.000000 0.750000
v 0.750000 0.125000 0.875000
v 0.750000 0.125000 1.000000
v -0.750000 0.125000 0.875000
v -0.750000 0.125000 1.000000
v -0.750000 0.250000 -1.000000
v -1.000000 0.000000 -1.000000
v -1.000000 0.125000 -0.750000
v -0.875000 0.125000 -0.750000
v -0.875000 0.000000 -0.750000
v 0.750000 0.250000 -1.000000
v 1.000000 0.000000 -1.000000
v 0.750000 0.125000 -1.000000
v 0.750000 0.125000 -0.875000
v 0.750000 0.000000 -0.875000
v 1.000000 0.250000 -1.000000
v 0.875000 0.125000 -0.750000
v 0.875000 0.000000 -0.750000
v 1.000000 0.125000 -0.750000
v 1.000000 0.000000 -0.750000
v 1.000000 0.125000 0.750000
v 1.000000 0.000000 0.750000
v -0.750000 0.125000 -1.000000
v -0.750000 0.125000 -0.875000
v -0.750000 0.000000 -0.875000
v -0.750000 0.000000 0.875000
v 0.750000 0.000000 0.875000
v 0.750000 0.000000 -0.750000
v 0.750000 0.000000 -1.000000
v 0.750000 0.000000 1.000000
v 0.750000 0.000000 0.750000
v -1.000000 0.000000 -0.750000
v -1.000000 0.000000 0.750000
v -0.750000 0.000000 -1.000000
v -0.750000 0.000000 -0.750000
v -0.750000 0.000000 0.750000
v -0.750000 0.000000 1.000000
v -1.000000 0.125000 -0.750000
v -0.875000 0.125000 -0.750000
v -0.875000 0.000000 -0.750000
v 0.875000 0.125000 -0.750000
v 1.000000 0.125000 -0.750000
v 1.000000 0.000000 -0.750000
v 1.000000 0.125000 0.750000
v 1.000000 0.000000 0.750000
v -0.875000 0.125000 0.750000
v -0.875000 0.000000 0.750000
v -1.000000 0.125000 0.750000
v 0.875000 0.125000 0.750000
v 0.875000 0.000000 0.750000
v 0.875000 0.000000 -0.750000
v -1.000000 0.000000 0.750000
v -1.000000 0.000000 -0.750000
v 0.750000 0.250000 1.000000
v 1.000000 0.250000 1.000000
v -1.000000 0.250000 1.000000
v -0.750000 0.250000 1.000000
v -1.000000 0.250000 -0.750000
v -0.750000 0.250000 -0.750000
v 0.750000 0.250000 -0.750000
v 1.000000 0.250000 -0.750000
v 0.125000 1.000000 -0.500000
v 0.150888 0.974111 -0.411611
v 0.161612 0.999999 -0.411611
v 0.150888 0.974111 -0.588388
v 0.213389 0.911611 -0.625000
v 0.125000 0.875000 -0.625000
v 0.125000 0.963388 -0.588388
v 0.338389 0.999999 -0.411611
v 0.275889 0.849111 -0.411611
v 0.301777 0.823223 -0.500000
v 0.375000 0.999999 -0.500000
v 0.125000 0.786611 -0.411612
v 0.125000 0.750000 -0.500000
v 0.275889 0.849111 -0.588388
v 0.125000 0.786612 -0.588388
v 0.213389 0.911611 -0.375000
v 0.125000 0.875000 -0.375000
v 0.125000 0.963388 -0.411612
v 0.338389 0.999999 -0.588389
v 0.250000 0.999999 -0.625000
v 0.161612 0.999999 -0.588389
v 0.250000 0.999999 -0.375000
v 0.437500 0.875000 0.250000
v 0.450444 0.862056 0.205806
v 0.455806 0.875000 0.205806
v 0.450444 0.862056 0.294194
v 0.481695 0.830806 0.312500
v 0.437500 0.812500 0.312500
v 0.437500 0.856694 0.294194
v 0.544195 0.875000 0.205806
v 0.512945 0.799556 0.205806
v 0.525888 0.786612 0.250000
v 0.562500 0.875000 0.250000
v 0.437500 0.768306 0.205806
v 0.437500 0.750000 0.250000
v 0.512945 0.799556 0.294194
v 0.437500 0.768306 0.294194
v 0.481695 0.830806 0.187500
v 0.437500 0.812500 0.187500
v 0.437500 0.856694 0.205806
v 0.544195 0.875000 0.294194
v 0.500000 0.875000 0.312500
v 0.455806 0.875000 0.294194
v 0.500000 0.875000 0.187500
v 0.500000 1.000000 0.312500
v 0.455806 1.000000 0.205806
v 0.500000 1.000000 0.187500
v 0.544195 1.000000 0.205806
v 0.544195 1.000000 0.294194
v 0.562500 1.000000 0.250000
v 0.455806 1.000000 0.294194
v 0.437500 1.000000 0.250000
v 0.437500 0.937500 0.562500
v 0.450444 0.893306 0.549556
v 0.437500 0.893306 0.544194
v 0.450444 0.981694 0.549556
v 0.481694 1.000000 0.518306
v 0.500000 1.000000 0.562500
v 0.455806 0.981694 0.562500
v 0.437500 0.893306 0.455806
v 0.512944 0.893306 0.487056
v 0.525888 0.937500 0.474112
v 0.437500 0.937500 0.437500
v 0.544194 0.893306 0.562500
v 0.562500 0.937500 0.562500
v 0.512944 0.981694 0.487056
v 0.544194 0.981694 0.562500
v 0.481694 0.875000 0.518306
v 0.500000 0.875000 0.562500
v 0.455806 0.893306 0.562500
v 0.437501 0.981694 0.455806
v 0.437501 1.000000 0.500000
v 0.437501 0.981694 0.544194
v 0.437500 0.875000 0.500000
v -0.125000 1.000000 0.500000
v -0.125000 0.893306 0.544194
v -0.125000 0.875000 0.500000
v -0.125000 0.893306 0.455806
v -0.125000 0.981694 0.455806
v -0.125000 0.937500 0.437500
v -0.125000 0.981694 0.544194
v -0.125000 0.937500 0.562500
v 0.062500 0.812500 0.562500
v 0.075444 0.768306 0.549556
v 0.062500 0.768306 0.544194
v 0.075444 0.856694 0.549556
v 0.106694 0.875000 0.518306
v 0.125000 0.875000 0.562500
v 0.080806 0.856694 0.562500
v 0.062500 0.768306 0.455806
v 0.137944 0.768306 0.487056
v 0.150888 0.812500 0.474112
v 0.062500 0.812500 0.437500
v 0.169194 0.768306 0.562500
v 0.187500 0.812500 0.562500
v 0.137944 0.856694 0.487056
v 0.169194 0.856694 0.562500
v 0.106694 0.750000 0.518306
v 0.125000 0.750000 0.562500
v 0.080806 0.768306 0.562500
v 0.062500 0.856694 0.455806
v 0.062500 0.875000 0.500000
v 0.062500 0.856694 0.544194
v 0.062500 0.750000 0.500000
v -0.125000 0.875000 0.500000
v -0.125000 0.768306 0.544194
v -0.125000 0.750000 0.500000
v -0.125000 0.768306 0.455806
v -0.125000 0.856694 0.455806
v -0.125000 0.812500 0.437500
v -0.125000 0.856694 0.544194
v -0.125000 0.812500 0.562500
v 0.062500 0.937500 0.312500
v 0.075444 0.981694 0.325444
v 0.062500 0.981694 0.330806
v 0.075444 0.893306 0.325444
v 0.106694 0.875000 0.356694
v 0.125000 0.875000 0.312500
v 0.080806 0.893306 0.312500
v 0.062500 0.981694 0.419194
v 0.137944 0.981694 0.387944
v 0.150888 0.937500 0.400888
v 0.062500 0.937500 0.437500
v 0.169194 0.981694 0.312500
v 0.187500 0.937500 0.312500
v 0.137944 0.893306 0.387944
v 0.169194 0.893306 0.312500
v 0.106694 1.000000 0.356694
v 0.125000 1.000000 0.312500
v 0.080806 0.981694 0.312500
v 0.062500 0.893306 0.419194
v 0.062500 0.875000 0.375000
v 0.062500 0.893306 0.330806
v 0.062501 1.000000 0.375000
v -0.125000 0.875000 0.375000
v -0.125000 0.981694 0.330806
v -0.125000 1.000000 0.375000
v -0.125000 0.981694 0.419194
v -0.125000 0.893306 0.419194
v -0.125000 0.937500 0.437500
v -0.125000 0.893306 0.330806
v -0.125000 0.937500 0.312500
v 0.062500 1.812500 0.312500
v 0.075445 1.856694 0.325444
v 0.062501 1.856694 0.330806
v 0.075444 1.768306 0.325444
v 0.106694 1.750000 0.356694
v 0.125000 1.750000 0.312500
v 0.080806 1.768306 0.312500
v 0.062501 1.856694 0.419194
v 0.137945 1.856694 0.387944
v 0.150889 1.812500 0.400888
v 0.062501 1.812500 0.437500
v 0.169195 1.856694 0.312500
v 0.187500 1.812500 0.312500
v 0.137944 1.768306 0.387944
v 0.169194 1.768306 0.312500
v 0.106695 1.875000 0.356694
v 0.125000 1.875000 0.312500
v 0.080806 1.856694 0.312500
v 0.062501 1.768306 0.419194
v 0.062501 1.750000 0.375000
v 0.062501 1.768306 0.330806
v 0.062501 1.875000 0.375000
v -0.124999 1.750000 0.375000
v -0.124999 1.856694 0.330806
v -0.124999 1.875000 0.375000
v -0.124999 1.856694 0.419194
v -0.124999 1.768306 0.419194
v -0.124999 1.812500 0.437500
v -0.124999 1.768306 0.330806
v -0.125000 1.812500 0.312500
v -0.062500 0.812500 0.312500
v -0.049556 0.856694 0.325444
v -0.062500 0.856694 0.330806
v -0.049556 0.768306 0.325444
v -0.018306 0.750000 0.356694
v 0.000000 0.750000 0.312500
v -0.044194 0.768306 0.312500
v -0.062500 0.856694 0.419194
v 0.012944 0.856694 0.387944
v 0.025888 0.812500 0.400888
v -0.062500 0.812500 0.437500
v 0.044194 0.856694 0.312500
v 0.062500 0.812500 0.312500
v 0.012944 0.768306 0.387944
v 0.044194 0.768306 0.312500
v -0.018306 0.875000 0.356694
v 0.000000 0.875000 0.312500
v -0.044194 0.856694 0.312500
v -0.062500 0.768306 0.419194
v -0.062500 0.750000 0.375000
v -0.062500 0.768306 0.330806
v -0.062500 0.875000 0.375000
v -0.125000 0.750000 0.375000
v -0.125000 0.856694 0.330806
v -0.125000 0.875000 0.375000
v -0.125000 0.856694 0.419194
v -0.125000 0.768306 0.419194
v -0.125000 0.812500 0.437500
v -0.125000 0.768306 0.330806
v -0.125000 0.812500 0.312500
v -0.062500 1.687500 0.312500
v -0.049555 1.731694 0.325444
v -0.062499 1.731694 0.330806
v -0.049555 1.643306 0.325444
v -0.018305 1.625000 0.356694
v 0.000000 1.625000 0.312500
v -0.044194 1.643306 0.312500
v -0.062499 1.731694 0.419194
v 0.012944 1.731694 0.387944
v 0.025888 1.687500 0.400888
v -0.062499 1.687500 0.437500
v 0.044194 1.731694 0.312500
v 0.062500 1.687500 0.312500
v 0.012944 1.643306 0.387944
v 0.044194 1.643306 0.312500
v -0.018305 1.750000 0.356694
v 0.000000 1.750000 0.312500
v -0.044194 1.731694 0.312500
v -0.062499 1.643306 0.419194
v -0.062499 1.625000 0.375000
v -0.062499 1.643306 0.330806
v -0.062499 1.750000 0.375000
v -0.124999 1.625000 0.375000
v -0.124999 1.731694 0.330806
v -0.124999 1.750000 0.375000
v -0.124999 1.731694 0.419194
v -0.124999 1.643306 0.419194
v -0.124999 1.687500 0.437500
v -0.124999 1.643306 0.330806
v -0.125000 1.687500 0.312500
v 0.062500 0.812500 0.312500
v 0.049556 0.856694 0.299556
v 0.062500 0.856694 0.294194
v 0.049556 0.768306 0.299556
v 0.018306 0.750000 0.268306
v 0.000000 0.750000 0.312500
v 0.044194 0.768306 0.312500
v 0.062500 0.856694 0.205806
v -0.012944 0.856694 0.237056
v -0.025888 0.812500 0.224112
v 0.062500 0.812500 0.187500
v -0.044194 0.856694 0.312500
v -0.062500 0.812500 0.312500
v -0.012944 0.768306 0.237056
v -0.044194 0.768306 0.312500
v 0.018306 0.875000 0.268306
v 0.000000 0.875000 0.312500
v 0.044194 0.856694 0.312500
v 0.062500 0.768306 0.205806
v 0.062500 0.750000 0.250000
v 0.062500 0.768306 0.294194
v 0.062500 0.875000 0.250000
v 0.437500 0.750000 0.250000
v 0.437500 0.856694 0.294194
v 0.437500 0.875000 0.250000
v 0.437500 0.856694 0.205806
v 0.437500 0.768306 0.205806
v 0.437500 0.812500 0.187500
v 0.437500 0.768306 0.294194
v 0.437500 0.812500 0.312500
v 0.062500 1.687500 0.312500
v 0.049556 1.731694 0.299556
v 0.062500 1.731694 0.294194
v 0.049556 1.643306 0.299556
v 0.018306 1.625000 0.268306
v 0.000000 1.625000 0.312500
v 0.044194 1.643306 0.312500
v 0.062500 1.731694 0.205806
v -0.012944 1.731694 0.237056
v -0.025888 1.687500 0.224112
v 0.062500 1.687500 0.187500
v -0.044194 1.731694 0.312500
v -0.062500 1.687500 0.312500
v -0.012944 1.643306 0.237056
v -0.044194 1.643306 0.312500
v 0.018306 1.750000 0.268306
v 0.000000 1.750000 0.312500
v 0.044194 1.731694 0.312500
v 0.062500 1.643306 0.205806
v 0.062500 1.625000 0.250000
v 0.062500 1.643306 0.294194
v 0.062500 1.750000 0.250000
v 0.187500 1.625000 0.250000
v 0.187500 1.731694 0.294194
v 0.187500 1.750000 0.250000
v 0.187500 1.731694 0.205806
v 0.187500 1.643306 0.205806
v 0.187500 1.687500 0.187500
v 0.187500 1.643306 0.294194
v 0.187500 1.687500 0.312500
v 0.187500 1.812500 -0.125000
v 0.200445 1.856694 -0.112056
v 0.187501 1.856694 -0.106694
v 0.200444 1.768306 -0.112056
v 0.231694 1.750000 -0.080806
v 0.250000 1.750000 -0.125000
v 0.205806 1.768306 -0.125000
v 0.187501 1.856694 -0.018306
v 0.262945 1.856694 -0.049556
v 0.275888 1.812500 -0.036612
v 0.187501 1.812500 0.000000
v 0.294195 1.856694 -0.125000
v 0.312500 1.812500 -0.125000
v 0.262945 1.768306 -0.049556
v 0.294194 1.768306 -0.125000
v 0.231695 1.875000 -0.080806
v 0.250000 1.875000 -0.125000
v 0.205806 1.856694 -0.125000
v 0.187501 1.768306 -0.018306
v 0.187501 1.750000 -0.062500
v 0.187501 1.768306 -0.106694
v 0.187501 1.875000 -0.062500
v -0.124999 1.750000 -0.062500
v -0.124999 1.856694 -0.106694
v -0.124999 1.875000 -0.062500
v -0.124999 1.856694 -0.018306
v -0.124999 1.768306 -0.018306
v -0.124999 1.812500 0.000000
v -0.124999 1.768306 -0.106694
v -0.125000 1.812500 -0.125000
v 0.205806 1.768306 -0.187500
v 0.250000 1.750000 -0.187500
v 0.294194 1.768306 -0.187500
v 0.312500 1.812500 -0.187500
v 0.294195 1.856694 -0.187500
v 0.187500 1.812500 -0.187500
v 0.205806 1.856694 -0.187500
v 0.250000 1.875000 -0.187500
v 0.125000 2.375000 0.000000
v 0.169195 2.387944 -0.012944
v 0.169195 2.375000 -0.018306
v 0.080806 2.387944 -0.012944
v 0.062500 2.419194 -0.044194
v 0.062500 2.437500 0.000000
v 0.080806 2.393306 0.000000
v 0.169195 2.375000 -0.106694
v 0.169195 2.450444 -0.075444
v 0.125000 2.463388 -0.088388
v 0.125000 2.375000 -0.125000
v 0.169194 2.481694 0.000000
v 0.125000 2.500000 0.000000
v 0.080806 2.450444 -0.075444
v 0.080806 2.481694 0.000000
v 0.187500 2.419194 -0.044194
v 0.187500 2.437500 0.000000
v 0.169194 2.393306 0.000000
v 0.080806 2.375000 -0.106694
v 0.062500 2.375000 -0.062500
v 0.080806 2.375000 -0.018306
v 0.187500 2.375000 -0.062500
v 0.062500 2.000000 -0.062500
v 0.169195 2.000000 -0.018306
v 0.187500 2.000000 -0.062500
v 0.169195 2.000000 -0.106694
v 0.080806 2.000000 -0.106694
v 0.125000 2.000000 -0.125000
v 0.080806 2.000000 -0.018306
v 0.125000 2.000000 0.000000
v 0.080806 2.393306 0.125000
v 0.062500 2.437500 0.125000
v 0.080806 2.481694 0.125000
v 0.125000 2.500000 0.125000
v 0.169194 2.481694 0.125000
v 0.125000 2.375000 0.125000
v 0.169194 2.393306 0.125000
v 0.187500 2.437500 0.125000
v 0.312500 2.375000 -0.062500
v 0.299556 2.387944 -0.106694
v 0.294194 2.375000 -0.106694
v 0.299556 2.387944 -0.018306
v 0.268306 2.419194 0.000000
v 0.312500 2.437500 0.000000
v 0.312500 2.393306 -0.018306
v 0.205806 2.375000 -0.106694
v 0.237056 2.450444 -0.106694
v 0.224112 2.463388 -0.062500
v 0.187500 2.375000 -0.062500
v 0.312500 2.481694 -0.106694
v 0.312500 2.500000 -0.062500
v 0.237056 2.450444 -0.018306
v 0.312500 2.481694 -0.018306
v 0.268306 2.419194 -0.125000
v 0.312500 2.437500 -0.125000
v 0.312500 2.393306 -0.106694
v 0.205806 2.375000 -0.018306
v 0.250000 2.375000 0.000000
v 0.294194 2.375000 -0.018306
v 0.250000 2.375000 -0.125000
v 0.250000 2.125000 0.000000
v 0.294194 2.125000 -0.106694
v 0.250000 2.125000 -0.125000
v 0.205806 2.125000 -0.106694
v 0.205806 2.125000 -0.018306
v 0.187500 2.125000 -0.062500
v 0.294194 2.125000 -0.018306
v 0.312500 2.125000 -0.062500
v 0.437500 2.393306 -0.018306
v 0.437500 2.437500 0.000000
v 0.437500 2.481694 -0.018306
v 0.437500 2.500000 -0.062500
v 0.437500 2.481694 -0.106694
v 0.437500 2.375000 -0.062500
v 0.437500 2.393306 -0.106694
v 0.437500 2.437500 -0.125000
v 0.187500 1.687500 -0.125000
v 0.200444 1.731694 -0.112056
v 0.187501 1.731694 -0.106694
v 0.200444 1.643306 -0.112056
v 0.231694 1.625000 -0.080806
v 0.250000 1.625000 -0.125000
v 0.205806 1.643306 -0.125000
v 0.187501 1.731694 -0.018306
v 0.262945 1.731694 -0.049556
v 0.275888 1.687500 -0.036612
v 0.187501 1.687500 0.000000
v 0.294195 1.731694 -0.125000
v 0.312500 1.687500 -0.125000
v 0.262945 1.643306 -0.049556
v 0.294194 1.643306 -0.125000
v 0.231694 1.750000 -0.080806
v 0.250000 1.750000 -0.125000
v 0.205806 1.731694 -0.125000
v 0.187501 1.643306 -0.018306
v 0.187501 1.625000 -0.062500
v 0.187501 1.643306 -0.106694
v 0.187501 1.750000 -0.062500
v -0.124999 1.625000 -0.062500
v -0.124999 1.731694 -0.106694
v -0.124999 1.750000 -0.062500
v -0.124999 1.731694 -0.018306
v -0.124999 1.643306 -0.018306
v -0.124999 1.687500 0.000000
v -0.124999 1.643306 -0.106694
v -0.125000 1.687500 -0.125000
v 0.205806 1.643306 -0.187500
v 0.250000 1.625000 -0.187500
v 0.294194 1.643306 -0.187500
v 0.312500 1.687500 -0.187500
v 0.294195 1.731694 -0.187500
v 0.187500 1.687500 -0.187500
v 0.205806 1.731694 -0.187500
v 0.250000 1.750000 -0.187500
v 0.312500 1.562500 -0.125000
v 0.299556 1.518306 -0.112056
v 0.312500 1.518306 -0.106694
v 0.299556 1.606694 -0.112056
v 0.268306 1.625000 -0.080806
v 0.250000 1.625000 -0.125000
v 0.294194 1.606694 -0.125000
v 0.312500 1.518306 -0.018306
v 0.237056 1.518306 -0.049556
v 0.224112 1.562500 -0.036612
v 0.312500 1.562500 0.000000
v 0.205806 1.518306 -0.125000
v 0.187500 1.562500 -0.125000
v 0.237056 1.606694 -0.049556
v 0.205806 1.606694 -0.125000
v 0.268306 1.500000 -0.080806
v 0.250000 1.500000 -0.125000
v 0.294194 1.518306 -0.125000
v 0.312500 1.606694 -0.018306
v 0.312500 1.625000 -0.062500
v 0.312500 1.606694 -0.106694
v 0.312500 1.500000 -0.062500
v 0.437500 1.625000 -0.062500
v 0.437500 1.518306 -0.106694
v 0.437500 1.500000 -0.062500
v 0.437500 1.518306 -0.018306
v 0.437500 1.606694 -0.018306
v 0.437500 1.562500 0.000000
v 0.437500 1.606694 -0.106694
v 0.437500 1.562500 -0.125000
v 0.294194 1.606694 -0.187500
v 0.250000 1.625000 -0.187500
v 0.205806 1.606694 -0.187500
v 0.187500 1.562500 -0.187500
v 0.205806 1.518306 -0.187500
v 0.312500 1.562500 -0.187500
v 0.294194 1.518306 -0.187500
v 0.250000 1.500000 -0.187500
v 0.500000 1.000000 0.562500
v 0.455806 0.987056 0.575444
v 0.455806 0.981694 0.562500
v 0.544194 0.987056 0.575444
v 0.562500 0.955806 0.606694
v 0.562500 1.000000 0.625000
v 0.544194 1.000000 0.580806
v 0.455806 0.893306 0.562500
v 0.455806 0.924556 0.637944
v 0.500000 0.911612 0.650888
v 0.500000 0.875000 0.562500
v 0.455806 1.000000 0.669194
v 0.500000 1.000000 0.687500
v 0.544194 0.924556 0.637944
v 0.544194 1.000000 0.669194
v 0.437500 0.955806 0.606694
v 0.437500 1.000000 0.625000
v 0.455806 1.000000 0.580806
v 0.544194 0.893306 0.562500
v 0.562500 0.937500 0.562500
v 0.544194 0.981694 0.562500
v 0.437500 0.937500 0.562500
v 0.125000 0.875000 0.562500
v 0.080806 0.862056 0.575444
v 0.080806 0.856694 0.562500
v 0.169194 0.862056 0.575444
v 0.187500 0.830806 0.606694
v 0.187500 0.875000 0.625000
v 0.169194 0.875000 0.580806
v 0.080806 0.768306 0.562500
v 0.080806 0.799556 0.637944
v 0.125000 0.786612 0.650888
v 0.125000 0.750000 0.562500
v 0.080806 0.875000 0.669194
v 0.125000 0.875000 0.687500
v 0.169194 0.799556 0.637944
v 0.169194 0.875000 0.669194
v 0.062500 0.830806 0.606694
v 0.062500 0.875000 0.625000
v 0.080806 0.875000 0.580806
v 0.169194 0.768306 0.562500
v 0.187500 0.812500 0.562500
v 0.169194 0.856694 0.562500
v 0.062500 0.812500 0.562500
v 0.080806 1.000000 0.580806
v 0.125000 1.000000 0.562500
v 0.169194 1.000000 0.580806
v 0.187500 1.000000 0.625000
v 0.169194 1.000000 0.669194
v 0.125000 1.000000 0.687500
v 0.080806 1.000000 0.669194
v 0.062500 1.000000 0.625000
v 0.125000 1.000000 0.312500
v 0.169194 0.987056 0.299556
v 0.169194 0.981694 0.312500
v 0.080806 0.987056 0.299556
v 0.062500 0.955806 0.268306
v 0.062500 1.000000 0.250000
v 0.080806 1.000000 0.294194
v 0.169194 0.893306 0.312500
v 0.169194 0.924556 0.237056
v 0.125000 0.911612 0.224112
v 0.125000 0.875000 0.312500
v 0.169194 1.000000 0.205806
v 0.125000 1.000000 0.187500
v 0.080806 0.924556 0.237056
v 0.080806 1.000000 0.205806
v 0.187500 0.955806 0.268306
v 0.187500 1.000000 0.250000
v 0.169194 1.000000 0.294194
v 0.080806 0.893306 0.312500
v 0.062500 0.937500 0.312500
v 0.080806 0.981694 0.312500
v 0.187500 0.937500 0.312500
v 0.125000 1.875000 0.312500
v 0.169195 1.862056 0.299556
v 0.169195 1.856694 0.312500
v 0.080806 1.862056 0.299556
v 0.062500 1.830806 0.268306
v 0.062500 1.875000 0.250000
v 0.080806 1.875000 0.294194
v 0.169194 1.768306 0.312500
v 0.169195 1.799556 0.237056
v 0.125000 1.786612 0.224112
v 0.125000 1.750000 0.312500
v 0.169194 1.875000 0.205806
v 0.125000 1.875000 0.187500
v 0.080806 1.799556 0.237056
v 0.080806 1.875000 0.205806
v 0.187500 1.830806 0.268306
v 0.187500 1.875000 0.250000
v 0.169194 1.875000 0.294194
v 0.080806 1.768306 0.312500
v 0.062500 1.812500 0.312500
v 0.080806 1.856694 0.312500
v 0.187500 1.812500 0.312500
v 0.437500 1.875000 0.250000
v 0.450445 1.862056 0.294194
v 0.437501 1.856694 0.294194
v 0.450445 1.862056 0.205806
v 0.481695 1.830806 0.187500
v 0.500000 1.875000 0.187500
v 0.455806 1.875000 0.205806
v 0.437501 1.768306 0.294194
v 0.512945 1.799556 0.294194
v 0.525888 1.786612 0.250000
v 0.437501 1.750000 0.250000
v 0.544195 1.875000 0.294194
v 0.562500 1.875000 0.250000
v 0.512945 1.799556 0.205806
v 0.544194 1.875000 0.205806
v 0.481695 1.830806 0.312500
v 0.500000 1.875000 0.312500
v 0.455806 1.875000 0.294194
v 0.437501 1.768306 0.205806
v 0.437501 1.812500 0.187500
v 0.437501 1.856694 0.205806
v 0.437501 1.812500 0.312500
v 0.187500 2.000000 -0.062500
v 0.174556 1.987056 -0.106694
v 0.187500 1.981694 -0.106694
v 0.174556 1.987056 -0.018306
v 0.143306 1.955806 0.000000
v 0.125000 2.000000 0.000000
v 0.169194 2.000000 -0.018306
v 0.187500 1.893306 -0.106694
v 0.112056 1.924556 -0.106694
v 0.099112 1.911612 -0.062500
v 0.187500 1.875000 -0.062500
v 0.080806 2.000000 -0.106694
v 0.062500 2.000000 -0.062500
v 0.112056 1.924556 -0.018306
v 0.080806 2.000000 -0.018306
v 0.143306 1.955806 -0.125000
v 0.125000 2.000000 -0.125000
v 0.169194 2.000000 -0.106694
v 0.187500 1.893306 -0.018306
v 0.187500 1.937500 0.000000
v 0.187500 1.981694 -0.018306
v 0.187500 1.937500 -0.125000
v 0.250000 2.125000 -0.125000
v 0.205806 2.112056 -0.112056
v 0.205806 2.106694 -0.125000
v 0.294194 2.112056 -0.112056
v 0.312500 2.080806 -0.080806
v 0.312500 2.125000 -0.062500
v 0.294194 2.125000 -0.106694
v 0.205806 2.018306 -0.125000
v 0.205806 2.049556 -0.049556
v 0.250000 2.036612 -0.036612
v 0.250000 2.000000 -0.125000
v 0.205806 2.125000 -0.018306
v 0.250000 2.125000 0.000000
v 0.294194 2.049556 -0.049556
v 0.294194 2.125000 -0.018306
v 0.187500 2.080806 -0.080806
v 0.187500 2.125000 -0.062500
v 0.205806 2.125000 -0.106694
v 0.294195 2.018306 -0.125000
v 0.312500 2.062500 -0.125000
v 0.294195 2.106694 -0.125000
v 0.187500 2.062500 -0.125000
v 0.205806 2.018306 -0.187500
v 0.250000 2.000000 -0.187500
v 0.187500 2.062500 -0.187500
v 0.205806 2.106694 -0.187500
v 0.250000 2.125000 -0.187500
v 0.294195 2.106694 -0.187500
v 0.312500 2.062500 -0.187500
v 0.294195 2.018306 -0.187500
v 0.187500 1.937500 -0.125000
v 0.200444 1.893306 -0.112056
v 0.205806 1.893306 -0.125000
v 0.200444 1.981694 -0.112056
v 0.231695 2.000000 -0.080806
v 0.187500 2.000000 -0.062500
v 0.187500 1.981694 -0.106694
v 0.294195 1.893306 -0.125000
v 0.262945 1.893306 -0.049556
v 0.275889 1.937500 -0.036612
v 0.312500 1.937500 -0.125000
v 0.187500 1.893306 -0.018306
v 0.187500 1.937500 0.000000
v 0.262945 1.981694 -0.049556
v 0.187500 1.981694 -0.018306
v 0.231695 1.875000 -0.080806
v 0.187500 1.875000 -0.062500
v 0.187500 1.893306 -0.106694
v 0.294195 1.981694 -0.125000
v 0.250000 2.000000 -0.125000
v 0.205806 1.981694 -0.125000
v 0.250000 1.875000 -0.125000
v 0.250000 1.875000 -0.187500
v 0.294195 1.893306 -0.187500
v 0.312500 1.937500 -0.187500
v 0.294195 1.981694 -0.187500
v 0.250000 2.000000 -0.187500
v 0.205806 1.981694 -0.187500
v 0.187500 1.937500 -0.187500
v 0.205806 1.893306 -0.187500
v 0.437500 1.562500 0.000000
v 0.450445 1.518306 -0.012944
v 0.437501 1.518306 -0.018306
v 0.450445 1.606694 -0.012944
v 0.481695 1.625000 -0.044194
v 0.500000 1.625000 0.000000
v 0.455806 1.606694 0.000000
v 0.437501 1.518306 -0.106694
v 0.512944 1.518306 -0.075444
v 0.525888 1.562500 -0.088388
v 0.437501 1.562500 -0.125000
v 0.544195 1.518306 0.000000
v 0.562500 1.562500 0.000000
v 0.512945 1.606694 -0.075444
v 0.544194 1.606694 0.000000
v 0.481694 1.500000 -0.044194
v 0.500000 1.500000 0.000000
v 0.455806 1.518306 0.000000
v 0.437501 1.606694 -0.106694
v 0.437501 1.625000 -0.062500
v 0.437501 1.606694 -0.018306
v 0.437501 1.500000 -0.062500
v 0.544195 1.518306 0.125000
v 0.500000 1.500000 0.125000
v 0.455806 1.518306 0.125000
v 0.437500 1.562500 0.125000
v 0.562500 1.562500 0.125000
v 0.544194 1.606694 0.125000
v 0.500000 1.625000 0.125000
v 0.455806 1.606694 0.125000
v 0.437500 2.437500 0.000000
v 0.450445 2.393306 -0.012944
v 0.437501 2.393306 -0.018306
v 0.450445 2.481694 -0.012944
v 0.481695 2.500000 -0.044194
v 0.500000 2.500000 0.000000
v 0.455806 2.481694 0.000000
v 0.437501 2.393306 -0.106694
v 0.512945 2.393306 -0.075444
v 0.525889 2.437500 -0.088388
v 0.437501 2.437500 -0.125000
v 0.544195 2.393306 0.000000
v 0.562500 2.437500 0.000000
v 0.512945 2.481694 -0.075444
v 0.544194 2.481694 0.000000
v 0.481695 2.375000 -0.044194
v 0.500000 2.375000 0.000000
v 0.455806 2.393306 0.000000
v 0.437501 2.481694 -0.106694
v 0.437501 2.500000 -0.062500
v 0.437501 2.481694 -0.018306
v 0.437501 2.375000 -0.062500
v 0.544195 2.393306 0.125000
v 0.500000 2.375000 0.125000
v 0.455806 2.393306 0.125000
v 0.437500 2.437500 0.125000
v 0.562500 2.437500 0.125000
v 0.544194 2.481694 0.125000
v 0.500000 2.500000 0.125000
v 0.455806 2.481694 0.125000
v 0.187500 1.750000 0.250000
v 0.200444 1.737056 0.205806
v 0.205806 1.750000 0.205806
v 0.200444 1.737056 0.294194
v 0.231695 1.705806 0.312500
v 0.187500 1.687500 0.312500
v 0.187500 1.731694 0.294194
v 0.294195 1.750000 0.205806
v 0.262945 1.674556 0.205806
v 0.275889 1.661612 0.250000
v 0.312500 1.750000 0.250000
v 0.187500 1.643306 0.205806
v 0.187500 1.625000 0.250000
v 0.262945 1.674556 0.294194
v 0.187500 1.643306 0.294194
v 0.231695 1.705806 0.187500
v 0.187500 1.687500 0.187500
v 0.187500 1.731694 0.205806
v 0.294195 1.750000 0.294194
v 0.250000 1.750000 0.312500
v 0.205806 1.750000 0.294194
v 0.250000 1.750000 0.187500
v 0.312500 1.750000 0.250000
v 0.299556 1.762944 0.205806
v 0.294194 1.750000 0.205806
v 0.299556 1.762944 0.294194
v 0.268306 1.794194 0.312500
v 0.312500 1.812500 0.312500
v 0.312500 1.768306 0.294194
v 0.205806 1.750000 0.205806
v 0.237056 1.825444 0.205806
v 0.224112 1.838388 0.250000
v 0.187500 1.750000 0.250000
v 0.312500 1.856694 0.205806
v 0.312500 1.875000 0.250000
v 0.237056 1.825444 0.294194
v 0.312500 1.856694 0.294194
v 0.268306 1.794194 0.187500
v 0.312500 1.812500 0.187500
v 0.312500 1.768306 0.205806
v 0.205806 1.750000 0.294194
v 0.250000 1.750000 0.312500
v 0.294194 1.750000 0.294194
v 0.250000 1.750000 0.187500
v 0.437500 1.875000 0.250000
v 0.437500 1.856694 0.205806
v 0.437500 1.768306 0.205806
v 0.437500 1.750000 0.250000
v 0.437500 1.812500 0.187500
v 0.437500 1.856694 0.294194
v 0.437500 1.812500 0.312500
v 0.437500 1.768306 0.294194
v -0.125000 0.963389 -0.411612
v 0.125000 0.963388 -0.411611
v 0.125000 1.000000 -0.500000
v -0.125000 1.000000 -0.500000
v -0.125000 0.875000 -0.375000
v 0.125000 0.875000 -0.375000
v -0.125000 0.786612 -0.411612
v 0.125000 0.786611 -0.411611
v -0.125000 0.786612 -0.588388
v 0.125000 0.786611 -0.588388
v 0.125000 0.750000 -0.500000
v -0.125000 0.750000 -0.500000
v -0.125000 0.875000 -0.625000
v 0.125000 0.875000 -0.625000
v -0.125000 0.963388 -0.588388
v 0.125000 0.963388 -0.588388
v 0.338389 1.125000 -0.411612
v 0.338388 1.000000 -0.411611
v 0.375000 1.000000 -0.500000
v 0.375000 1.125000 -0.500000
v 0.250000 1.125000 -0.375000
v 0.250000 1.000000 -0.375000
v 0.161612 1.125000 -0.411612
v 0.161611 1.000000 -0.411611
v 0.161612 1.125000 -0.588388
v 0.161611 1.000000 -0.588388
v 0.125000 1.000000 -0.500000
v 0.125000 1.125000 -0.500000
v 0.250000 1.125000 -0.625000
v 0.250000 1.000000 -0.625000
v 0.338388 1.125000 -0.588388
v 0.338388 1.000000 -0.588388
v 0.169195 1.687500 0.294194
v 0.169194 1.625000 0.294194
v 0.187500 1.625000 0.250000
v 0.187500 1.687500 0.250000
v 0.125000 1.687500 0.312500
v 0.125000 1.625000 0.312500
v 0.080806 1.687500 0.294194
v 0.080806 1.625000 0.294194
v 0.080806 1.687500 0.205806
v 0.080806 1.625000 0.205806
v 0.062500 1.625000 0.250000
v 0.062500 1.687500 0.250000
v 0.125000 1.687500 0.187500
v 0.125000 1.625000 0.187500
v 0.169194 1.687500 0.205806
v 0.169194 1.625000 0.205806
vn 1.0000 -0.0000 -0.0000
vn -1.0000 -0.0000 -0.0000
vn -0.0000 0.7071 -0.7071
vn -0.0000 -0.0000 -1.0000
vn -0.0000 1.0000 -0.0000
vn -0.0000 0.7071 0.7071
vn -0.3827 -0.0000 -0.9239
vn -0.9239 -0.0000 -0.3827
vn -0.0000 -1.0000 -0.0000
vn -0.9239 -0.0000 0.3827
vn -0.3827 -0.0000 0.9239
vn 0.3827 -0.0000 -0.9239
vn -0.0000 -0.0000 1.0000
vn 0.9239 -0.0000 0.3827
vn 0.3827 -0.0000 0.9239
vn 0.9239 -0.0000 -0.3827
vn -0.0000 -0.7071 -0.7071
vn -0.0000 0.8944 0.4472
vn 0.8944 -0.0000 0.4472
vn -0.0000 -0.8944 0.4472
vn -0.8944 -0.0000 0.4472
vn 0.3384 0.4669 0.8170
vn 0.8170 0.4669 0.3384
vn 0.8170 0.4669 -0.3384
vn 0.3384 0.4669 -0.8170
vn -0.3384 0.4669 -0.8170
vn -0.8170 0.4669 -0.3384
vn -0.8170 0.4669 0.3384
vn -0.3384 0.4669 0.8170
vn 0.1821 0.8795 0.4397
vn 0.4397 0.8795 0.1821
vn 0.4397 0.8795 -0.1821
vn 0.1821 0.8795 -0.4397
vn -0.1821 0.8795 -0.4397
vn -0.4397 0.8795 -0.1821
vn -0.4397 0.8795 0.1821
vn -0.1821 0.8795 0.4397
vn 0.1000 0.9653 0.2413
vn 0.2413 0.9653 0.1000
vn 0.2413 0.9653 -0.1000
vn 0.1000 0.9653 -0.2413
vn -0.1000 0.9653 -0.2413
vn -0.2413 0.9653 -0.1000
vn -0.2413 0.9653 0.1000
vn -0.1000 0.9653 0.2413
vn -0.2811 -0.6786 -0.6786
vn 0.2811 -0.6786 -0.6786
vn 0.6786 -0.6786 -0.2811
vn 0.6786 -0.6786 0.2811
vn 0.2811 -0.6786 0.6786
vn -0.2811 -0.6786 0.6786
vn -0.6786 -0.6786 0.2811
vn -0.6786 -0.6786 -0.2811
vn -0.6786 0.6786 0.2811
vn -0.2811 0.6786 0.6786
vn 0.2811 0.6786 0.6786
vn 0.6786 0.6786 0.2811
vn 0.6786 0.6786 -0.2811
vn 0.2811 0.6786 -0.6786
vn -0.2811 0.6786 -0.6786
vn -0.6786 0.6786 -0.2811
vn 0.3574 0.3574 0.8628
vn -0.9125 0.3780 0.1566
vn 0.3574 -0.3574 -0.8629
vn 0.3574 -0.8629 -0.3574
vn -0.9125 -0.3780 -0.1566
vn 0.9125 -0.3780 -0.1566
vn 0.9125 0.3780 0.1566
vn -0.3574 0.8629 0.3574
vn -0.3574 -0.8629 -0.3574
vn -0.9125 -0.1566 -0.3780
vn -0.3574 0.3574 0.8628
vn 0.9125 0.1566 0.3779
vn 0.9125 0.1566 0.3780
vn 0.9125 -0.1566 -0.3780
vn -0.3574 -0.3574 -0.8629
vn -0.9125 0.1566 0.3780
vn -0.9125 0.1565 0.3780
vn 0.3574 0.8628 0.3574
vn 0.3574 0.8629 0.3574
vn -0.9125 0.1566 0.3779
vn 0.9125 0.1565 0.3780
vn -0.3574 0.8628 0.3574
vn 0.8628 -0.3574 0.3574
vn 0.1566 0.9125 0.3780
vn -0.8629 -0.3574 -0.3574
vn -0.1566 0.9125 -0.3780
vn -0.1566 -0.9125 -0.3780
vn 0.1566 -0.9125 0.3780
vn 0.3574 0.3574 0.8629
vn -0.3574 0.3574 -0.8629
vn -0.3780 0.9125 -0.1566
vn 0.8628 0.3574 0.3574
vn 0.3780 -0.9125 0.1566
vn -0.3780 -0.9125 -0.1566
vn -0.8629 0.3574 -0.3574
vn 0.3780 0.9125 0.1566
vn 0.3780 0.9125 0.1565
vn 0.3574 -0.3574 0.8628
vn 0.3827 0.9239 -0.0000
vn 0.9239 -0.3827 -0.0000
vn 0.3827 -0.9239 -0.0000
vn -0.3827 -0.9239 -0.0000
vn -0.9239 0.3827 -0.0000
vn -0.9239 -0.3827 -0.0000
vn -0.3827 0.9239 -0.0000
vn 0.9239 0.3827 -0.0000
vn 0.3779 -0.9125 0.1566
vn -0.8628 0.3574 0.3574
vn -0.1566 -0.9125 0.3780
vn 0.8629 0.3574 -0.3574
vn 0.3574 0.3574 -0.8629
vn 0.1566 -0.9125 -0.3780
vn 0.1566 0.9125 -0.3780
vn -0.1566 0.9125 0.3780
vn -0.3574 -0.3574 0.8629
vn 0.3780 -0.9125 -0.1566
vn -0.8628 -0.3574 0.3574
vn -0.3780 0.9125 0.1566
vn -0.3779 0.9125 0.1566
vn 0.3780 0.9125 -0.1566
vn 0.8629 -0.3574 -0.3574
vn -0.3780 -0.9125 0.1566
vn -0.3780 -0.9125 0.1565
vn 0.8628 0.3574 -0.3574
vn -0.8629 0.3574 0.3574
vn -0.3574 0.3574 0.8629
vn 0.8628 -0.3574 -0.3574
vn 0.3779 0.9125 -0.1566
vn -0.8629 -0.3574 0.3574
vn 0.3780 -0.9125 -0.1565
vn 0.3574 0.3574 -0.8628
vn -0.0000 -0.9239 0.3827
vn -0.0000 -0.9239 -0.3827
vn -0.0000 -0.3827 -0.9239
vn -0.0000 0.3827 -0.9239
vn -0.0000 -0.3827 0.9239
vn -0.0000 0.3827 0.9239
vn -0.0000 0.9239 0.3827
vn -0.0000 0.9239 -0.3827
vn 0.1566 -0.3780 0.9125
vn -0.3574 0.8629 -0.3574
vn -0.1566 0.3780 0.9125
vn -0.1566 0.3780 -0.9125
vn 0.1566 -0.3780 -0.9125
vn 0.3574 -0.8629 0.3574
vn -0.3780 0.1566 0.9125
vn 0.3780 -0.1566 -0.9125
vn 0.3779 -0.1566 -0.9125
vn -0.3780 0.1566 -0.9125
vn 0.3780 -0.1566 0.9125
vn 0.3780 -0.1565 0.9125
vn -0.3574 -0.3574 -0.8628
vn 0.3574 -0.3574 -0.8628
vn -0.9125 -0.1566 -0.3779
vn 0.9125 -0.1565 -0.3780
vn -0.8628 -0.3574 -0.3574
vn 0.8629 -0.3574 0.3574
vn 0.3574 -0.3574 0.8629
vn -0.8628 0.3574 -0.3574
vn -0.3779 -0.9125 -0.1566
vn -0.3780 -0.9125 -0.1565
vn 0.8629 0.3574 0.3574
vn -0.3780 0.9125 -0.1565
vn -0.3574 0.8628 -0.3574
vn -0.1566 0.3779 0.9125
vn -0.1565 0.3780 -0.9125
vn 0.3574 0.8628 -0.3574
vn 0.3780 0.1566 0.9125
vn -0.3780 -0.1566 0.9125
vn -0.3780 -0.1566 -0.9125
vn 0.3780 0.1566 -0.9125
vn -0.1566 -0.3780 0.9125
vn 0.1566 0.3780 -0.9125
vn 0.1566 0.3779 -0.9125
vn -0.1566 -0.3780 -0.9125
vn -0.3574 -0.8629 0.3574
vn 0.1566 0.3780 0.9125
vn 0.1565 0.3780 0.9125
vn 0.9125 0.3779 0.1566
vn -0.9125 0.3780 0.1565
vn 0.9125 0.1566 -0.3780
vn 0.9125 -0.1566 0.3780
vn -0.9125 -0.1566 0.3780
vn -0.9125 0.1566 -0.3780
vn 0.9125 -0.3780 0.1566
vn 0.3574 0.8629 -0.3574
vn -0.9125 0.3780 -0.1566
vn -0.9125 -0.3780 0.1566
vn 0.9125 0.3780 -0.1566
vn 0.9125 0.3780 -0.1565
vn -0.3574 0.3574 -0.8628
vn -0.3574 -0.3574 0.8628
vn -0.1566 -0.9125 0.3779
vn -0.1565 0.9125 0.3780
vn -0.3574 -0.8628 -0.3574
vt 0.343750 0.507812
vt 0.335938 0.515625
vt 0.335938 0.281250
vt 0.343750 0.281250
vt 0.367188 0.281250
vt 0.367188 0.515625
vt 0.359375 0.507812
vt 0.359375 0.281250
vt 0.359375 0.515625
vt 0.343750 0.515625
vt 0.390625 0.375000
vt 0.390625 0.281250
vt 0.375000 0.281250
vt 0.375000 0.375000
vt 0.390625 0.382812
vt 0.375000 0.382812
vt 0.367188 0.382812
vt 0.398438 0.281250
vt 0.398438 0.382812
vt 0.429688 0.585938
vt 0.429688 0.562500
vt 0.445312 0.562500
vt 0.445312 0.585938
vt 0.429688 0.539062
vt 0.445312 0.539062
vt 0.453125 0.583008
vt 0.453125 0.565430
vt 0.421875 0.559570
vt 0.421875 0.541992
vt 0.421875 0.583008
vt 0.421875 0.565430
vt 0.453125 0.559570
vt 0.453125 0.541992
vt 0.429688 0.492188
vt 0.429688 0.468750
vt 0.445312 0.468750
vt 0.445312 0.492188
vt 0.429688 0.445312
vt 0.445312 0.445312
vt 0.421875 0.489258
vt 0.421875 0.471680
vt 0.421875 0.465820
vt 0.421875 0.448242
vt 0.453125 0.489258
vt 0.453125 0.471680
vt 0.453125 0.465820
vt 0.453125 0.448242
vt 0.421875 0.445312
vt 0.421875 0.398438
vt 0.429688 0.398438
vt 0.445312 0.398438
vt 0.453125 0.398438
vt 0.453125 0.445312
vt 0.468750 0.398438
vt 0.468750 0.445312
vt 0.429688 0.679688
vt 0.429688 0.726562
vt 0.421875 0.726562
vt 0.421875 0.679688
vt 0.453125 0.492188
vt 0.453125 0.539062
vt 0.468750 0.492188
vt 0.468750 0.539062
vt 0.429688 0.656250
vt 0.429688 0.632812
vt 0.445312 0.632812
vt 0.445312 0.656250
vt 0.421875 0.635742
vt 0.421875 0.653320
vt 0.421875 0.659180
vt 0.421875 0.676758
vt 0.453125 0.635742
vt 0.453125 0.653320
vt 0.421875 0.632812
vt 0.421875 0.585938
vt 0.453125 0.585938
vt 0.453125 0.632812
vt 0.468750 0.632812
vt 0.468750 0.585938
vt 0.421875 0.539062
vt 0.421875 0.492188
vt 0.445312 0.679688
vt 0.445312 0.726562
vt 0.453125 0.679688
vt 0.453125 0.726562
vt 0.468750 0.679688
vt 0.468750 0.726562
vt 0.429688 0.750000
vt 0.445312 0.750000
vt 0.429688 0.773438
vt 0.445312 0.773438
vt 0.421875 0.752930
vt 0.421875 0.770508
vt 0.421875 0.729492
vt 0.421875 0.747070
vt 0.453125 0.729492
vt 0.453125 0.747070
vt 0.453125 0.752930
vt 0.453125 0.770508
vt 0.453125 0.659180
vt 0.453125 0.676758
vt 0.375000 0.804688
vt 0.367188 0.804688
vt 0.367188 0.562500
vt 0.375000 0.562500
vt 0.398438 0.562500
vt 0.398438 0.804688
vt 0.390625 0.804688
vt 0.390625 0.562500
vt 0.375000 0.812500
vt 0.390625 0.812500
vt 0.414062 0.562500
vt 0.414062 0.804688
vt 0.367188 0.460938
vt 0.375000 0.453125
vt 0.398438 0.460938
vt 0.390625 0.453125
vt 0.390625 0.460938
vt 0.375000 0.460938
vt 0.312500 1.000000
vt 0.234375 1.000000
vt 0.234375 0.828125
vt 0.312500 0.828125
vt 0.156250 0.828125
vt 0.156250 1.000000
vt 0.078125 1.000000
vt 0.078125 0.828125
vt 0.312500 0.921875
vt 0.390625 0.921875
vt 0.390625 1.000000
vt 0.390625 0.828125
vt 0.390625 0.906250
vt 0.312500 0.906250
vt 0.000000 1.000000
vt 0.000000 0.828125
vt 0.257812 0.046875
vt 0.257812 0.078125
vt 0.242188 0.078125
vt 0.242188 0.046875
vt 0.398438 0.000000
vt 0.257812 0.000000
vt 0.257812 0.031250
vt 0.398438 0.031250
vt 0.398438 0.046875
vt 0.398438 0.078125
vt 0.398438 0.093750
vt 0.257812 0.093750
vt 0.601562 0.453125
vt 0.593750 0.453125
vt 0.593750 0.406250
vt 0.601562 0.406250
vt 0.546875 0.406250
vt 0.546875 0.453125
vt 0.539062 0.453125
vt 0.539062 0.406250
vt 0.593750 0.460938
vt 0.546875 0.460938
vt 0.593750 0.398438
vt 0.546875 0.398438
vt 0.531250 0.453125
vt 0.531250 0.406250
vt 0.484375 0.406250
vt 0.484375 0.453125
vt 0.476562 0.453125
vt 0.476562 0.406250
vt 0.531250 0.460938
vt 0.484375 0.460938
vt 0.531250 0.398438
vt 0.484375 0.398438
vt 0.539062 0.515625
vt 0.531250 0.515625
vt 0.531250 0.468750
vt 0.539062 0.468750
vt 0.484375 0.468750
vt 0.484375 0.515625
vt 0.476562 0.515625
vt 0.476562 0.468750
vt 0.531250 0.523438
vt 0.484375 0.523438
vt 0.601562 0.515625
vt 0.593750 0.515625
vt 0.593750 0.468750
vt 0.601562 0.468750
vt 0.546875 0.468750
vt 0.546875 0.515625
vt 0.593750 0.523438
vt 0.546875 0.523438
vt 0.617188 0.390625
vt 0.398438 0.390625
vt 0.617188 0.281250
vt 0.617188 0.171875
vt 0.398438 0.171875
vt 0.585938 0.078125
vt 0.539062 0.078125
vt 0.539062 0.031250
vt 0.585938 0.031250
vt 0.585938 0.156250
vt 0.585938 0.125000
vt 0.617188 0.109375
vt 0.585938 0.093750
vt 0.539062 0.093750
vt 0.546875 0.109375
vt 0.578125 0.109375
vt 0.523438 0.031250
vt 0.523438 0.078125
vt 0.507812 0.070312
vt 0.507812 0.039062
vt 0.539062 0.015625
vt 0.585938 0.015625
vt 0.578125 0.000000
vt 0.546875 0.000000
vt 0.601562 0.078125
vt 0.601562 0.031250
vt 0.617188 0.039062
vt 0.617188 0.070312
vt 0.398438 0.109375
vt 0.429688 0.125000
vt 0.429688 0.156250
vt 0.429688 0.031250
vt 0.476562 0.031250
vt 0.476562 0.078125
vt 0.429688 0.078125
vt 0.460938 0.125000
vt 0.554688 0.125000
vt 0.554688 0.156250
vt 0.460938 0.156250
vt 0.429688 0.015625
vt 0.476562 0.015625
vt 0.468750 0.000000
vt 0.437500 0.000000
vt 0.492188 0.078125
vt 0.492188 0.031250
vt 0.476562 0.093750
vt 0.429688 0.093750
vt 0.437500 0.109375
vt 0.468750 0.109375
vt 0.414062 0.031250
vt 0.414062 0.078125
vt 0.398438 0.070312
vt 0.398438 0.039062
vt 0.335938 0.171875
vt 0.679688 0.281250
vt 0.679688 0.171875
vt 0.335938 0.828125
vt 0.234375 0.515625
vt 0.335938 0.101562
vt 0.335938 0.414062
vt 0.234375 0.414062
vt 0.234375 0.101562
vt 0.000000 0.414062
vt 0.000000 0.515625
vt 0.234375 0.000000
vt 0.000000 0.000000
vt 0.000000 0.101562
vt 0.906250 0.453125
vt 0.901674 0.464174
vt 0.890625 0.453125
vt 0.953125 0.476562
vt 0.968750 0.476562
vt 0.968750 0.554688
vt 0.953125 0.554688
vt 0.901674 0.442076
vt 0.984375 0.476562
vt 0.984375 0.554688
vt 0.890625 0.437500
vt 1.000000 0.476562
vt 1.000000 0.554688
vt 0.879576 0.442076
vt 0.875000 0.476562
vt 0.890625 0.476562
vt 0.890625 0.554688
vt 0.875000 0.554688
vt 0.875000 0.453125
vt 0.906250 0.476562
vt 0.906250 0.554688
vt 0.879576 0.464174
vt 0.921875 0.476562
vt 0.921875 0.554688
vt 0.890625 0.468750
vt 0.937500 0.476562
vt 0.937500 0.554688
vt 0.950521 0.570312
vt 0.940104 0.570312
vt 0.966146 0.570312
vt 0.955729 0.570312
vt 0.981771 0.570312
vt 0.971354 0.570312
vt 0.997396 0.570312
vt 0.986979 0.570312
vt 0.888021 0.570312
vt 0.877604 0.570312
vt 0.903646 0.570312
vt 0.893229 0.570312
vt 0.919271 0.570312
vt 0.908854 0.570312
vt 0.934896 0.570312
vt 0.924479 0.570312
vt 0.950516 0.570312
vt 0.947918 0.578125
vt 0.942723 0.578125
vt 0.940125 0.570312
vt 0.966141 0.570312
vt 0.963543 0.578125
vt 0.958348 0.578125
vt 0.955750 0.570312
vt 0.981766 0.570312
vt 0.979168 0.578125
vt 0.973973 0.578125
vt 0.971375 0.570312
vt 0.997391 0.570312
vt 0.994793 0.578125
vt 0.989597 0.578125
vt 0.987000 0.570312
vt 0.888016 0.570312
vt 0.885418 0.578125
vt 0.880222 0.578125
vt 0.877625 0.570312
vt 0.903641 0.570312
vt 0.901043 0.578125
vt 0.895848 0.578125
vt 0.893250 0.570312
vt 0.919266 0.570312
vt 0.916668 0.578125
vt 0.911473 0.578125
vt 0.908875 0.570312
vt 0.934891 0.570312
vt 0.932293 0.578125
vt 0.927098 0.578125
vt 0.924500 0.570312
vt 0.947891 0.578125
vt 0.945312 0.585938
vt 0.942734 0.578125
vt 0.963516 0.578125
vt 0.960938 0.585938
vt 0.958359 0.578125
vt 0.979141 0.578125
vt 0.976562 0.585938
vt 0.973984 0.578125
vt 0.994766 0.578125
vt 0.992188 0.585938
vt 0.989609 0.578125
vt 0.885391 0.578125
vt 0.882812 0.585938
vt 0.880234 0.578125
vt 0.901016 0.578125
vt 0.898438 0.585938
vt 0.895859 0.578125
vt 0.916641 0.578125
vt 0.914062 0.585938
vt 0.911484 0.578125
vt 0.932266 0.578125
vt 0.929688 0.585938
vt 0.927109 0.578125
vt 0.877604 0.468750
vt 0.888021 0.468750
vt 0.986979 0.468750
vt 0.997396 0.468750
vt 0.971354 0.468750
vt 0.981771 0.468750
vt 0.955729 0.468750
vt 0.966146 0.468750
vt 0.940104 0.468750
vt 0.950521 0.468750
vt 0.924479 0.468750
vt 0.934896 0.468750
vt 0.908854 0.468750
vt 0.919271 0.468750
vt 0.893229 0.468750
vt 0.903646 0.468750
vt 0.781250 0.453125
vt 0.776674 0.464174
vt 0.765625 0.453125
vt 0.828125 0.476562
vt 0.843750 0.476562
vt 0.843750 0.554688
vt 0.828125 0.554688
vt 0.776674 0.442076
vt 0.859375 0.476562
vt 0.859375 0.554688
vt 0.765625 0.437500
vt 0.754576 0.442076
vt 0.750000 0.476562
vt 0.765625 0.476562
vt 0.765625 0.554688
vt 0.750000 0.554688
vt 0.750000 0.453125
vt 0.781250 0.476562
vt 0.781250 0.554688
vt 0.754576 0.464174
vt 0.796875 0.476562
vt 0.796875 0.554688
vt 0.765625 0.468750
vt 0.812500 0.476562
vt 0.812500 0.554688
vt 0.825521 0.570312
vt 0.815104 0.570312
vt 0.841146 0.570312
vt 0.830729 0.570312
vt 0.856771 0.570312
vt 0.846354 0.570312
vt 0.872396 0.570312
vt 0.861979 0.570312
vt 0.763021 0.570312
vt 0.752604 0.570312
vt 0.778646 0.570312
vt 0.768229 0.570312
vt 0.794271 0.570312
vt 0.783854 0.570312
vt 0.809896 0.570312
vt 0.799479 0.570312
vt 0.825516 0.570312
vt 0.822918 0.578125
vt 0.817723 0.578125
vt 0.815125 0.570312
vt 0.841141 0.570312
vt 0.838543 0.578125
vt 0.833348 0.578125
vt 0.830750 0.570312
vt 0.856766 0.570312
vt 0.854168 0.578125
vt 0.848973 0.578125
vt 0.846375 0.570312
vt 0.872391 0.570312
vt 0.869793 0.578125
vt 0.864597 0.578125
vt 0.862000 0.570312
vt 0.763016 0.570312
vt 0.760418 0.578125
vt 0.755222 0.578125
vt 0.752625 0.570312
vt 0.778641 0.570312
vt 0.776043 0.578125
vt 0.770848 0.578125
vt 0.768250 0.570312
vt 0.794266 0.570312
vt 0.791668 0.578125
vt 0.786473 0.578125
vt 0.783875 0.570312
vt 0.809891 0.570312
vt 0.807293 0.578125
vt 0.802098 0.578125
vt 0.799500 0.570312
vt 0.822891 0.578125
vt 0.820312 0.585938
vt 0.817734 0.578125
vt 0.838516 0.578125
vt 0.835938 0.585938
vt 0.833359 0.578125
vt 0.854141 0.578125
vt 0.851562 0.585938
vt 0.848984 0.578125
vt 0.869766 0.578125
vt 0.867188 0.585938
vt 0.864609 0.578125
vt 0.760391 0.578125
vt 0.757812 0.585938
vt 0.755234 0.578125
vt 0.776016 0.578125
vt 0.773438 0.585938
vt 0.770859 0.578125
vt 0.791641 0.578125
vt 0.789062 0.585938
vt 0.786484 0.578125
vt 0.807266 0.578125
vt 0.804688 0.585938
vt 0.802109 0.578125
vt 0.752604 0.468750
vt 0.763021 0.468750
vt 0.861979 0.468750
vt 0.872396 0.468750
vt 0.846354 0.468750
vt 0.856771 0.468750
vt 0.830729 0.468750
vt 0.841146 0.468750
vt 0.815104 0.468750
vt 0.825521 0.468750
vt 0.799479 0.468750
vt 0.809896 0.468750
vt 0.783854 0.468750
vt 0.794271 0.468750
vt 0.768229 0.468750
vt 0.778646 0.468750
vt 0.906250 0.601562
vt 0.901674 0.590514
vt 0.890625 0.601562
vt 0.953125 0.625000
vt 0.968750 0.625000
vt 0.968750 0.703125
vt 0.953125 0.703125
vt 0.901674 0.612611
vt 0.984375 0.625000
vt 0.984375 0.703125
vt 0.890625 0.617188
vt 1.000000 0.625000
vt 1.000000 0.703125
vt 0.879576 0.612611
vt 0.875000 0.625000
vt 0.890625 0.625000
vt 0.890625 0.703125
vt 0.875000 0.703125
vt 0.875000 0.601562
vt 0.906250 0.625000
vt 0.906250 0.703125
vt 0.879576 0.590514
vt 0.921875 0.625000
vt 0.921875 0.703125
vt 0.890625 0.585938
vt 0.937500 0.625000
vt 0.937500 0.703125
vt 0.877604 0.617188
vt 0.888021 0.617188
vt 0.986979 0.617188
vt 0.997396 0.617188
vt 0.971354 0.617188
vt 0.981771 0.617188
vt 0.955729 0.617188
vt 0.966146 0.617188
vt 0.940104 0.617188
vt 0.950521 0.617188
vt 0.924479 0.617188
vt 0.934896 0.617188
vt 0.908854 0.617188
vt 0.919271 0.617188
vt 0.893229 0.617188
vt 0.903646 0.617188
vt 0.890625 0.710938
vt 0.890625 0.726562
vt 0.879576 0.715514
vt 0.875000 0.726562
vt 0.901674 0.715514
vt 0.906250 0.726562
vt 0.901674 0.737611
vt 0.890625 0.742188
vt 0.879576 0.737611
vt 0.919271 0.710938
vt 0.908854 0.710938
vt 0.934896 0.710938
vt 0.924479 0.710938
vt 0.950521 0.710938
vt 0.940104 0.710938
vt 0.966146 0.710938
vt 0.955729 0.710938
vt 0.981771 0.710938
vt 0.971354 0.710938
vt 0.997396 0.710938
vt 0.986979 0.710938
vt 0.888021 0.710938
vt 0.877604 0.710938
vt 0.903646 0.710938
vt 0.893229 0.710938
vt 0.781250 0.617188
vt 0.776674 0.606139
vt 0.765625 0.617188
vt 0.828125 0.640625
vt 0.843750 0.640625
vt 0.843750 0.703125
vt 0.828125 0.703125
vt 0.776674 0.628236
vt 0.859375 0.640625
vt 0.859375 0.703125
vt 0.765625 0.632812
vt 0.875000 0.640625
vt 0.754576 0.628236
vt 0.750000 0.640625
vt 0.765625 0.640625
vt 0.765625 0.703125
vt 0.750000 0.703125
vt 0.750000 0.617188
vt 0.781250 0.640625
vt 0.781250 0.703125
vt 0.754576 0.606139
vt 0.796875 0.640625
vt 0.796875 0.703125
vt 0.765625 0.601562
vt 0.812500 0.640625
vt 0.812500 0.703125
vt 0.752604 0.632812
vt 0.763021 0.632812
vt 0.861979 0.632812
vt 0.872396 0.632812
vt 0.846354 0.632812
vt 0.856771 0.632812
vt 0.830729 0.632812
vt 0.841146 0.632812
vt 0.815104 0.632812
vt 0.825521 0.632812
vt 0.799479 0.632812
vt 0.809896 0.632812
vt 0.783854 0.632812
vt 0.794271 0.632812
vt 0.768229 0.632812
vt 0.778646 0.632812
vt 0.765625 0.710938
vt 0.765625 0.726562
vt 0.754576 0.715514
vt 0.750000 0.726562
vt 0.776674 0.715514
vt 0.781250 0.726562
vt 0.776674 0.737611
vt 0.765625 0.742188
vt 0.754576 0.737611
vt 0.794271 0.710938
vt 0.783854 0.710938
vt 0.809896 0.710938
vt 0.799479 0.710938
vt 0.825521 0.710938
vt 0.815104 0.710938
vt 0.841146 0.710938
vt 0.830729 0.710938
vt 0.856771 0.710938
vt 0.846354 0.710938
vt 0.872396 0.710938
vt 0.861979 0.710938
vt 0.763021 0.710938
vt 0.752604 0.710938
vt 0.778646 0.710938
vt 0.768229 0.710938
vt 0.906250 0.757812
vt 0.901674 0.768861
vt 0.890625 0.757812
vt 0.937500 0.781250
vt 0.953125 0.781250
vt 0.953125 0.968750
vt 0.937500 0.968750
vt 0.901674 0.746764
vt 0.968750 0.781250
vt 0.968750 0.968750
vt 0.984375 0.781250
vt 0.984375 0.968750
vt 0.879576 0.746764
vt 1.000000 0.781250
vt 1.000000 0.968750
vt 0.875000 0.757812
vt 0.875000 0.781250
vt 0.890625 0.781250
vt 0.890625 0.968750
vt 0.875000 0.968750
vt 0.879576 0.768861
vt 0.906250 0.781250
vt 0.906250 0.968750
vt 0.890625 0.773438
vt 0.921875 0.781250
vt 0.921875 0.968750
vt 0.934896 0.984375
vt 0.924479 0.984375
vt 0.950521 0.984375
vt 0.940104 0.984375
vt 0.966146 0.984375
vt 0.955729 0.984375
vt 0.981771 0.984375
vt 0.971354 0.984375
vt 0.997396 0.984375
vt 0.986979 0.984375
vt 0.888021 0.984375
vt 0.877604 0.984375
vt 0.903646 0.984375
vt 0.893229 0.984375
vt 0.919271 0.984375
vt 0.908854 0.984375
vt 0.934891 0.984375
vt 0.932293 0.992188
vt 0.927098 0.992188
vt 0.924500 0.984375
vt 0.950516 0.984375
vt 0.947918 0.992188
vt 0.942723 0.992188
vt 0.940125 0.984375
vt 0.966141 0.984375
vt 0.963543 0.992188
vt 0.958348 0.992188
vt 0.955750 0.984375
vt 0.981766 0.984375
vt 0.979168 0.992188
vt 0.973972 0.992188
vt 0.971375 0.984375
vt 0.997391 0.984375
vt 0.994793 0.992188
vt 0.989597 0.992188
vt 0.987000 0.984375
vt 0.888016 0.984375
vt 0.885418 0.992188
vt 0.880223 0.992188
vt 0.877625 0.984375
vt 0.903641 0.984375
vt 0.901043 0.992188
vt 0.895848 0.992188
vt 0.893250 0.984375
vt 0.919266 0.984375
vt 0.916668 0.992188
vt 0.911473 0.992188
vt 0.908875 0.984375
vt 0.932266 0.992188
vt 0.929688 1.000000
vt 0.927109 0.992188
vt 0.947891 0.992188
vt 0.945312 1.000000
vt 0.942734 0.992188
vt 0.963516 0.992188
vt 0.960938 1.000000
vt 0.958359 0.992188
vt 0.979141 0.992188
vt 0.976562 1.000000
vt 0.973984 0.992188
vt 0.994766 0.992188
vt 0.992188 1.000000
vt 0.989609 0.992188
vt 0.885391 0.992188
vt 0.882812 1.000000
vt 0.880234 0.992188
vt 0.901016 0.992188
vt 0.898438 1.000000
vt 0.895859 0.992188
vt 0.916641 0.992188
vt 0.914062 1.000000
vt 0.911484 0.992188
vt 0.986979 0.773438
vt 0.997396 0.773438
vt 0.971354 0.773438
vt 0.981771 0.773438
vt 0.955729 0.773438
vt 0.966146 0.773438
vt 0.940104 0.773438
vt 0.950521 0.773438
vt 0.924479 0.773438
vt 0.934896 0.773438
vt 0.908854 0.773438
vt 0.919271 0.773438
vt 0.893229 0.773438
vt 0.903646 0.773438
vt 0.877604 0.773438
vt 0.888021 0.773438
vt 0.781250 0.757812
vt 0.776674 0.768861
vt 0.765625 0.757812
vt 0.812500 0.781250
vt 0.828125 0.781250
vt 0.828125 0.968750
vt 0.812500 0.968750
vt 0.776674 0.746764
vt 0.843750 0.781250
vt 0.843750 0.968750
vt 0.859375 0.781250
vt 0.859375 0.968750
vt 0.754576 0.746764
vt 0.750000 0.757812
vt 0.750000 0.781250
vt 0.765625 0.781250
vt 0.765625 0.968750
vt 0.750000 0.968750
vt 0.754576 0.768861
vt 0.781250 0.781250
vt 0.781250 0.968750
vt 0.765625 0.773438
vt 0.796875 0.781250
vt 0.796875 0.968750
vt 0.809896 0.984375
vt 0.799479 0.984375
vt 0.825521 0.984375
vt 0.815104 0.984375
vt 0.841146 0.984375
vt 0.830729 0.984375
vt 0.856771 0.984375
vt 0.846354 0.984375
vt 0.872396 0.984375
vt 0.861979 0.984375
vt 0.763021 0.984375
vt 0.752604 0.984375
vt 0.778646 0.984375
vt 0.768229 0.984375
vt 0.794271 0.984375
vt 0.783854 0.984375
vt 0.809891 0.984375
vt 0.807293 0.992188
vt 0.802098 0.992188
vt 0.799500 0.984375
vt 0.825516 0.984375
vt 0.822918 0.992188
vt 0.817723 0.992188
vt 0.815125 0.984375
vt 0.841141 0.984375
vt 0.838543 0.992188
vt 0.833348 0.992188
vt 0.830750 0.984375
vt 0.856766 0.984375
vt 0.854168 0.992188
vt 0.848972 0.992188
vt 0.846375 0.984375
vt 0.872391 0.984375
vt 0.869793 0.992188
vt 0.864597 0.992188
vt 0.862000 0.984375
vt 0.763016 0.984375
vt 0.760418 0.992188
vt 0.755223 0.992188
vt 0.752625 0.984375
vt 0.778641 0.984375
vt 0.776043 0.992188
vt 0.770848 0.992188
vt 0.768250 0.984375
vt 0.794266 0.984375
vt 0.791668 0.992188
vt 0.786473 0.992188
vt 0.783875 0.984375
vt 0.807266 0.992188
vt 0.804688 1.000000
vt 0.802109 0.992188
vt 0.822891 0.992188
vt 0.820312 1.000000
vt 0.817734 0.992188
vt 0.838516 0.992188
vt 0.835938 1.000000
vt 0.833359 0.992188
vt 0.854141 0.992188
vt 0.851562 1.000000
vt 0.848984 0.992188
vt 0.869766 0.992188
vt 0.867188 1.000000
vt 0.864609 0.992188
vt 0.760391 0.992188
vt 0.757812 1.000000
vt 0.755234 0.992188
vt 0.776016 0.992188
vt 0.773438 1.000000
vt 0.770859 0.992188
vt 0.791641 0.992188
vt 0.789062 1.000000
vt 0.786484 0.992188
vt 0.861979 0.773438
vt 0.872396 0.773438
vt 0.846354 0.773438
vt 0.856771 0.773438
vt 0.830729 0.773438
vt 0.841146 0.773438
vt 0.815104 0.773438
vt 0.825521 0.773438
vt 0.799479 0.773438
vt 0.809896 0.773438
vt 0.783854 0.773438
vt 0.794271 0.773438
vt 0.768229 0.773438
vt 0.778646 0.773438
vt 0.752604 0.773438
vt 0.763021 0.773438
vt 0.390625 0.515625
vt 0.390625 0.546875
vt 0.359375 0.546875
vt 0.359375 0.531250
vt 0.375000 0.531250
vt 0.375000 0.515625
vt 0.359375 0.703125
vt 0.343750 0.703125
vt 0.390625 0.531250
vt 0.433595 0.875000
vt 0.431836 0.890625
vt 0.435352 0.890625
vt 0.408440 0.984375
vt 0.404297 0.968750
vt 0.416016 0.968750
vt 0.411873 0.984375
vt 0.423591 0.921875
vt 0.443596 0.921875
vt 0.445312 0.937500
vt 0.421875 0.937499
vt 0.400153 0.921875
vt 0.420159 0.921875
vt 0.421875 0.937500
vt 0.398438 0.937500
vt 0.404321 0.968750
vt 0.400195 0.953125
vt 0.420117 0.953125
vt 0.415991 0.968750
vt 0.404320 0.906250
vt 0.415991 0.906250
vt 0.420117 0.921874
vt 0.400195 0.921875
vt 0.408440 0.890625
vt 0.411872 0.890625
vt 0.416016 0.906250
vt 0.404297 0.906249
vt 0.408398 0.984375
vt 0.410155 1.000000
vt 0.411914 0.984375
vt 0.400154 0.953125
vt 0.421875 0.937500
vt 0.420159 0.953125
vt 0.423633 0.953125
vt 0.443555 0.953125
vt 0.439429 0.968750
vt 0.427759 0.968750
vt 0.431836 0.984375
vt 0.433593 1.000000
vt 0.435352 0.984375
vt 0.431879 0.890625
vt 0.435312 0.890625
vt 0.439453 0.906250
vt 0.427734 0.906247
vt 0.423633 0.921875
vt 0.427759 0.906250
vt 0.439429 0.906250
vt 0.443555 0.921875
vt 0.443597 0.953124
vt 0.423592 0.953125
vt 0.431877 0.984374
vt 0.427734 0.968750
vt 0.439453 0.968750
vt 0.435310 0.984375
vt 0.410155 0.875000
vt 0.411914 0.890625
vt 0.408398 0.890625
vt 0.555859 0.953125
vt 0.554686 0.960938
vt 0.553516 0.953125
vt 0.535156 0.914062
vt 0.542969 0.914062
vt 0.540207 0.906250
vt 0.537919 0.906250
vt 0.562500 0.929688
vt 0.561356 0.937500
vt 0.548019 0.937500
vt 0.546875 0.929688
vt 0.546875 0.929689
vt 0.545731 0.937500
vt 0.532394 0.937500
vt 0.531250 0.929688
vt 0.532422 0.921875
vt 0.545703 0.921875
vt 0.542952 0.914062
vt 0.535173 0.914063
vt 0.545703 0.937500
vt 0.542953 0.945312
vt 0.535174 0.945312
vt 0.532422 0.937501
vt 0.542969 0.945314
vt 0.540205 0.953125
vt 0.537917 0.953125
vt 0.535156 0.945312
vt 0.539064 0.898438
vt 0.537891 0.906250
vt 0.540234 0.906250
vt 0.545731 0.921875
vt 0.532393 0.921876
vt 0.550797 0.914063
vt 0.548047 0.921875
vt 0.561328 0.921875
vt 0.558577 0.914062
vt 0.554690 0.898438
vt 0.555859 0.906250
vt 0.553516 0.906250
vt 0.558594 0.945313
vt 0.555834 0.953125
vt 0.553546 0.953125
vt 0.550781 0.945316
vt 0.558578 0.945313
vt 0.550798 0.945313
vt 0.548047 0.937501
vt 0.561328 0.937500
vt 0.548018 0.921876
vt 0.562500 0.929688
vt 0.561356 0.921875
vt 0.550781 0.914062
vt 0.558594 0.914062
vt 0.555832 0.906250
vt 0.553544 0.906251
vt 0.540234 0.953125
vt 0.539064 0.960938
vt 0.537890 0.953125
vt 0.585938 0.914062
vt 0.578125 0.914062
vt 0.578125 0.898438
vt 0.585938 0.898438
vt 0.601562 0.914062
vt 0.593750 0.914062
vt 0.593750 0.898438
vt 0.601562 0.898438
vt 0.609375 0.914062
vt 0.609375 0.898438
vt 0.617188 0.914062
vt 0.617188 0.898438
vt 0.570312 0.914062
vt 0.562500 0.914062
vt 0.562500 0.898438
vt 0.570312 0.898438
vt 0.625000 0.914062
vt 0.625000 0.898438
vt 0.578125 0.828125
vt 0.585938 0.828125
vt 0.593750 0.828125
vt 0.601562 0.828125
vt 0.609375 0.828125
vt 0.617188 0.828125
vt 0.562500 0.828125
vt 0.570312 0.828125
vt 0.625000 0.828125
vt 0.578125 0.804688
vt 0.585938 0.804688
vt 0.593750 0.804688
vt 0.601562 0.804688
vt 0.609375 0.804688
vt 0.617188 0.804688
vt 0.562500 0.804688
vt 0.570312 0.804688
vt 0.625000 0.804688
vt 0.585938 0.757812
vt 0.578125 0.757812
vt 0.578125 0.750000
vt 0.585938 0.750000
vt 0.601562 0.757812
vt 0.593750 0.757812
vt 0.593750 0.750000
vt 0.601562 0.750000
vt 0.609375 0.757812
vt 0.609375 0.750000
vt 0.617188 0.757812
vt 0.617188 0.750000
vt 0.570312 0.757812
vt 0.562500 0.757812
vt 0.562500 0.750000
vt 0.570312 0.750000
vt 0.625000 0.757812
vt 0.625000 0.750000
vt 0.555859 0.906250
vt 0.554686 0.898438
vt 0.553516 0.906250
vt 0.535156 0.945313
vt 0.542969 0.945313
vt 0.540207 0.953125
vt 0.537919 0.953125
vt 0.562500 0.929687
vt 0.561356 0.921875
vt 0.548019 0.921875
vt 0.546875 0.929688
vt 0.546875 0.929686
vt 0.545731 0.921875
vt 0.532394 0.921875
vt 0.531250 0.929688
vt 0.532422 0.937500
vt 0.545703 0.937500
vt 0.542952 0.945313
vt 0.535173 0.945312
vt 0.545703 0.921875
vt 0.542953 0.914063
vt 0.535174 0.914063
vt 0.532422 0.921874
vt 0.542969 0.914061
vt 0.540205 0.906250
vt 0.537917 0.906250
vt 0.535156 0.914063
vt 0.539064 0.960938
vt 0.537891 0.953125
vt 0.540234 0.953125
vt 0.545731 0.937500
vt 0.532393 0.937499
vt 0.550797 0.945312
vt 0.548047 0.937500
vt 0.561328 0.937500
vt 0.558577 0.945313
vt 0.554690 0.960938
vt 0.555859 0.953125
vt 0.553516 0.953125
vt 0.558594 0.914062
vt 0.555834 0.906250
vt 0.553546 0.906250
vt 0.550781 0.914060
vt 0.558578 0.914063
vt 0.550798 0.914063
vt 0.548047 0.921875
vt 0.561328 0.921875
vt 0.548018 0.937500
vt 0.562500 0.929688
vt 0.561356 0.937500
vt 0.550781 0.945313
vt 0.558594 0.945313
vt 0.555832 0.953125
vt 0.553544 0.953125
vt 0.540234 0.906250
vt 0.539064 0.898438
vt 0.537890 0.906250
vt 0.648438 0.867188
vt 0.640625 0.867188
vt 0.640625 0.851562
vt 0.648438 0.851562
vt 0.664062 0.867188
vt 0.656250 0.867188
vt 0.656250 0.851562
vt 0.664062 0.851562
vt 0.671875 0.867188
vt 0.671875 0.851562
vt 0.679688 0.867188
vt 0.679688 0.851562
vt 0.632812 0.867188
vt 0.625000 0.867188
vt 0.625000 0.851562
vt 0.632812 0.851562
vt 0.687500 0.867188
vt 0.687500 0.851562
vt 0.585938 0.726562
vt 0.578125 0.726562
vt 0.578125 0.679688
vt 0.585938 0.679688
vt 0.601562 0.726562
vt 0.593750 0.726562
vt 0.593750 0.679688
vt 0.601562 0.679688
vt 0.609375 0.726562
vt 0.609375 0.679688
vt 0.617188 0.726562
vt 0.617188 0.679688
vt 0.570312 0.726562
vt 0.562500 0.726562
vt 0.562500 0.679688
vt 0.570312 0.679688
vt 0.625000 0.726562
vt 0.625000 0.679688
vt 0.585938 0.734375
vt 0.578125 0.734375
vt 0.593750 0.734375
vt 0.601562 0.734375
vt 0.609375 0.734375
vt 0.570312 0.734375
vt 0.562500 0.734375
vt 0.617188 0.734375
vt 0.625000 0.734375
vt 0.585938 0.609375
vt 0.578125 0.609375
vt 0.578125 0.562500
vt 0.585938 0.562500
vt 0.601562 0.609375
vt 0.593750 0.609375
vt 0.593750 0.562500
vt 0.601562 0.562500
vt 0.609375 0.609375
vt 0.609375 0.562500
vt 0.617188 0.609375
vt 0.617188 0.562500
vt 0.570312 0.609375
vt 0.562500 0.609375
vt 0.562500 0.562500
vt 0.570312 0.562500
vt 0.625000 0.609375
vt 0.625000 0.562500
vt 0.578125 0.625000
vt 0.585938 0.625000
vt 0.570312 0.625000
vt 0.562500 0.625000
vt 0.617188 0.625000
vt 0.625000 0.625000
vt 0.593750 0.625000
vt 0.601562 0.625000
vt 0.609375 0.625000
vt 0.648438 0.945312
vt 0.640625 0.945312
vt 0.640625 0.914062
vt 0.648438 0.914062
vt 0.664062 0.945312
vt 0.656250 0.945312
vt 0.656250 0.914062
vt 0.664062 0.914062
vt 0.671875 0.945312
vt 0.671875 0.914062
vt 0.679688 0.945312
vt 0.679688 0.914062
vt 0.632812 0.945312
vt 0.625000 0.945312
vt 0.632812 0.914062
vt 0.687500 0.945312
vt 0.687500 0.914062
vt 0.648438 0.960938
vt 0.640625 0.960938
vt 0.656250 0.960938
vt 0.664062 0.960938
vt 0.671875 0.960938
vt 0.632812 0.960938
vt 0.625000 0.960938
vt 0.687500 0.960938
vt 0.679688 0.960938
vt 0.585938 0.671875
vt 0.578125 0.671875
vt 0.601562 0.671875
vt 0.593750 0.671875
vt 0.609375 0.671875
vt 0.617188 0.671875
vt 0.570312 0.671875
vt 0.562500 0.671875
vt 0.625000 0.671875
vt 0.585938 0.945312
vt 0.578125 0.945312
vt 0.578125 0.929688
vt 0.585938 0.929688
vt 0.601562 0.945312
vt 0.593750 0.945312
vt 0.593750 0.929688
vt 0.601562 0.929688
vt 0.609375 0.945312
vt 0.609375 0.929688
vt 0.617188 0.945312
vt 0.617188 0.929688
vt 0.570312 0.945312
vt 0.562500 0.945312
vt 0.570312 0.929688
vt 0.625000 0.929688
vt 0.585938 0.953125
vt 0.578125 0.953125
vt 0.593750 0.953125
vt 0.601562 0.953125
vt 0.609375 0.953125
vt 0.570312 0.953125
vt 0.562500 0.953125
vt 0.617188 0.953125
vt 0.625000 0.953125
vt 0.555859 0.890625
vt 0.554686 0.898438
vt 0.553516 0.890625
vt 0.535156 0.851562
vt 0.542969 0.851562
vt 0.540207 0.843750
vt 0.537919 0.843750
vt 0.562500 0.867188
vt 0.561356 0.875000
vt 0.548019 0.875000
vt 0.546875 0.867188
vt 0.531250 0.867189
vt 0.532394 0.875000
vt 0.545731 0.875000
vt 0.532422 0.859375
vt 0.545703 0.859375
vt 0.542952 0.851562
vt 0.535173 0.851563
vt 0.532422 0.875000
vt 0.535172 0.882812
vt 0.542951 0.882812
vt 0.545703 0.875001
vt 0.542969 0.882814
vt 0.540205 0.890625
vt 0.537917 0.890625
vt 0.535156 0.882812
vt 0.539064 0.835938
vt 0.537891 0.843750
vt 0.540234 0.843750
vt 0.531250 0.867188
vt 0.545731 0.859375
vt 0.532393 0.859376
vt 0.550797 0.851563
vt 0.548047 0.859375
vt 0.561328 0.859375
vt 0.558577 0.851562
vt 0.554690 0.835938
vt 0.555859 0.843750
vt 0.553516 0.843750
vt 0.558594 0.882813
vt 0.555834 0.890625
vt 0.553546 0.890625
vt 0.550781 0.882816
vt 0.558578 0.882813
vt 0.550798 0.882813
vt 0.548047 0.875001
vt 0.561328 0.875000
vt 0.548018 0.859376
vt 0.562500 0.867188
vt 0.561356 0.859375
vt 0.550781 0.851562
vt 0.558594 0.851562
vt 0.555832 0.843750
vt 0.553544 0.843751
vt 0.540234 0.890625
vt 0.539064 0.898438
vt 0.537890 0.890625
vt 0.531250 0.929689
vt 0.532394 0.937500
vt 0.545731 0.937500
vt 0.532422 0.937500
vt 0.535172 0.945312
vt 0.542951 0.945312
vt 0.545703 0.937501
vt 0.555859 0.843750
vt 0.554686 0.835938
vt 0.553516 0.843750
vt 0.535156 0.882813
vt 0.542969 0.882813
vt 0.540207 0.890625
vt 0.537919 0.890625
vt 0.562500 0.867187
vt 0.561356 0.859375
vt 0.548019 0.859375
vt 0.546875 0.867188
vt 0.531250 0.867186
vt 0.532394 0.859375
vt 0.545731 0.859375
vt 0.532422 0.875000
vt 0.545703 0.875000
vt 0.542952 0.882813
vt 0.535173 0.882812
vt 0.532422 0.859375
vt 0.535172 0.851563
vt 0.542951 0.851563
vt 0.545703 0.859374
vt 0.542969 0.851561
vt 0.540205 0.843750
vt 0.537917 0.843750
vt 0.535156 0.851563
vt 0.539064 0.898438
vt 0.537891 0.890625
vt 0.540234 0.890625
vt 0.531250 0.867188
vt 0.545731 0.875000
vt 0.532393 0.874999
vt 0.550797 0.882812
vt 0.548047 0.875000
vt 0.561328 0.875000
vt 0.558577 0.882813
vt 0.554690 0.898438
vt 0.555859 0.890625
vt 0.553516 0.890625
vt 0.558594 0.851562
vt 0.555834 0.843750
vt 0.553546 0.843750
vt 0.550781 0.851560
vt 0.558578 0.851563
vt 0.550798 0.851563
vt 0.548047 0.859375
vt 0.561328 0.859375
vt 0.548018 0.875000
vt 0.562500 0.867188
vt 0.561356 0.875000
vt 0.550781 0.882813
vt 0.558594 0.882813
vt 0.555832 0.890625
vt 0.553544 0.890625
vt 0.540234 0.843750
vt 0.539064 0.835938
vt 0.537890 0.843750
vt 0.555859 0.828125
vt 0.554686 0.835938
vt 0.553516 0.828125
vt 0.535156 0.789062
vt 0.542969 0.789062
vt 0.540207 0.781250
vt 0.537919 0.781250
vt 0.562500 0.804688
vt 0.561356 0.812500
vt 0.548019 0.812500
vt 0.546875 0.804688
vt 0.531250 0.804689
vt 0.532394 0.812500
vt 0.545731 0.812500
vt 0.532422 0.796875
vt 0.545703 0.796875
vt 0.542952 0.789062
vt 0.535173 0.789063
vt 0.532422 0.812500
vt 0.535172 0.820312
vt 0.542951 0.820312
vt 0.545703 0.812501
vt 0.542969 0.820314
vt 0.540205 0.828125
vt 0.537917 0.828125
vt 0.535156 0.820312
vt 0.539064 0.773438
vt 0.537891 0.781250
vt 0.540234 0.781250
vt 0.531250 0.804688
vt 0.545731 0.796875
vt 0.532393 0.796876
vt 0.550797 0.789063
vt 0.548047 0.796875
vt 0.561328 0.796875
vt 0.558577 0.789062
vt 0.554690 0.773438
vt 0.555859 0.781250
vt 0.553516 0.781250
vt 0.558594 0.820313
vt 0.555834 0.828125
vt 0.553546 0.828125
vt 0.550781 0.820316
vt 0.558578 0.820313
vt 0.550798 0.820313
vt 0.548047 0.812501
vt 0.561328 0.812500
vt 0.548018 0.796876
vt 0.561356 0.796875
vt 0.550781 0.789062
vt 0.558594 0.789062
vt 0.555832 0.781250
vt 0.553544 0.781251
vt 0.540234 0.828125
vt 0.539064 0.835938
vt 0.537890 0.828125
vt 0.609375 0.921875
vt 0.601562 0.921875
vt 0.593750 0.921875
vt 0.585938 0.921875
vt 0.578125 0.921875
vt 0.570312 0.921875
vt 0.562500 0.921875
vt 0.625000 0.921875
vt 0.617188 0.921875
vt 0.531250 0.929686
vt 0.532394 0.921875
vt 0.545731 0.921875
vt 0.532422 0.921875
vt 0.535172 0.914063
vt 0.542951 0.914063
vt 0.545703 0.921874
vt 0.664062 0.898438
vt 0.671875 0.898438
vt 0.648438 0.898438
vt 0.656250 0.898438
vt 0.679688 0.898438
vt 0.687500 0.898438
vt 0.632812 0.898438
vt 0.640625 0.898438
vt 0.664062 0.882812
vt 0.671875 0.882812
vt 0.648438 0.882812
vt 0.656250 0.882812
vt 0.679688 0.882812
vt 0.687500 0.882812
vt 0.625000 0.882812
vt 0.632812 0.882812
vt 0.640625 0.882812
vt 0.555859 0.765625
vt 0.554686 0.773438
vt 0.553516 0.765625
vt 0.535156 0.726562
vt 0.542969 0.726562
vt 0.540207 0.718750
vt 0.537919 0.718750
vt 0.562500 0.742188
vt 0.561356 0.750000
vt 0.548019 0.750000
vt 0.546875 0.742188
vt 0.531250 0.742189
vt 0.532394 0.750000
vt 0.545731 0.750000
vt 0.532422 0.734375
vt 0.545703 0.734375
vt 0.542952 0.726562
vt 0.535173 0.726563
vt 0.532422 0.750000
vt 0.535172 0.757812
vt 0.542951 0.757812
vt 0.545703 0.750001
vt 0.542969 0.757814
vt 0.540205 0.765625
vt 0.537917 0.765625
vt 0.535156 0.757812
vt 0.539064 0.710938
vt 0.537891 0.718750
vt 0.540234 0.718750
vt 0.531250 0.742188
vt 0.545731 0.734375
vt 0.532393 0.734376
vt 0.550797 0.726563
vt 0.548047 0.734375
vt 0.561328 0.734375
vt 0.558577 0.726562
vt 0.554690 0.710938
vt 0.555859 0.718750
vt 0.553516 0.718750
vt 0.558594 0.757813
vt 0.555834 0.765625
vt 0.553546 0.765625
vt 0.550781 0.757816
vt 0.558578 0.757813
vt 0.550798 0.757813
vt 0.548047 0.750001
vt 0.561328 0.750000
vt 0.548018 0.734376
vt 0.562500 0.742188
vt 0.561356 0.734375
vt 0.550781 0.726562
vt 0.558594 0.726562
vt 0.555832 0.718750
vt 0.553544 0.718751
vt 0.540234 0.765625
vt 0.539064 0.773438
vt 0.537890 0.765625
vt 0.476562 0.890625
vt 0.445312 0.890625
vt 0.445312 0.875001
vt 0.476562 0.875000
vt 0.476562 0.906250
vt 0.445312 0.906250
vt 0.445312 0.890626
vt 0.476562 0.921875
vt 0.445312 0.921875
vt 0.476562 0.953125
vt 0.445312 0.953125
vt 0.476562 0.937501
vt 0.476562 0.937500
vt 0.476562 0.968750
vt 0.445312 0.968750
vt 0.476562 0.984375
vt 0.445312 0.984375
vt 0.476562 1.000000
vt 0.445312 1.000000
vt 0.492188 0.921875
vt 0.492188 0.937499
vt 0.492188 0.906250
vt 0.492188 0.890625
vt 0.492188 0.984375
vt 0.492188 0.999999
vt 0.476563 1.000000
vt 0.492188 0.875000
vt 0.492188 0.968750
vt 0.476562 0.984374
vt 0.492188 0.953125
vt 0.492188 0.937500
vt 0.679688 0.843750
vt 0.687500 0.843750
vt 0.671875 0.843750
vt 0.664062 0.843750
vt 0.648438 0.843750
vt 0.656250 0.843750
vt 0.640625 0.843750
vt 0.632812 0.843750
vt 0.625000 0.843750
s 1
usemtl m_3cf7c396-3942-42dd-868d-03c32804cb9f
f 3/1/1 2/2/1 4/3/1
f 3/1/1 4/3/1 5/4/1
f 8/5/2 6/6/2 7/7/2
f 8/5/2 7/7/2 9/8/2
f 6/9/3 2/10/3 3/1/3
f 6/9/3 3/1/3 7/7/3
f 7/7/4 3/1/4 5/4/4
f 7/7/4 5/4/4 9/8/4
f 6/11/5 10/12/5 11/13/5
f 6/11/5 11/13/5 2/14/5
f 10/15/6 15/11/6 12/14/6
f 10/15/6 12/14/6 11/16/6
f 11/14/1 12/17/1 13/5/1
f 11/14/1 13/5/1 2/13/1
f 6/12/2 14/18/2 15/19/2
f 6/12/2 15/19/2 10/11/2
f 17/1/1 16/2/1 18/3/1
f 17/1/1 18/3/1 19/4/1
f 22/5/2 20/6/2 21/7/2
f 22/5/2 21/7/2 23/8/2
f 20/9/3 16/10/3 17/1/3
f 20/9/3 17/1/3 21/7/3
f 21/7/4 17/1/4 19/4/4
f 21/7/4 19/4/4 23/8/4
f 20/11/5 24/12/5 25/13/5
f 20/11/5 25/13/5 16/14/5
f 24/15/6 29/11/6 26/14/6
f 24/15/6 26/14/6 25/16/6
f 25/14/1 26/17/1 27/5/1
f 25/14/1 27/5/1 16/13/1
f 20/12/2 28/18/2 29/19/2
f 20/12/2 29/19/2 24/11/2
f 31/1/1 30/2/1 32/3/1
f 31/1/1 32/3/1 33/4/1
f 36/5/2 34/6/2 35/7/2
f 36/5/2 35/7/2 37/8/2
f 34/9/3 30/10/3 31/1/3
f 34/9/3 31/1/3 35/7/3
f 35/7/4 31/1/4 33/4/4
f 35/7/4 33/4/4 37/8/4
f 34/11/5 38/12/5 39/13/5
f 34/11/5 39/13/5 30/14/5
f 38/15/6 43/11/6 40/14/6
f 38/15/6 40/14/6 39/16/6
f 39/14/1 40/17/1 41/5/1
f 39/14/1 41/5/1 30/13/1
f 34/12/2 42/18/2 43/19/2
f 34/12/2 43/19/2 38/11/2
f 45/1/1 44/2/1 46/3/1
f 45/1/1 46/3/1 47/4/1
f 50/5/2 48/6/2 49/7/2
f 50/5/2 49/7/2 51/8/2
f 48/9/3 44/10/3 45/1/3
f 48/9/3 45/1/3 49/7/3
f 49/7/4 45/1/4 47/4/4
f 49/7/4 47/4/4 51/8/4
f 48/11/5 52/12/5 53/13/5
f 48/11/5 53/13/5 44/14/5
f 52/15/6 57/11/6 54/14/6
f 52/15/6 54/14/6 53/16/6
f 53/14/1 54/17/1 55/5/1
f 53/14/1 55/5/1 44/13/1
f 48/12/2 56/18/2 57/19/2
f 48/12/2 57/19/2 52/11/2
f 58/20/7 60/21/7 61/22/7
f 58/20/7 61/22/7 59/23/7
f 60/21/8 62/24/8 63/25/8
f 60/21/8 63/25/8 61/22/8
f 65/26/5 64/27/5 59/22/5
f 65/26/5 59/22/5 61/23/5
f 68/28/9 67/29/9 62/24/9
f 68/28/9 62/24/9 60/21/9
f 69/30/9 68/31/9 60/21/9
f 69/30/9 60/21/9 58/20/9
f 66/32/5 65/33/5 61/25/5
f 66/32/5 61/25/5 63/22/5
f 70/34/10 72/35/10 73/36/10
f 70/34/10 73/36/10 71/37/10
f 72/35/11 74/38/11 75/39/11
f 72/35/11 75/39/11 73/36/11
f 77/40/9 78/41/9 72/35/9
f 77/40/9 72/35/9 70/34/9
f 78/42/9 79/43/9 74/38/9
f 78/42/9 74/38/9 72/35/9
f 76/44/5 89/45/5 71/36/5
f 76/44/5 71/36/5 73/37/5
f 83/46/5 76/47/5 73/39/5
f 83/46/5 73/39/5 75/36/5
f 79/48/9 80/49/9 81/50/9
f 79/48/9 81/50/9 74/38/9
f 75/39/5 82/51/5 84/52/5
f 75/39/5 84/52/5 83/53/5
f 79/52/4 83/54/4 84/55/4
f 79/52/4 84/55/4 80/53/4
f 71/37/2 85/25/2 86/24/2
f 71/37/2 86/24/2 70/34/2
f 70/56/9 86/57/9 87/58/9
f 70/56/9 87/58/9 77/59/9
f 89/25/5 88/37/5 85/60/5
f 89/25/5 85/60/5 71/61/5
f 87/60/1 88/62/1 89/63/1
f 87/60/1 89/63/1 77/61/1
f 90/64/12 92/65/12 93/66/12
f 90/64/12 93/66/12 91/67/12
f 98/68/9 97/69/9 92/64/9
f 98/68/9 92/64/9 90/65/9
f 96/70/9 98/71/9 90/56/9
f 96/70/9 90/56/9 121/64/9
f 94/72/5 95/73/5 91/67/5
f 94/72/5 91/67/5 93/66/5
f 97/20/9 99/65/9 100/74/9
f 97/20/9 100/74/9 92/75/9
f 93/76/5 101/77/5 102/66/5
f 93/76/5 102/66/5 94/23/5
f 92/65/4 100/20/4 101/23/4
f 92/65/4 101/23/4 93/66/4
f 102/78/13 103/77/13 104/76/13
f 102/78/13 104/76/13 94/79/13
f 121/80/9 105/81/9 106/34/9
f 121/80/9 106/34/9 96/24/9
f 122/82/1 107/83/1 105/57/1
f 122/82/1 105/57/1 121/56/1
f 120/84/5 108/85/5 107/83/5
f 120/84/5 107/83/5 122/82/5
f 106/84/2 108/86/2 120/87/2
f 106/84/2 120/87/2 96/85/2
f 109/88/14 111/57/14 112/83/14
f 109/88/14 112/83/14 110/89/14
f 1/90/15 109/88/15 110/89/15
f 1/90/15 110/89/15 113/91/15
f 117/92/9 118/93/9 109/90/9
f 117/92/9 109/90/9 1/88/9
f 118/94/9 119/95/9 111/88/9
f 118/94/9 111/88/9 109/57/9
f 114/96/5 115/97/5 110/89/5
f 114/96/5 110/89/5 112/83/5
f 115/98/5 116/99/5 113/91/5
f 115/98/5 113/91/5 110/89/5
f 95/100/5 120/101/5 122/82/5
f 95/100/5 122/82/5 91/67/5
f 121/56/16 90/64/16 91/67/16
f 121/56/16 91/67/16 122/82/16
f 123/20/12 125/21/12 126/22/12
f 123/20/12 126/22/12 124/23/12
f 125/21/16 127/24/16 128/25/16
f 125/21/16 128/25/16 126/22/16
f 130/26/9 129/27/9 124/22/9
f 130/26/9 124/22/9 126/23/9
f 133/28/5 132/29/5 127/24/5
f 133/28/5 127/24/5 125/21/5
f 134/30/5 133/31/5 125/21/5
f 134/30/5 125/21/5 123/20/5
f 131/32/9 130/33/9 126/25/9
f 131/32/9 126/25/9 128/22/9
f 135/34/14 137/35/14 138/36/14
f 135/34/14 138/36/14 136/37/14
f 137/35/15 139/38/15 140/39/15
f 137/35/15 140/39/15 138/36/15
f 142/40/5 143/41/5 137/35/5
f 142/40/5 137/35/5 135/34/5
f 143/42/5 144/43/5 139/38/5
f 143/42/5 139/38/5 137/35/5
f 141/44/9 154/45/9 136/36/9
f 141/44/9 136/36/9 138/37/9
f 148/46/9 141/47/9 138/39/9
f 148/46/9 138/39/9 140/36/9
f 144/48/5 145/49/5 146/50/5
f 144/48/5 146/50/5 139/38/5
f 140/39/9 147/51/9 149/52/9
f 140/39/9 149/52/9 148/53/9
f 144/52/4 148/54/4 149/55/4
f 144/52/4 149/55/4 145/53/4
f 136/37/1 150/25/1 151/24/1
f 136/37/1 151/24/1 135/34/1
f 135/56/5 151/57/5 152/58/5
f 135/56/5 152/58/5 142/59/5
f 154/25/9 153/37/9 150/60/9
f 154/25/9 150/60/9 136/61/9
f 152/60/2 153/62/2 154/63/2
f 152/60/2 154/63/2 142/61/2
f 155/64/7 157/65/7 158/66/7
f 155/64/7 158/66/7 156/67/7
f 163/68/5 162/69/5 157/64/5
f 163/68/5 157/64/5 155/65/5
f 161/70/5 163/71/5 155/56/5
f 161/70/5 155/56/5 187/64/5
f 159/72/9 160/73/9 156/67/9
f 159/72/9 156/67/9 158/66/9
f 162/20/5 164/65/5 165/74/5
f 162/20/5 165/74/5 157/75/5
f 158/76/9 166/77/9 167/66/9
f 158/76/9 167/66/9 159/23/9
f 157/65/4 165/20/4 166/23/4
f 157/65/4 166/23/4 158/66/4
f 167/78/13 168/77/13 169/76/13
f 167/78/13 169/76/13 159/79/13
f 187/80/5 170/81/5 171/34/5
f 187/80/5 171/34/5 161/24/5
f 188/82/2 172/83/2 170/57/2
f 188/82/2 170/57/2 187/56/2
f 186/84/9 173/85/9 172/83/9
f 186/84/9 172/83/9 188/82/9
f 171/84/1 173/86/1 186/87/1
f 171/84/1 186/87/1 161/85/1
f 174/88/10 176/57/10 177/83/10
f 174/88/10 177/83/10 175/89/10
f 178/90/11 174/88/11 175/89/11
f 178/90/11 175/89/11 179/91/11
f 183/92/5 184/93/5 174/90/5
f 183/92/5 174/90/5 178/88/5
f 184/94/5 185/95/5 176/88/5
f 184/94/5 176/88/5 174/57/5
f 180/96/9 181/97/9 175/89/9
f 180/96/9 175/89/9 177/83/9
f 181/98/9 182/99/9 179/91/9
f 181/98/9 179/91/9 175/89/9
f 160/100/9 186/101/9 188/82/9
f 160/100/9 188/82/9 156/67/9
f 187/56/8 155/64/8 156/67/8
f 187/56/8 156/67/8 188/82/8
f 190/102/1 189/103/1 191/104/1
f 190/102/1 191/104/1 192/105/1
f 195/106/2 193/107/2 194/108/2
f 195/106/2 194/108/2 196/109/2
f 193/108/5 189/102/5 190/110/5
f 193/108/5 190/110/5 194/111/5
f 191/112/13 189/113/13 193/107/13
f 191/112/13 193/107/13 195/106/13
f 194/108/4 190/102/4 192/105/4
f 194/108/4 192/105/4 196/109/4
f 198/102/13 197/103/13 199/104/13
f 198/102/13 199/104/13 200/105/13
f 203/106/4 201/107/4 202/108/4
f 203/106/4 202/108/4 204/109/4
f 201/108/5 197/102/5 198/110/5
f 201/108/5 198/110/5 202/111/5
f 199/112/2 197/113/2 201/107/2
f 199/112/2 201/107/2 203/106/2
f 202/108/1 198/102/1 200/105/1
f 202/108/1 200/105/1 204/109/1
f 206/102/4 205/103/4 207/104/4
f 206/102/4 207/104/4 208/105/4
f 211/106/13 209/107/13 210/108/13
f 211/106/13 210/108/13 212/109/13
f 209/108/5 205/102/5 206/110/5
f 209/108/5 206/110/5 210/111/5
f 207/112/1 205/113/1 209/107/1
f 207/112/1 209/107/1 211/106/1
f 210/108/2 206/102/2 208/105/2
f 210/108/2 208/105/2 212/109/2
f 214/114/1 213/17/1 215/16/1
f 214/114/1 215/16/1 216/115/1
f 219/15/2 217/19/2 218/116/2
f 219/15/2 218/116/2 220/117/2
f 216/16/9 215/115/9 219/117/9
f 216/16/9 219/117/9 220/15/9
f 218/118/17 214/119/17 216/115/17
f 218/118/17 216/115/17 220/117/17
f 222/114/1 221/17/1 223/16/1
f 222/114/1 223/16/1 224/115/1
f 227/15/2 225/19/2 226/116/2
f 227/15/2 226/116/2 228/117/2
f 224/16/9 223/115/9 227/117/9
f 224/16/9 227/117/9 228/15/9
f 226/118/17 222/119/17 224/115/17
f 226/118/17 224/115/17 228/117/17
f 230/120/1 229/121/1 231/122/1
f 230/120/1 231/122/1 232/123/1
f 235/124/2 233/125/2 234/126/2
f 235/124/2 234/126/2 236/127/2
f 233/128/5 229/129/5 230/130/5
f 233/128/5 230/130/5 234/120/5
f 232/131/9 231/132/9 235/133/9
f 232/131/9 235/133/9 236/123/9
f 231/122/13 229/121/13 233/125/13
f 231/122/13 233/125/13 235/124/13
f 234/126/4 230/134/4 232/135/4
f 234/126/4 232/135/4 236/127/4
f 238/136/4 237/137/4 239/138/4
f 238/136/4 239/138/4 240/139/4
f 241/140/5 237/141/5 238/142/5
f 241/140/5 238/142/5 242/143/5
f 240/144/9 239/145/9 243/137/9
f 240/144/9 243/137/9 244/136/9
f 239/146/1 237/145/1 241/137/1
f 239/146/1 241/137/1 243/147/1
f 242/144/2 238/136/2 240/142/2
f 242/144/2 240/142/2 244/143/2
f 246/136/4 245/137/4 247/138/4
f 246/136/4 247/138/4 248/139/4
f 249/140/5 245/141/5 246/142/5
f 249/140/5 246/142/5 250/143/5
f 248/144/9 247/145/9 251/137/9
f 248/144/9 251/137/9 252/136/9
f 247/146/1 245/145/1 249/137/1
f 247/146/1 249/137/1 251/147/1
f 250/144/2 246/136/2 248/142/2
f 250/144/2 248/142/2 252/143/2
f 254/136/4 253/137/4 255/138/4
f 254/136/4 255/138/4 256/139/4
f 257/140/5 253/141/5 254/142/5
f 257/140/5 254/142/5 258/143/5
f 256/144/9 255/145/9 259/137/9
f 256/144/9 259/137/9 260/136/9
f 255/146/1 253/145/1 257/137/1
f 255/146/1 257/137/1 259/147/1
f 258/144/2 254/136/2 256/142/2
f 258/144/2 256/142/2 260/143/2
f 262/148/1 261/149/1 263/150/1
f 262/148/1 263/150/1 264/151/1
f 267/152/2 265/153/2 266/154/2
f 267/152/2 266/154/2 268/155/2
f 265/153/5 261/149/5 262/156/5
f 265/153/5 262/156/5 266/157/5
f 264/158/9 263/150/9 267/152/9
f 264/158/9 267/152/9 268/159/9
f 263/150/13 261/149/13 265/153/13
f 263/150/13 265/153/13 267/152/13
f 270/154/1 269/160/1 271/161/1
f 270/154/1 271/161/1 272/155/1
f 275/162/2 273/163/2 274/164/2
f 275/162/2 274/164/2 276/165/2
f 273/163/5 269/160/5 270/166/5
f 273/163/5 270/166/5 274/167/5
f 272/168/9 271/161/9 275/162/9
f 272/168/9 275/162/9 276/169/9
f 271/161/13 269/160/13 273/163/13
f 271/161/13 273/163/13 275/162/13
f 278/170/1 277/171/1 279/172/1
f 278/170/1 279/172/1 280/173/1
f 283/174/2 281/175/2 282/176/2
f 283/174/2 282/176/2 284/177/2
f 281/175/5 277/171/5 278/178/5
f 281/175/5 278/178/5 282/179/5
f 280/166/9 279/172/9 283/174/9
f 280/166/9 283/174/9 284/167/9
f 279/172/13 277/171/13 281/175/13
f 279/172/13 281/175/13 283/174/13
f 286/180/1 285/181/1 287/182/1
f 286/180/1 287/182/1 288/183/1
f 291/184/2 289/185/2 290/170/2
f 291/184/2 290/170/2 292/173/2
f 289/185/5 285/181/5 286/186/5
f 289/185/5 286/186/5 290/187/5
f 288/156/9 287/182/9 291/184/9
f 288/156/9 291/184/9 292/157/9
f 287/182/13 285/181/13 289/185/13
f 287/182/13 289/185/13 291/184/13
f 323/188/5 322/189/5 321/18/5
f 323/188/5 321/18/5 324/190/5
f 294/191/9 293/190/9 295/18/9
f 294/191/9 295/18/9 296/192/9
f 303/193/4 301/194/4 302/195/4
f 303/193/4 302/195/4 304/196/4
f 308/197/4 309/198/4 296/199/4
f 308/197/4 296/199/4 324/191/4
f 297/200/18 299/201/18 308/202/18
f 297/200/18 308/202/18 312/203/18
f 298/204/19 297/205/19 312/206/19
f 298/204/19 312/206/19 311/207/19
f 300/208/20 298/209/20 311/210/20
f 300/208/20 311/210/20 309/211/20
f 299/212/21 300/213/21 309/214/21
f 299/212/21 309/214/21 308/215/21
f 301/200/5 303/201/5 299/194/5
f 301/200/5 299/194/5 297/193/5
f 302/195/1 301/194/1 297/205/1
f 302/195/1 297/205/1 298/204/1
f 304/208/9 302/209/9 298/196/9
f 304/208/9 298/196/9 300/195/9
f 303/193/2 304/196/2 300/213/2
f 303/193/2 300/213/2 299/212/2
f 294/216/4 310/217/4 307/218/4
f 294/216/4 307/218/4 321/192/4
f 319/219/4 317/220/4 318/221/4
f 319/219/4 318/221/4 320/222/4
f 321/192/4 307/218/4 308/197/4
f 321/192/4 308/197/4 324/191/4
f 296/199/4 309/198/4 310/217/4
f 296/199/4 310/217/4 294/216/4
f 305/223/4 311/224/4 312/225/4
f 305/223/4 312/225/4 306/226/4
f 313/227/20 315/228/20 310/229/20
f 313/227/20 310/229/20 305/230/20
f 314/231/21 313/232/21 305/207/21
f 314/231/21 305/207/21 306/206/21
f 316/233/18 314/234/18 306/235/18
f 316/233/18 306/235/18 307/236/18
f 315/237/19 316/238/19 307/239/19
f 315/237/19 307/239/19 310/240/19
f 317/227/9 319/228/9 315/220/9
f 317/227/9 315/220/9 313/219/9
f 318/221/2 317/220/2 313/232/2
f 318/221/2 313/232/2 314/231/2
f 320/221/5 318/222/5 314/234/5
f 320/221/5 314/234/5 316/233/5
f 319/219/1 320/222/1 316/238/1
f 319/219/1 316/238/1 315/237/1
f 294/18/1 321/3/1 322/241/1
f 294/18/1 322/241/1 293/192/1
f 295/242/2 323/190/2 324/191/2
f 295/242/2 324/191/2 296/243/2
f 326/244/1 325/122/1 327/245/1
f 326/244/1 327/245/1 328/2/1
f 331/246/2 329/247/2 330/248/2
f 331/246/2 330/248/2 332/249/2
f 329/250/5 325/248/5 326/245/5
f 329/250/5 326/245/5 330/251/5
f 328/249/9 327/252/9 331/253/9
f 328/249/9 331/253/9 332/254/9
f 327/249/13 325/248/13 329/250/13
f 327/249/13 329/250/13 331/254/13
f 330/122/4 326/135/4 328/251/4
f 330/122/4 328/251/4 332/245/4
f 369/255/9 370/256/9 374/257/9
f 333/258/14 335/259/14 336/260/14
f 333/258/14 336/260/14 334/261/14
f 368/262/9 369/255/9 374/257/9
f 335/259/16 337/263/16 338/264/16
f 335/259/16 338/264/16 336/260/16
f 367/265/9 368/262/9 374/257/9
f 337/263/12 339/266/12 340/267/12
f 337/263/12 340/267/12 338/264/12
f 366/268/9 367/265/9 374/257/9
f 339/269/7 341/270/7 342/271/7
f 339/269/7 342/271/7 340/272/7
f 373/273/9 366/268/9 374/257/9
f 341/270/8 343/274/8 344/275/8
f 341/270/8 344/275/8 342/271/8
f 372/276/9 373/273/9 374/257/9
f 343/274/10 345/277/10 346/278/10
f 343/274/10 346/278/10 344/275/10
f 371/279/9 372/276/9 374/257/9
f 345/277/11 347/280/11 348/281/11
f 345/277/11 348/281/11 346/278/11
f 370/256/9 371/279/9 374/257/9
f 347/280/15 333/258/15 334/261/15
f 347/280/15 334/261/15 348/281/15
f 334/261/22 349/282/22 350/283/22
f 334/261/22 350/283/22 348/281/22
f 336/260/23 351/284/23 349/285/23
f 336/260/23 349/285/23 334/261/23
f 338/264/24 352/286/24 351/287/24
f 338/264/24 351/287/24 336/260/24
f 340/267/25 353/288/25 352/289/25
f 340/267/25 352/289/25 338/264/25
f 342/271/26 354/290/26 353/291/26
f 342/271/26 353/291/26 340/272/26
f 344/275/27 355/292/27 354/293/27
f 344/275/27 354/293/27 342/271/27
f 346/278/28 356/294/28 355/295/28
f 346/278/28 355/295/28 344/275/28
f 348/281/29 350/296/29 356/297/29
f 348/281/29 356/297/29 346/278/29
f 349/298/30 357/299/30 358/300/30
f 349/298/30 358/300/30 350/301/30
f 351/302/31 359/303/31 357/304/31
f 351/302/31 357/304/31 349/305/31
f 352/306/32 360/307/32 359/308/32
f 352/306/32 359/308/32 351/309/32
f 353/310/33 361/311/33 360/312/33
f 353/310/33 360/312/33 352/313/33
f 354/314/34 362/315/34 361/316/34
f 354/314/34 361/316/34 353/317/34
f 355/318/35 363/319/35 362/320/35
f 355/318/35 362/320/35 354/321/35
f 356/322/36 364/323/36 363/324/36
f 356/322/36 363/324/36 355/325/36
f 350/326/37 358/327/37 364/328/37
f 350/326/37 364/328/37 356/329/37
f 357/330/38 365/331/38 358/332/38
f 359/333/39 365/334/39 357/335/39
f 360/336/40 365/337/40 359/338/40
f 361/339/41 365/340/41 360/341/41
f 362/342/42 365/343/42 361/344/42
f 363/345/43 365/346/43 362/347/43
f 364/348/44 365/349/44 363/350/44
f 358/351/45 365/352/45 364/353/45
f 367/354/46 366/355/46 341/270/46
f 367/354/46 341/270/46 339/269/46
f 368/356/47 367/357/47 339/266/47
f 368/356/47 339/266/47 337/263/47
f 369/358/48 368/359/48 337/263/48
f 369/358/48 337/263/48 335/259/48
f 370/360/49 369/361/49 335/259/49
f 370/360/49 335/259/49 333/258/49
f 371/362/50 370/363/50 333/258/50
f 371/362/50 333/258/50 347/280/50
f 372/364/51 371/365/51 347/280/51
f 372/364/51 347/280/51 345/277/51
f 373/366/52 372/367/52 345/277/52
f 373/366/52 345/277/52 343/274/52
f 366/368/53 373/369/53 343/274/53
f 366/368/53 343/274/53 341/270/53
f 411/370/9 412/371/9 416/372/9
f 375/373/14 377/374/14 378/375/14
f 375/373/14 378/375/14 376/376/14
f 410/377/9 411/370/9 416/372/9
f 377/374/16 379/378/16 380/379/16
f 377/374/16 380/379/16 378/375/16
f 409/380/9 410/377/9 416/372/9
f 379/378/12 381/269/12 382/272/12
f 379/378/12 382/272/12 380/379/12
f 408/381/9 409/380/9 416/372/9
f 381/382/7 383/383/7 384/384/7
f 381/382/7 384/384/7 382/385/7
f 415/386/9 408/381/9 416/372/9
f 383/383/8 385/387/8 386/388/8
f 383/383/8 386/388/8 384/384/8
f 414/389/9 415/386/9 416/372/9
f 385/387/10 387/390/10 388/391/10
f 385/387/10 388/391/10 386/388/10
f 413/392/9 414/389/9 416/372/9
f 387/390/11 389/393/11 390/394/11
f 387/390/11 390/394/11 388/391/11
f 412/371/9 413/392/9 416/372/9
f 389/393/15 375/373/15 376/376/15
f 389/393/15 376/376/15 390/394/15
f 376/376/22 391/395/22 392/396/22
f 376/376/22 392/396/22 390/394/22
f 378/375/23 393/397/23 391/398/23
f 378/375/23 391/398/23 376/376/23
f 380/379/24 394/399/24 393/400/24
f 380/379/24 393/400/24 378/375/24
f 382/272/25 395/401/25 394/402/25
f 382/272/25 394/402/25 380/379/25
f 384/384/26 396/403/26 395/404/26
f 384/384/26 395/404/26 382/385/26
f 386/388/27 397/405/27 396/406/27
f 386/388/27 396/406/27 384/384/27
f 388/391/28 398/407/28 397/408/28
f 388/391/28 397/408/28 386/388/28
f 390/394/29 392/409/29 398/410/29
f 390/394/29 398/410/29 388/391/29
f 391/411/30 399/412/30 400/413/30
f 391/411/30 400/413/30 392/414/30
f 393/415/31 401/416/31 399/417/31
f 393/415/31 399/417/31 391/418/31
f 394/419/32 402/420/32 401/421/32
f 394/419/32 401/421/32 393/422/32
f 395/423/33 403/424/33 402/425/33
f 395/423/33 402/425/33 394/426/33
f 396/427/34 404/428/34 403/429/34
f 396/427/34 403/429/34 395/430/34
f 397/431/35 405/432/35 404/433/35
f 397/431/35 404/433/35 396/434/35
f 398/435/36 406/436/36 405/437/36
f 398/435/36 405/437/36 397/438/36
f 392/439/37 400/440/37 406/441/37
f 392/439/37 406/441/37 398/442/37
f 399/443/38 407/444/38 400/445/38
f 401/446/39 407/447/39 399/448/39
f 402/449/40 407/450/40 401/451/40
f 403/452/41 407/453/41 402/454/41
f 404/455/42 407/456/42 403/457/42
f 405/458/43 407/459/43 404/460/43
f 406/461/44 407/462/44 405/463/44
f 400/464/45 407/465/45 406/466/45
f 409/467/46 408/468/46 383/383/46
f 409/467/46 383/383/46 381/382/46
f 410/469/47 409/470/47 381/269/47
f 410/469/47 381/269/47 379/378/47
f 411/471/48 410/472/48 379/378/48
f 411/471/48 379/378/48 377/374/48
f 412/473/49 411/474/49 377/374/49
f 412/473/49 377/374/49 375/373/49
f 413/475/50 412/476/50 375/373/50
f 413/475/50 375/373/50 389/393/50
f 414/477/51 413/478/51 389/393/51
f 414/477/51 389/393/51 387/390/51
f 415/479/52 414/480/52 387/390/52
f 415/479/52 387/390/52 385/387/52
f 408/481/53 415/482/53 385/387/53
f 408/481/53 385/387/53 383/383/53
f 436/483/9 437/484/9 441/485/9
f 417/486/14 419/487/14 420/488/14
f 417/486/14 420/488/14 418/489/14
f 435/490/9 436/483/9 441/485/9
f 419/487/16 421/491/16 422/492/16
f 419/487/16 422/492/16 420/488/16
f 434/493/9 435/490/9 441/485/9
f 421/491/12 423/494/12 424/495/12
f 421/491/12 424/495/12 422/492/12
f 433/496/9 434/493/9 441/485/9
f 423/497/7 425/498/7 426/499/7
f 423/497/7 426/499/7 424/500/7
f 440/501/9 433/496/9 441/485/9
f 425/498/8 427/502/8 428/503/8
f 425/498/8 428/503/8 426/499/8
f 439/504/9 440/501/9 441/485/9
f 427/502/10 429/505/10 430/506/10
f 427/502/10 430/506/10 428/503/10
f 438/507/9 439/504/9 441/485/9
f 429/505/11 431/508/11 432/509/11
f 429/505/11 432/509/11 430/506/11
f 437/484/9 438/507/9 441/485/9
f 431/508/15 417/486/15 418/489/15
f 431/508/15 418/489/15 432/509/15
f 434/510/46 433/511/46 425/498/46
f 434/510/46 425/498/46 423/497/46
f 435/512/47 434/513/47 423/494/47
f 435/512/47 423/494/47 421/491/47
f 436/514/48 435/515/48 421/491/48
f 436/514/48 421/491/48 419/487/48
f 437/516/49 436/517/49 419/487/49
f 437/516/49 419/487/49 417/486/49
f 438/518/50 437/519/50 417/486/50
f 438/518/50 417/486/50 431/508/50
f 439/520/51 438/521/51 431/508/51
f 439/520/51 431/508/51 429/505/51
f 440/522/52 439/523/52 429/505/52
f 440/522/52 429/505/52 427/502/52
f 433/524/53 440/525/53 427/502/53
f 433/524/53 427/502/53 425/498/53
f 445/526/5 443/527/5 442/528/5
f 442/528/5 443/527/5 444/529/5
f 446/530/5 443/527/5 445/526/5
f 447/531/5 443/527/5 446/530/5
f 448/532/5 443/527/5 447/531/5
f 449/533/5 443/527/5 448/532/5
f 450/534/5 443/527/5 449/533/5
f 444/529/5 443/527/5 450/534/5
f 442/535/54 444/536/54 428/503/54
f 442/535/54 428/503/54 430/506/54
f 445/537/55 442/538/55 430/506/55
f 445/537/55 430/506/55 432/509/55
f 446/539/56 445/540/56 432/509/56
f 446/539/56 432/509/56 418/489/56
f 447/541/57 446/542/57 418/489/57
f 447/541/57 418/489/57 420/488/57
f 448/543/58 447/544/58 420/488/58
f 448/543/58 420/488/58 422/492/58
f 449/545/59 448/546/59 422/492/59
f 449/545/59 422/492/59 424/495/59
f 450/547/60 449/548/60 424/500/60
f 450/547/60 424/500/60 426/499/60
f 444/549/61 450/550/61 426/499/61
f 444/549/61 426/499/61 428/503/61
f 470/551/9 471/552/9 475/553/9
f 451/554/14 453/555/14 454/556/14
f 451/554/14 454/556/14 452/557/14
f 469/558/9 470/551/9 475/553/9
f 453/555/16 455/559/16 456/560/16
f 453/555/16 456/560/16 454/556/16
f 468/561/9 469/558/9 475/553/9
f 455/559/12 457/562/12 458/500/12
f 455/559/12 458/500/12 456/560/12
f 467/563/9 468/561/9 475/553/9
f 457/564/7 459/565/7 460/566/7
f 457/564/7 460/566/7 458/567/7
f 474/568/9 467/563/9 475/553/9
f 459/565/8 461/569/8 462/570/8
f 459/565/8 462/570/8 460/566/8
f 473/571/9 474/568/9 475/553/9
f 461/569/10 463/572/10 464/573/10
f 461/569/10 464/573/10 462/570/10
f 472/574/9 473/571/9 475/553/9
f 463/572/11 465/575/11 466/576/11
f 463/572/11 466/576/11 464/573/11
f 471/552/9 472/574/9 475/553/9
f 465/575/15 451/554/15 452/557/15
f 465/575/15 452/557/15 466/576/15
f 468/577/46 467/578/46 459/565/46
f 468/577/46 459/565/46 457/564/46
f 469/579/47 468/580/47 457/562/47
f 469/579/47 457/562/47 455/559/47
f 470/581/48 469/582/48 455/559/48
f 470/581/48 455/559/48 453/555/48
f 471/583/49 470/584/49 453/555/49
f 471/583/49 453/555/49 451/554/49
f 472/585/50 471/586/50 451/554/50
f 472/585/50 451/554/50 465/575/50
f 473/587/51 472/588/51 465/575/51
f 473/587/51 465/575/51 463/572/51
f 474/589/52 473/590/52 463/572/52
f 474/589/52 463/572/52 461/569/52
f 467/591/53 474/592/53 461/569/53
f 467/591/53 461/569/53 459/565/53
f 479/593/5 477/594/5 476/595/5
f 476/595/5 477/594/5 478/596/5
f 480/597/5 477/594/5 479/593/5
f 481/598/5 477/594/5 480/597/5
f 482/599/5 477/594/5 481/598/5
f 483/600/5 477/594/5 482/599/5
f 484/601/5 477/594/5 483/600/5
f 478/596/5 477/594/5 484/601/5
f 476/602/54 478/603/54 462/570/54
f 476/602/54 462/570/54 464/573/54
f 479/604/55 476/605/55 464/573/55
f 479/604/55 464/573/55 466/576/55
f 480/606/56 479/607/56 466/576/56
f 480/606/56 466/576/56 452/557/56
f 481/608/57 480/609/57 452/557/57
f 481/608/57 452/557/57 454/556/57
f 482/610/58 481/611/58 454/556/58
f 482/610/58 454/556/58 456/560/58
f 483/612/59 482/613/59 456/560/59
f 483/612/59 456/560/59 458/500/59
f 484/614/60 483/615/60 458/567/60
f 484/614/60 458/567/60 460/566/60
f 478/616/61 484/617/61 460/566/61
f 478/616/61 460/566/61 462/570/61
f 521/618/9 522/619/9 526/620/9
f 485/621/14 487/622/14 488/623/14
f 485/621/14 488/623/14 486/624/14
f 520/625/9 521/618/9 526/620/9
f 487/622/16 489/626/16 490/627/16
f 487/622/16 490/627/16 488/623/16
f 519/533/9 520/625/9 526/620/9
f 489/626/12 491/628/12 492/629/12
f 489/626/12 492/629/12 490/627/12
f 518/630/9 519/533/9 526/620/9
f 491/628/7 493/631/7 494/632/7
f 491/628/7 494/632/7 492/629/7
f 525/633/9 518/630/9 526/620/9
f 493/634/8 495/635/8 496/636/8
f 493/634/8 496/636/8 494/637/8
f 524/638/9 525/633/9 526/620/9
f 495/635/10 497/639/10 498/640/10
f 495/635/10 498/640/10 496/636/10
f 523/641/9 524/638/9 526/620/9
f 497/639/11 499/642/11 500/643/11
f 497/639/11 500/643/11 498/640/11
f 522/619/9 523/641/9 526/620/9
f 499/642/15 485/621/15 486/624/15
f 499/642/15 486/624/15 500/643/15
f 486/624/22 501/644/22 502/645/22
f 486/624/22 502/645/22 500/643/22
f 488/623/23 503/646/23 501/647/23
f 488/623/23 501/647/23 486/624/23
f 490/627/24 504/648/24 503/649/24
f 490/627/24 503/649/24 488/623/24
f 492/629/25 505/650/25 504/651/25
f 492/629/25 504/651/25 490/627/25
f 494/632/26 506/652/26 505/653/26
f 494/632/26 505/653/26 492/629/26
f 496/636/27 507/654/27 506/655/27
f 496/636/27 506/655/27 494/637/27
f 498/640/28 508/656/28 507/657/28
f 498/640/28 507/657/28 496/636/28
f 500/643/29 502/658/29 508/659/29
f 500/643/29 508/659/29 498/640/29
f 501/660/30 509/661/30 510/662/30
f 501/660/30 510/662/30 502/663/30
f 503/664/31 511/665/31 509/666/31
f 503/664/31 509/666/31 501/667/31
f 504/668/32 512/669/32 511/670/32
f 504/668/32 511/670/32 503/671/32
f 505/672/33 513/673/33 512/674/33
f 505/672/33 512/674/33 504/675/33
f 506/676/34 514/677/34 513/678/34
f 506/676/34 513/678/34 505/679/34
f 507/680/35 515/681/35 514/682/35
f 507/680/35 514/682/35 506/683/35
f 508/684/36 516/685/36 515/686/36
f 508/684/36 515/686/36 507/687/36
f 502/688/37 510/689/37 516/690/37
f 502/688/37 516/690/37 508/691/37
f 509/692/38 517/693/38 510/694/38
f 511/695/39 517/696/39 509/697/39
f 512/698/40 517/699/40 511/700/40
f 513/701/41 517/702/41 512/703/41
f 514/704/42 517/705/42 513/706/42
f 515/707/43 517/708/43 514/709/43
f 516/710/44 517/711/44 515/712/44
f 510/713/45 517/714/45 516/715/45
f 519/716/46 518/717/46 493/631/46
f 519/716/46 493/631/46 491/628/46
f 520/718/47 519/719/47 491/628/47
f 520/718/47 491/628/47 489/626/47
f 521/720/48 520/721/48 489/626/48
f 521/720/48 489/626/48 487/622/48
f 522/722/49 521/723/49 487/622/49
f 522/722/49 487/622/49 485/621/49
f 523/724/50 522/725/50 485/621/50
f 523/724/50 485/621/50 499/642/50
f 524/726/51 523/727/51 499/642/51
f 524/726/51 499/642/51 497/639/51
f 525/728/52 524/729/52 497/639/52
f 525/728/52 497/639/52 495/635/52
f 518/730/53 525/731/53 495/635/53
f 518/730/53 495/635/53 493/634/53
f 563/732/9 564/733/9 568/734/9
f 527/735/14 529/736/14 530/737/14
f 527/735/14 530/737/14 528/738/14
f 562/739/9 563/732/9 568/734/9
f 529/736/16 531/740/16 532/741/16
f 529/736/16 532/741/16 530/737/16
f 561/600/9 562/739/9 568/734/9
f 531/740/12 533/742/12 534/743/12
f 531/740/12 534/743/12 532/741/12
f 560/744/9 561/600/9 568/734/9
f 533/742/7 535/634/7 536/637/7
f 533/742/7 536/637/7 534/743/7
f 567/745/9 560/744/9 568/734/9
f 535/746/8 537/747/8 538/748/8
f 535/746/8 538/748/8 536/749/8
f 566/750/9 567/745/9 568/734/9
f 537/747/10 539/751/10 540/752/10
f 537/747/10 540/752/10 538/748/10
f 565/753/9 566/750/9 568/734/9
f 539/751/11 541/754/11 542/755/11
f 539/751/11 542/755/11 540/752/11
f 564/733/9 565/753/9 568/734/9
f 541/754/15 527/735/15 528/738/15
f 541/754/15 528/738/15 542/755/15
f 528/738/22 543/756/22 544/757/22
f 528/738/22 544/757/22 542/755/22
f 530/737/23 545/758/23 543/759/23
f 530/737/23 543/759/23 528/738/23
f 532/741/24 546/760/24 545/761/24
f 532/741/24 545/761/24 530/737/24
f 534/743/25 547/762/25 546/763/25
f 534/743/25 546/763/25 532/741/25
f 536/637/26 548/764/26 547/765/26
f 536/637/26 547/765/26 534/743/26
f 538/748/27 549/766/27 548/767/27
f 538/748/27 548/767/27 536/749/27
f 540/752/28 550/768/28 549/769/28
f 540/752/28 549/769/28 538/748/28
f 542/755/29 544/770/29 550/771/29
f 542/755/29 550/771/29 540/752/29
f 543/772/30 551/773/30 552/774/30
f 543/772/30 552/774/30 544/775/30
f 545/776/31 553/777/31 551/778/31
f 545/776/31 551/778/31 543/779/31
f 546/780/32 554/781/32 553/782/32
f 546/780/32 553/782/32 545/783/32
f 547/784/33 555/785/33 554/786/33
f 547/784/33 554/786/33 546/787/33
f 548/788/34 556/789/34 555/790/34
f 548/788/34 555/790/34 547/791/34
f 549/792/35 557/793/35 556/794/35
f 549/792/35 556/794/35 548/795/35
f 550/796/36 558/797/36 557/798/36
f 550/796/36 557/798/36 549/799/36
f 544/800/37 552/801/37 558/802/37
f 544/800/37 558/802/37 550/803/37
f 551/804/38 559/805/38 552/806/38
f 553/807/39 559/808/39 551/809/39
f 554/810/40 559/811/40 553/812/40
f 555/813/41 559/814/41 554/815/41
f 556/816/42 559/817/42 555/818/42
f 557/819/43 559/820/43 556/821/43
f 558/822/44 559/823/44 557/824/44
f 552/825/45 559/826/45 558/827/45
f 561/828/46 560/829/46 535/634/46
f 561/828/46 535/634/46 533/742/46
f 562/830/47 561/831/47 533/742/47
f 562/830/47 533/742/47 531/740/47
f 563/832/48 562/833/48 531/740/48
f 563/832/48 531/740/48 529/736/48
f 564/834/49 563/835/49 529/736/49
f 564/834/49 529/736/49 527/735/49
f 565/836/50 564/837/50 527/735/50
f 565/836/50 527/735/50 541/754/50
f 566/838/51 565/839/51 541/754/51
f 566/838/51 541/754/51 539/751/51
f 567/840/52 566/841/52 539/751/52
f 567/840/52 539/751/52 537/747/52
f 560/842/53 567/843/53 537/747/53
f 560/842/53 537/747/53 535/746/53
f 572/844/13 635/845/13 571/846/13
f 572/844/13 571/846/13 612/9/13
f 616/844/1 636/845/1 635/846/1
f 616/844/1 635/846/1 572/9/1
f 584/847/4 583/848/4 570/845/4
f 584/847/4 570/845/4 636/846/4
f 583/848/4 605/849/4 615/844/4
f 583/848/4 615/844/4 570/845/4
f 573/848/2 575/849/2 571/844/2
f 573/848/2 571/844/2 570/845/2
f 574/847/2 573/848/2 570/845/2
f 574/847/2 570/845/2 615/846/2
f 578/844/1 634/845/1 633/846/1
f 578/844/1 633/846/1 609/9/1
f 601/844/4 576/845/4 634/846/4
f 601/844/4 634/846/4 578/9/4
f 600/847/2 579/848/2 577/845/2
f 600/847/2 577/845/2 576/846/2
f 579/848/2 580/849/2 610/844/2
f 579/848/2 610/844/2 577/845/2
f 581/848/13 582/849/13 633/844/13
f 581/848/13 633/844/13 577/845/13
f 606/847/13 581/848/13 577/845/13
f 606/847/13 577/845/13 610/846/13
f 583/10/5 584/9/5 582/850/5
f 583/10/5 582/850/5 581/851/5
f 605/850/2 583/851/2 581/10/2
f 605/850/2 581/10/2 606/9/2
f 584/10/1 616/9/1 609/850/1
f 584/10/1 609/850/1 582/851/1
f 586/844/2 569/845/2 585/846/2
f 586/844/2 585/846/2 613/9/2
f 611/844/13 637/845/13 569/846/13
f 611/844/13 569/846/13 586/9/13
f 587/849/1 588/848/1 638/846/1
f 587/849/1 638/846/1 637/9/1
f 588/848/1 589/852/1 614/845/1
f 588/848/1 614/845/1 638/846/1
f 603/848/4 602/852/4 585/845/4
f 603/848/4 585/845/4 638/846/4
f 604/849/4 603/848/4 638/846/4
f 604/849/4 638/846/4 614/9/4
f 591/844/4 595/845/4 640/846/4
f 591/844/4 640/846/4 599/9/4
f 608/844/2 590/845/2 595/846/2
f 608/844/2 595/846/2 591/9/2
f 592/852/13 593/848/13 639/846/13
f 592/852/13 639/846/13 590/845/13
f 593/848/13 594/849/13 607/9/13
f 593/848/13 607/9/13 639/846/13
f 596/848/1 598/852/1 640/845/1
f 596/848/1 640/845/1 639/846/1
f 597/849/1 596/848/1 639/846/1
f 597/849/1 639/846/1 607/9/1
f 602/10/5 603/9/5 593/850/5
f 602/10/5 593/850/5 592/851/5
f 613/850/2 602/851/2 592/10/2
f 613/850/2 592/10/2 608/9/2
f 603/10/1 604/9/1 594/850/1
f 603/10/1 594/850/1 593/851/1
f 604/850/9 613/851/9 608/10/9
f 604/850/9 608/10/9 594/9/9
f 616/850/9 605/851/9 606/10/9
f 616/850/9 606/10/9 609/9/9
f 599/844/9 607/845/9 608/846/9
f 599/844/9 608/846/9 591/9/9
f 578/844/9 609/845/9 610/846/9
f 578/844/9 610/846/9 601/9/9
f 586/846/9 613/9/9 614/844/9
f 586/846/9 614/844/9 611/845/9
f 612/846/9 615/9/9 616/844/9
f 612/846/9 616/844/9 572/845/9
f 625/10/4 626/9/4 619/850/4
f 625/10/4 619/850/4 618/851/4
f 627/850/5 625/851/5 618/10/5
f 627/850/5 618/10/5 617/9/5
f 631/850/13 627/851/13 617/10/13
f 631/850/13 617/10/13 632/9/13
f 623/10/4 624/9/4 622/850/4
f 623/10/4 622/850/4 621/851/4
f 629/850/13 628/851/13 620/10/13
f 629/850/13 620/10/13 630/9/13
f 628/850/5 623/851/5 621/10/5
f 628/850/5 621/10/5 620/9/5
f 624/850/9 629/851/9 630/10/9
f 624/850/9 630/10/9 622/9/9
f 626/850/9 631/851/9 632/10/9
f 626/850/9 632/10/9 619/9/9
f 577/9/5 633/844/5 634/845/5
f 577/9/5 634/845/5 576/846/5
f 571/9/5 635/844/5 636/845/5
f 571/9/5 636/845/5 570/846/5
f 569/9/5 637/844/5 638/845/5
f 569/9/5 638/845/5 585/846/5
f 590/9/5 639/844/5 640/845/5
f 590/9/5 640/845/5 595/846/5
f 641/853/62 642/854/62 643/855/62
f 644/856/63 645/857/63 646/858/63
f 644/856/63 646/858/63 647/859/63
f 648/860/64 649/861/64 650/862/64
f 648/860/64 650/862/64 651/863/64
f 649/864/65 652/865/65 653/866/65
f 649/864/65 653/866/65 650/867/65
f 645/868/66 654/869/66 655/870/66
f 645/868/66 655/870/66 646/871/66
f 656/872/67 657/873/67 652/874/67
f 656/872/67 652/874/67 649/875/67
f 642/876/68 658/877/68 657/878/68
f 642/876/68 657/878/68 656/879/68
f 647/880/69 641/881/69 644/882/69
f 654/883/70 650/867/70 653/884/70
f 654/883/70 653/884/70 655/885/70
f 659/886/71 654/887/71 645/888/71
f 659/886/71 645/888/71 660/889/71
f 644/890/72 641/891/72 661/892/72
f 643/893/73 642/894/73 656/895/73
f 643/893/74 656/895/74 662/896/74
f 648/897/75 662/898/75 656/899/75
f 648/897/75 656/899/75 649/900/75
f 651/884/76 650/862/76 654/901/76
f 651/884/76 654/901/76 659/902/76
f 661/903/77 660/904/77 645/905/77
f 661/903/77 645/905/77 644/906/78
f 641/907/79 658/908/79 642/909/79
f 664/910/72 663/911/72 665/912/72
f 668/913/68 667/914/68 666/915/68
f 668/913/68 666/915/68 669/916/68
f 672/917/76 671/918/76 670/919/76
f 672/917/76 670/919/76 673/920/76
f 675/921/70 674/922/70 671/923/70
f 675/921/70 671/923/70 672/924/70
f 677/925/67 676/926/67 667/927/67
f 677/925/67 667/927/67 668/928/67
f 674/929/66 679/930/66 678/931/66
f 674/929/66 678/931/66 671/932/66
f 679/933/63 680/934/63 664/935/63
f 679/933/63 664/935/63 678/936/63
f 663/937/80 669/938/80 666/939/80
f 675/924/65 672/920/65 676/940/65
f 675/924/65 676/940/65 677/941/65
f 667/942/75 676/943/75 681/944/75
f 667/942/75 681/944/75 682/945/75
f 663/946/62 666/947/62 683/948/62
f 678/949/77 664/950/81 665/951/77
f 678/949/77 665/951/77 684/952/77
f 678/953/71 684/954/71 670/955/71
f 678/953/71 670/955/71 671/956/71
f 676/957/64 672/920/64 673/958/64
f 676/957/64 673/958/64 681/959/64
f 667/960/74 682/961/74 683/962/82
f 667/960/74 683/962/82 666/963/82
f 680/964/83 663/965/83 664/966/83
f 685/967/14 691/968/14 683/969/14
f 685/967/14 683/969/14 682/970/14
f 692/971/11 686/972/11 665/973/11
f 692/971/11 665/973/11 663/974/11
f 686/975/10 687/971/10 684/974/10
f 686/975/10 684/974/10 665/976/10
f 687/977/8 688/975/8 670/976/8
f 687/977/8 670/976/8 684/978/8
f 690/979/12 689/980/12 681/981/12
f 690/979/12 681/981/12 673/982/12
f 688/983/7 690/977/7 673/978/7
f 688/983/7 673/978/7 670/984/7
f 689/968/16 685/979/16 682/982/16
f 689/968/16 682/982/16 681/969/16
f 683/970/15 691/967/15 692/972/15
f 683/970/15 692/972/15 663/973/15
f 694/910/84 693/911/84 695/912/84
f 698/913/85 697/914/85 696/915/85
f 698/913/85 696/915/85 699/916/85
f 702/917/86 701/918/86 700/919/86
f 702/917/86 700/919/86 703/920/86
f 705/921/76 704/922/76 701/923/76
f 705/921/76 701/923/76 702/924/76
f 707/925/87 706/926/87 697/927/87
f 707/925/87 697/927/87 698/928/87
f 704/929/88 709/930/88 708/931/88
f 704/929/88 708/931/88 701/932/88
f 709/933/89 710/934/89 694/935/89
f 709/933/89 694/935/89 708/936/89
f 693/937/90 699/938/90 696/939/90
f 705/924/91 702/920/91 706/940/91
f 705/924/91 706/940/91 707/941/91
f 697/942/92 706/943/92 711/944/92
f 697/942/92 711/944/92 712/945/92
f 693/946/93 696/947/93 713/948/93
f 708/949/94 694/950/94 695/951/94
f 708/949/94 695/951/94 714/952/94
f 708/953/95 714/954/95 700/955/95
f 708/953/95 700/955/95 701/956/95
f 706/957/96 702/920/96 703/958/96
f 706/957/96 703/958/96 711/959/96
f 697/960/97 712/961/97 713/962/98
f 697/960/97 713/962/98 696/963/98
f 710/964/99 693/965/99 694/966/99
f 715/970/100 721/969/100 713/985/100
f 715/970/100 713/985/100 712/986/100
f 722/974/101 716/973/101 695/987/101
f 722/974/101 695/987/101 693/988/101
f 716/976/102 717/974/102 714/988/102
f 716/976/102 714/988/102 695/989/102
f 717/978/103 718/976/103 700/989/103
f 717/978/103 700/989/103 714/990/103
f 720/982/104 719/981/104 711/991/104
f 720/982/104 711/991/104 703/992/104
f 718/984/105 720/978/105 703/990/105
f 718/984/105 703/990/105 700/993/105
f 719/969/106 715/982/106 712/992/106
f 719/969/106 712/992/106 711/985/106
f 713/986/107 721/970/107 722/973/107
f 713/986/107 722/973/107 693/987/107
f 724/910/84 723/911/84 725/912/84
f 728/913/85 727/914/85 726/915/85
f 728/913/85 726/915/85 729/916/85
f 732/917/86 731/918/86 730/919/86
f 732/917/86 730/919/86 733/920/86
f 735/921/76 734/922/76 731/923/76
f 735/921/76 731/923/76 732/924/76
f 737/925/87 736/926/87 727/927/87
f 737/925/87 727/927/87 728/928/87
f 734/929/88 739/930/88 738/931/88
f 734/929/88 738/931/88 731/932/88
f 739/933/89 740/934/89 724/935/89
f 739/933/89 724/935/89 738/936/89
f 723/937/90 729/938/90 726/939/90
f 735/924/91 732/920/91 736/940/91
f 735/924/91 736/940/91 737/941/91
f 727/942/92 736/943/92 741/944/92
f 727/942/92 741/944/92 742/945/92
f 723/946/93 726/947/93 743/948/93
f 738/949/94 724/950/108 725/951/94
f 738/949/94 725/951/94 744/952/94
f 738/953/95 744/954/95 730/955/95
f 738/953/95 730/955/95 731/956/95
f 736/957/96 732/920/96 733/958/96
f 736/957/96 733/958/96 741/959/96
f 727/960/97 742/961/97 743/962/98
f 727/960/97 743/962/98 726/963/98
f 740/964/99 723/965/99 724/966/99
f 745/986/100 751/985/100 743/994/100
f 745/986/100 743/994/100 742/995/100
f 752/988/101 746/987/101 725/996/101
f 752/988/101 725/996/101 723/997/101
f 746/989/102 747/988/102 744/997/102
f 746/989/102 744/997/102 725/998/102
f 747/990/103 748/989/103 730/998/103
f 747/990/103 730/998/103 744/999/103
f 750/992/104 749/991/104 741/1000/104
f 750/992/104 741/1000/104 733/1001/104
f 748/993/105 750/990/105 733/999/105
f 748/993/105 733/999/105 730/1002/105
f 749/985/106 745/992/106 742/1001/106
f 749/985/106 742/1001/106 741/994/106
f 743/995/107 751/986/107 752/987/107
f 743/995/107 752/987/107 723/996/107
f 754/910/109 753/911/109 755/912/109
f 758/913/110 757/914/110 756/915/110
f 758/913/110 756/915/110 759/916/110
f 762/917/111 761/918/111 760/919/111
f 762/917/111 760/919/111 763/920/111
f 765/921/112 764/922/112 761/923/112
f 765/921/112 761/923/112 762/924/112
f 767/925/113 766/926/113 757/927/113
f 767/925/113 757/927/113 758/928/113
f 764/929/114 769/930/114 768/931/114
f 764/929/114 768/931/114 761/932/114
f 769/933/115 770/934/115 754/935/115
f 769/933/115 754/935/115 768/936/115
f 753/937/116 759/938/116 756/939/116
f 765/924/64 762/920/64 766/940/64
f 765/924/64 766/940/64 767/941/64
f 757/942/117 766/943/117 771/944/117
f 757/942/117 771/944/117 772/945/117
f 753/946/118 756/947/118 773/948/118
f 768/949/119 754/950/120 755/951/119
f 768/949/119 755/951/119 774/952/119
f 768/953/121 774/954/121 760/955/121
f 768/953/121 760/955/121 761/956/121
f 766/957/122 762/920/122 763/958/122
f 766/957/122 763/958/122 771/959/122
f 757/960/123 772/961/123 773/962/124
f 757/960/123 773/962/124 756/963/124
f 770/964/72 753/965/72 754/966/72
f 775/986/103 781/985/103 773/994/103
f 775/986/103 773/994/103 772/995/103
f 782/988/104 776/987/104 755/996/104
f 782/988/104 755/996/104 753/997/104
f 776/989/106 777/988/106 774/997/106
f 776/989/106 774/997/106 755/998/106
f 777/990/100 778/989/100 760/998/100
f 777/990/100 760/998/100 774/999/100
f 780/992/101 779/991/101 771/1000/101
f 780/992/101 771/1000/101 763/1001/101
f 778/993/107 780/990/107 763/999/107
f 778/993/107 763/999/107 760/1002/107
f 779/985/102 775/992/102 772/1001/102
f 779/985/102 772/1001/102 771/994/102
f 773/995/105 781/986/105 782/987/105
f 773/995/105 782/987/105 753/996/105
f 784/910/109 783/911/109 785/912/109
f 788/913/110 787/914/110 786/915/110
f 788/913/110 786/915/110 789/916/110
f 792/917/111 791/918/111 790/919/111
f 792/917/111 790/919/111 793/920/111
f 795/921/112 794/922/112 791/923/112
f 795/921/112 791/923/112 792/924/112
f 797/925/113 796/926/113 787/927/113
f 797/925/113 787/927/113 788/928/113
f 794/929/114 799/930/114 798/931/114
f 794/929/114 798/931/114 791/932/114
f 799/933/115 800/934/115 784/935/115
f 799/933/115 784/935/115 798/936/115
f 783/937/116 789/938/116 786/939/116
f 795/924/64 792/920/64 796/940/64
f 795/924/64 796/940/64 797/941/64
f 787/942/117 796/943/117 801/944/117
f 787/942/117 801/944/117 802/945/117
f 783/946/118 786/947/118 803/948/118
f 798/949/119 784/950/120 785/951/119
f 798/949/119 785/951/119 804/952/119
f 798/953/121 804/954/121 790/955/121
f 798/953/121 790/955/121 791/956/121
f 796/957/122 792/920/122 793/958/122
f 796/957/122 793/958/122 801/959/122
f 787/960/123 802/961/123 803/962/123
f 787/960/123 803/962/123 786/963/124
f 800/964/72 783/965/72 784/966/72
f 805/986/103 811/985/103 803/994/103
f 805/986/103 803/994/103 802/995/103
f 812/988/104 806/987/104 785/996/104
f 812/988/104 785/996/104 783/997/104
f 806/989/106 807/988/106 804/997/106
f 806/989/106 804/997/106 785/998/106
f 807/990/100 808/989/100 790/998/100
f 807/990/100 790/998/100 804/999/100
f 810/992/101 809/991/101 801/1000/101
f 810/992/101 801/1000/101 793/1001/101
f 808/993/107 810/990/107 793/999/107
f 808/993/107 793/999/107 790/1002/107
f 809/985/102 805/992/102 802/1001/102
f 809/985/102 802/1001/102 801/994/102
f 803/995/105 811/986/105 812/987/105
f 803/995/105 812/987/105 783/996/105
f 814/910/109 813/911/109 815/912/109
f 818/913/110 817/914/110 816/915/110
f 818/913/110 816/915/110 819/916/110
f 822/917/111 821/918/111 820/919/111
f 822/917/111 820/919/111 823/920/111
f 825/921/112 824/922/112 821/923/112
f 825/921/112 821/923/112 822/924/112
f 827/925/113 826/926/113 817/927/113
f 827/925/113 817/927/113 818/928/113
f 824/929/114 829/930/114 828/931/114
f 824/929/114 828/931/114 821/932/114
f 829/933/115 830/934/115 814/935/115
f 829/933/115 814/935/115 828/936/115
f 813/937/116 819/938/116 816/939/116
f 825/924/64 822/920/64 826/940/64
f 825/924/64 826/940/64 827/941/64
f 817/942/117 826/943/117 831/944/117
f 817/942/117 831/944/117 832/945/117
f 813/946/118 816/947/118 833/948/118
f 828/949/119 814/950/120 815/951/119
f 828/949/119 815/951/119 834/952/119
f 828/953/121 834/954/121 820/955/121
f 828/953/121 820/955/121 821/956/121
f 826/957/122 822/920/122 823/958/122
f 826/957/122 823/958/122 831/959/122
f 817/960/123 832/961/123 833/962/124
f 817/960/123 833/962/124 816/963/124
f 830/964/72 813/965/72 814/966/72
f 835/1003/103 841/1004/103 833/1005/103
f 835/1003/103 833/1005/103 832/1006/103
f 842/1007/104 836/1008/104 815/1009/104
f 842/1007/104 815/1009/104 813/1010/104
f 836/1011/106 837/1007/106 834/1010/106
f 836/1011/106 834/1010/106 815/1012/106
f 837/1013/100 838/1011/100 820/1012/100
f 837/1013/100 820/1012/100 834/1014/100
f 840/1015/101 839/1016/101 831/1017/101
f 840/1015/101 831/1017/101 823/1018/101
f 838/1019/107 840/1013/107 823/1014/107
f 838/1019/107 823/1014/107 820/1020/107
f 839/1004/102 835/1015/102 832/1018/102
f 839/1004/102 832/1018/102 831/1005/102
f 833/1006/105 841/1003/105 842/1008/105
f 833/1006/105 842/1008/105 813/1009/105
f 844/1021/109 843/1022/109 845/1023/109
f 848/1024/110 847/1025/110 846/1026/110
f 848/1024/110 846/1026/110 849/1027/110
f 852/1028/111 851/1029/111 850/1030/111
f 852/1028/111 850/1030/111 853/1031/111
f 855/1032/112 854/1033/112 851/1034/112
f 855/1032/112 851/1034/112 852/1035/112
f 857/1036/113 856/1037/113 847/1038/113
f 857/1036/113 847/1038/113 848/1039/113
f 854/1040/114 859/1041/114 858/1042/114
f 854/1040/114 858/1042/114 851/1043/114
f 859/1044/115 860/1045/115 844/1046/115
f 859/1044/115 844/1046/115 858/1047/115
f 843/1048/116 849/1049/116 846/1050/116
f 855/1035/64 852/1031/64 856/1051/64
f 855/1035/64 856/1051/64 857/1052/64
f 847/1053/117 856/1054/117 861/1055/117
f 847/1053/117 861/1055/117 862/1056/117
f 843/1057/118 846/1058/118 863/1059/118
f 858/1060/119 844/1061/120 845/1062/119
f 858/1060/119 845/1062/119 864/1063/119
f 858/1064/121 864/1065/121 850/1066/121
f 858/1064/121 850/1066/121 851/1067/121
f 856/1068/122 852/1031/122 853/1069/122
f 856/1068/122 853/1069/122 861/1070/122
f 847/1071/123 862/1072/123 863/1073/123
f 847/1071/123 863/1073/123 846/1074/124
f 860/1075/72 843/1076/72 844/1077/72
f 865/1007/103 871/1011/103 863/1012/103
f 865/1007/103 863/1012/103 862/1010/103
f 872/1003/104 866/1008/104 845/1009/104
f 872/1003/104 845/1009/104 843/1006/104
f 866/1004/106 867/1003/106 864/1006/106
f 866/1004/106 864/1006/106 845/1005/106
f 867/1015/100 868/1004/100 850/1005/100
f 867/1015/100 850/1005/100 864/1018/100
f 870/1013/101 869/1019/101 861/1020/101
f 870/1013/101 861/1020/101 853/1014/101
f 868/1016/107 870/1015/107 853/1018/107
f 868/1016/107 853/1018/107 850/1017/107
f 869/1011/102 865/1013/102 862/1014/102
f 869/1011/102 862/1014/102 861/1012/102
f 863/1010/105 871/1007/105 872/1008/105
f 863/1010/105 872/1008/105 843/1009/105
f 874/910/125 873/911/125 875/912/125
f 878/913/113 877/914/113 876/915/113
f 878/913/113 876/915/113 879/916/113
f 882/917/126 881/918/126 880/919/126
f 882/917/126 880/919/126 883/920/126
f 885/921/127 884/922/127 881/923/127
f 885/921/127 881/923/127 882/924/127
f 887/925/110 886/926/110 877/927/110
f 887/925/110 877/927/110 878/928/110
f 884/929/115 889/930/115 888/931/115
f 884/929/115 888/931/115 881/932/115
f 889/933/114 890/934/114 874/935/114
f 889/933/114 874/935/114 888/936/114
f 873/937/64 879/938/64 876/939/64
f 885/924/116 882/920/116 886/940/116
f 885/924/116 886/940/116 887/941/116
f 877/942/123 886/943/123 891/944/123
f 877/942/123 891/944/123 892/945/123
f 873/946/128 876/947/128 893/948/128
f 888/949/121 874/950/129 875/951/121
f 888/949/121 875/951/121 894/952/121
f 888/953/119 894/954/119 880/955/119
f 888/953/119 880/955/119 881/956/119
f 886/957/130 882/920/130 883/958/130
f 886/957/130 883/958/130 891/959/130
f 877/960/117 892/961/117 893/962/131
f 877/960/117 893/962/131 876/963/131
f 890/964/132 873/965/132 874/966/132
f 895/995/102 901/994/102 893/1004/102
f 895/995/102 893/1004/102 892/1003/102
f 902/997/107 896/996/107 875/1008/107
f 902/997/107 875/1008/107 873/1007/107
f 896/998/100 897/997/100 894/1007/100
f 896/998/100 894/1007/100 875/1011/100
f 897/999/106 898/998/106 880/1011/106
f 897/999/106 880/1011/106 894/1013/106
f 900/1001/105 899/1000/105 891/1016/105
f 900/1001/105 891/1016/105 883/1015/105
f 898/1002/104 900/999/104 883/1013/104
f 898/1002/104 883/1013/104 880/1019/104
f 899/994/103 895/1001/103 892/1015/103
f 899/994/103 892/1015/103 891/1004/103
f 893/1003/101 901/995/101 902/996/101
f 893/1003/101 902/996/101 873/1008/101
f 904/910/125 903/911/125 905/912/125
f 908/913/113 907/914/113 906/915/113
f 908/913/113 906/915/113 909/916/113
f 912/917/126 911/918/126 910/919/126
f 912/917/126 910/919/126 913/920/126
f 915/921/127 914/922/127 911/923/127
f 915/921/127 911/923/127 912/924/127
f 917/925/110 916/926/110 907/927/110
f 917/925/110 907/927/110 908/928/110
f 914/929/115 919/930/115 918/931/115
f 914/929/115 918/931/115 911/932/115
f 919/933/114 920/934/114 904/935/114
f 919/933/114 904/935/114 918/936/114
f 903/937/64 909/938/64 906/939/64
f 915/924/116 912/920/116 916/940/116
f 915/924/116 916/940/116 917/941/116
f 907/942/123 916/943/123 921/944/123
f 907/942/123 921/944/123 922/945/123
f 903/946/128 906/947/128 923/948/128
f 918/949/121 904/950/129 905/951/121
f 918/949/121 905/951/121 924/952/121
f 918/953/119 924/954/119 910/955/119
f 918/953/119 910/955/119 911/956/119
f 916/957/130 912/920/130 913/958/130
f 916/957/130 913/958/130 921/959/130
f 907/960/117 922/961/117 923/962/117
f 907/960/117 923/962/117 906/963/131
f 920/964/132 903/965/132 904/966/132
f 925/1078/102 931/1079/102 923/1080/102
f 925/1078/102 923/1080/102 922/1081/102
f 932/1082/107 926/1083/107 905/1084/107
f 932/1082/107 905/1084/107 903/1085/107
f 926/1086/100 927/1082/100 924/1085/100
f 926/1086/100 924/1085/100 905/1087/100
f 927/1088/106 928/1086/106 910/1087/106
f 927/1088/106 910/1087/106 924/1089/106
f 930/1090/105 929/1091/105 921/1092/105
f 930/1090/105 921/1092/105 913/1093/105
f 928/1094/104 930/1088/104 913/1089/104
f 928/1094/104 913/1089/104 910/1095/104
f 929/1079/103 925/1090/103 922/1093/103
f 929/1079/103 922/1093/103 921/1080/103
f 923/1081/101 931/1078/101 932/1083/101
f 923/1081/101 932/1083/101 903/1084/101
f 934/910/109 933/911/109 935/912/109
f 938/913/110 937/914/110 936/915/110
f 938/913/110 936/915/110 939/916/110
f 942/917/111 941/918/111 940/919/111
f 942/917/111 940/919/111 943/920/111
f 945/921/112 944/922/112 941/923/112
f 945/921/112 941/923/112 942/924/112
f 947/925/113 946/926/113 937/927/113
f 947/925/113 937/927/113 938/928/113
f 944/929/114 949/930/114 948/931/114
f 944/929/114 948/931/114 941/932/114
f 949/933/115 950/934/115 934/935/115
f 949/933/115 934/935/115 948/936/115
f 933/937/116 939/938/116 936/939/116
f 945/924/64 942/920/64 946/940/64
f 945/924/64 946/940/64 947/941/64
f 937/942/117 946/943/117 951/944/117
f 937/942/117 951/944/117 952/945/117
f 933/946/118 936/947/118 953/948/118
f 948/949/119 934/950/120 935/951/119
f 948/949/119 935/951/119 954/952/119
f 948/953/121 954/954/121 940/955/121
f 948/953/121 940/955/121 941/956/121
f 946/957/122 942/920/122 943/958/122
f 946/957/122 943/958/122 951/959/122
f 937/960/123 952/961/123 953/962/123
f 937/960/123 953/962/123 936/963/124
f 950/964/127 933/965/127 934/966/127
f 955/1096/103 961/1097/103 953/1098/103
f 955/1096/103 953/1098/103 952/1099/103
f 962/1100/104 956/1101/104 935/1102/104
f 962/1100/104 935/1102/104 933/1103/104
f 956/1104/106 957/1100/106 954/1103/106
f 956/1104/106 954/1103/106 935/1105/106
f 957/1106/100 958/1104/100 940/1105/100
f 957/1106/100 940/1105/100 954/1107/100
f 960/1108/101 959/1109/101 951/1110/101
f 960/1108/101 951/1110/101 943/1111/101
f 958/1112/107 960/1106/107 943/1107/107
f 958/1112/107 943/1107/107 940/1113/107
f 959/1097/102 955/1108/102 952/1111/102
f 959/1097/102 952/1111/102 951/1098/102
f 953/1099/105 961/1096/105 962/1101/105
f 953/1099/105 962/1101/105 933/1102/105
f 939/1096/133 963/1114/133 964/1115/133
f 939/1096/133 964/1115/133 938/1097/133
f 938/1101/134 964/1116/134 965/1114/134
f 938/1101/134 965/1114/134 947/1096/134
f 947/1100/135 965/1117/135 966/1116/135
f 947/1100/135 966/1116/135 945/1101/135
f 945/1117/136 966/1100/136 967/1104/136
f 945/1117/136 967/1104/136 944/1118/136
f 933/1097/137 968/1115/137 963/1119/137
f 933/1097/137 963/1119/137 939/1108/137
f 950/1120/138 969/1109/138 968/1108/138
f 950/1120/138 968/1108/138 933/1119/138
f 949/1121/139 970/1106/139 969/1112/139
f 949/1121/139 969/1112/139 950/1122/139
f 944/1118/140 967/1104/140 970/1106/140
f 944/1118/140 970/1106/140 949/1121/140
f 972/910/128 971/911/128 973/912/128
f 976/913/141 975/914/141 974/915/141
f 976/913/141 974/915/141 977/916/141
f 980/917/96 979/918/96 978/919/96
f 980/917/96 978/919/96 981/920/96
f 983/921/142 982/922/142 979/923/142
f 983/921/142 979/923/142 980/924/142
f 985/925/143 984/926/143 975/927/143
f 985/925/143 975/927/143 976/928/143
f 982/929/144 987/930/144 986/931/144
f 982/929/144 986/931/144 979/932/144
f 987/933/145 988/934/145 972/935/145
f 987/933/145 972/935/145 986/936/145
f 971/937/146 977/938/146 974/939/146
f 983/924/69 980/920/69 984/940/69
f 983/924/69 984/940/69 985/941/69
f 975/942/147 984/943/147 989/944/147
f 975/942/147 989/944/147 990/945/147
f 971/946/84 974/947/84 991/948/84
f 986/949/148 972/950/149 973/951/148
f 986/949/148 973/951/148 992/952/148
f 986/953/150 992/954/150 978/955/150
f 986/953/150 978/955/150 979/956/150
f 984/957/126 980/920/126 981/958/126
f 984/957/126 981/958/126 989/959/126
f 975/960/151 990/961/151 991/962/151
f 975/960/151 991/962/151 974/963/152
f 988/964/65 971/965/65 972/966/65
f 993/1123/15 999/1124/15 991/1125/15
f 993/1123/15 991/1125/15 990/1126/15
f 1000/1127/16 994/1128/16 973/1129/16
f 1000/1127/16 973/1129/16 971/1130/16
f 994/1131/12 995/1127/12 992/1130/12
f 994/1131/12 992/1130/12 973/1132/12
f 995/1133/7 996/1131/7 978/1132/7
f 995/1133/7 978/1132/7 992/1134/7
f 998/1135/10 997/1136/10 989/1137/10
f 998/1135/10 989/1137/10 981/1138/10
f 996/1139/8 998/1133/8 981/1134/8
f 996/1139/8 981/1134/8 978/1140/8
f 997/1124/11 993/1135/11 990/1138/11
f 997/1124/11 990/1138/11 989/1125/11
f 991/1126/14 999/1123/14 1000/1128/14
f 991/1126/14 1000/1128/14 971/1129/14
f 977/1141/137 1001/1124/137 1002/1123/137
f 977/1141/137 1002/1123/137 976/1142/137
f 976/1143/138 1002/1135/138 1003/1124/138
f 976/1143/138 1003/1124/138 985/1141/138
f 985/1144/139 1003/1136/139 1004/1135/139
f 985/1144/139 1004/1135/139 983/1143/139
f 983/1145/140 1004/1133/140 1005/1139/140
f 983/1145/140 1005/1139/140 982/1146/140
f 971/1142/133 1006/1123/133 1001/1128/133
f 971/1142/133 1001/1128/133 977/1147/133
f 988/1147/134 1007/1128/134 1006/1127/134
f 988/1147/134 1006/1127/134 971/1148/134
f 987/1148/135 1008/1127/135 1007/1131/135
f 987/1148/135 1007/1131/135 988/1149/135
f 982/1149/136 1005/1131/136 1008/1133/136
f 982/1149/136 1008/1133/136 987/1145/136
f 1010/910/153 1009/911/153 1011/912/153
f 1014/913/67 1013/914/67 1012/915/67
f 1014/913/67 1012/915/67 1015/916/67
f 1018/917/127 1017/918/127 1016/919/127
f 1018/917/127 1016/919/127 1019/920/127
f 1021/921/69 1020/922/69 1017/923/69
f 1021/921/69 1017/923/69 1018/924/69
f 1023/925/68 1022/926/68 1013/927/68
f 1023/925/68 1013/927/68 1014/928/68
f 1020/929/63 1025/930/63 1024/931/63
f 1020/929/63 1024/931/63 1017/932/63
f 1025/933/66 1026/934/66 1010/935/66
f 1025/933/66 1010/935/66 1024/936/66
f 1009/937/65 1015/938/65 1012/939/65
f 1021/924/80 1018/920/80 1022/940/80
f 1021/924/80 1022/940/80 1023/941/80
f 1013/942/74 1022/943/74 1027/944/74
f 1013/942/74 1027/944/74 1028/945/74
f 1009/946/154 1012/947/154 1029/948/154
f 1024/949/71 1010/950/155 1011/951/71
f 1024/949/71 1011/951/71 1030/952/71
f 1024/953/77 1030/954/77 1016/955/77
f 1024/953/77 1016/955/77 1017/956/77
f 1022/957/90 1018/920/90 1019/958/90
f 1022/957/90 1019/958/90 1027/959/90
f 1013/960/75 1028/961/75 1029/962/75
f 1013/960/75 1029/962/75 1012/963/156
f 1026/964/70 1009/965/70 1010/966/70
f 1031/1150/16 1037/1151/16 1029/1152/16
f 1031/1150/16 1029/1152/16 1028/1153/16
f 1038/1154/7 1032/1155/7 1011/1156/7
f 1038/1154/7 1011/1156/7 1009/1157/7
f 1032/1158/8 1033/1154/8 1030/1157/8
f 1032/1158/8 1030/1157/8 1011/1159/8
f 1033/1160/10 1034/1158/10 1016/1159/10
f 1033/1160/10 1016/1159/10 1030/1161/10
f 1036/1162/15 1035/1163/15 1027/983/15
f 1036/1162/15 1027/983/15 1019/1164/15
f 1034/1165/11 1036/1160/11 1019/1161/11
f 1034/1165/11 1019/1161/11 1016/1166/11
f 1035/1151/14 1031/1162/14 1028/1164/14
f 1035/1151/14 1028/1164/14 1027/1152/14
f 1029/1153/12 1037/1150/12 1038/1155/12
f 1029/1153/12 1038/1155/12 1009/1156/12
f 1015/1167/101 1039/1150/101 1040/1151/101
f 1015/1167/101 1040/1151/101 1014/1168/101
f 1014/1169/107 1040/1155/107 1041/1150/107
f 1014/1169/107 1041/1150/107 1023/1167/107
f 1023/1170/100 1041/1154/100 1042/1155/100
f 1023/1170/100 1042/1155/100 1021/1169/100
f 1021/1171/106 1042/1158/106 1043/1154/106
f 1021/1171/106 1043/1154/106 1020/1170/106
f 1009/1168/102 1044/1151/102 1039/1162/102
f 1009/1168/102 1039/1162/102 1015/1172/102
f 1026/1172/103 1045/1162/103 1044/1163/103
f 1026/1172/103 1044/1163/103 1009/1173/103
f 1025/1174/105 1046/1165/105 1045/1160/105
f 1025/1174/105 1045/1160/105 1026/1175/105
f 1020/1175/104 1043/1160/104 1046/1158/104
f 1020/1175/104 1046/1158/104 1025/1171/104
f 1048/910/109 1047/911/109 1049/912/109
f 1052/913/110 1051/914/110 1050/915/110
f 1052/913/110 1050/915/110 1053/916/110
f 1056/917/111 1055/918/111 1054/919/111
f 1056/917/111 1054/919/111 1057/920/111
f 1059/921/112 1058/922/112 1055/923/112
f 1059/921/112 1055/923/112 1056/924/112
f 1061/925/113 1060/926/113 1051/927/113
f 1061/925/113 1051/927/113 1052/928/113
f 1058/929/114 1063/930/114 1062/931/114
f 1058/929/114 1062/931/114 1055/932/114
f 1063/933/115 1064/934/115 1048/935/115
f 1063/933/115 1048/935/115 1062/936/115
f 1047/937/116 1053/938/116 1050/939/116
f 1059/924/64 1056/920/64 1060/940/64
f 1059/924/64 1060/940/64 1061/941/64
f 1051/942/117 1060/943/117 1065/944/117
f 1051/942/117 1065/944/117 1066/945/117
f 1047/946/118 1050/947/118 1067/948/118
f 1062/949/119 1048/950/120 1049/951/119
f 1062/949/119 1049/951/119 1068/952/119
f 1062/953/121 1068/954/121 1054/955/121
f 1062/953/121 1054/955/121 1055/956/121
f 1060/957/122 1056/920/122 1057/958/122
f 1060/957/122 1057/958/122 1065/959/122
f 1051/960/123 1066/961/123 1067/962/123
f 1051/960/123 1067/962/123 1050/963/124
f 1064/964/127 1047/965/127 1048/966/127
f 1069/1176/103 1075/1177/103 1067/1141/103
f 1069/1176/103 1067/1141/103 1066/1142/103
f 1076/1178/104 1070/1179/104 1049/1147/104
f 1076/1178/104 1049/1147/104 1047/1148/104
f 1070/1180/106 1071/1178/106 1068/1148/106
f 1070/1180/106 1068/1148/106 1049/1149/106
f 1071/1181/100 1072/1180/100 1054/1149/100
f 1071/1181/100 1054/1149/100 1068/1145/100
f 1074/1182/101 1073/1183/101 1065/1144/101
f 1074/1182/101 1065/1144/101 1057/1143/101
f 1072/1184/107 1074/1181/107 1057/1145/107
f 1072/1184/107 1057/1145/107 1054/1146/107
f 1073/1177/102 1069/1182/102 1066/1143/102
f 1073/1177/102 1066/1143/102 1065/1141/102
f 1067/1142/105 1075/1176/105 1076/1179/105
f 1067/1142/105 1076/1179/105 1047/1147/105
f 1053/1176/133 1077/1099/133 1078/1098/133
f 1053/1176/133 1078/1098/133 1052/1177/133
f 1052/1179/134 1078/1102/134 1079/1099/134
f 1052/1179/134 1079/1099/134 1061/1176/134
f 1061/1178/135 1079/1103/135 1080/1102/135
f 1061/1178/135 1080/1102/135 1059/1179/135
f 1059/1103/136 1080/1178/136 1081/1180/136
f 1059/1103/136 1081/1180/136 1058/1105/136
f 1047/1177/137 1082/1098/137 1077/1111/137
f 1047/1177/137 1077/1111/137 1053/1182/137
f 1064/1110/138 1083/1183/138 1082/1182/138
f 1064/1110/138 1082/1182/138 1047/1111/138
f 1063/1107/139 1084/1181/139 1083/1184/139
f 1063/1107/139 1083/1184/139 1064/1113/139
f 1058/1105/140 1081/1180/140 1084/1181/140
f 1058/1105/140 1084/1181/140 1063/1107/140
f 1086/910/157 1085/911/157 1087/912/157
f 1090/913/87 1089/914/87 1088/915/87
f 1090/913/87 1088/915/87 1091/916/87
f 1094/917/158 1093/918/158 1092/919/158
f 1094/917/158 1092/919/158 1095/920/158
f 1097/921/159 1096/922/159 1093/923/159
f 1097/921/159 1093/923/159 1094/924/159
f 1099/925/85 1098/926/85 1089/927/85
f 1099/925/85 1089/927/85 1090/928/85
f 1096/929/89 1101/930/89 1100/931/89
f 1096/929/89 1100/931/89 1093/932/89
f 1101/933/88 1102/934/88 1086/935/88
f 1101/933/88 1086/935/88 1100/936/88
f 1085/937/91 1091/938/91 1088/939/91
f 1097/924/90 1094/920/90 1098/940/90
f 1097/924/90 1098/940/90 1099/941/90
f 1089/942/97 1098/943/97 1103/944/97
f 1089/942/97 1103/944/97 1104/945/98
f 1085/946/160 1088/947/160 1105/948/160
f 1100/949/95 1086/950/161 1087/951/95
f 1100/949/95 1087/951/95 1106/952/162
f 1100/953/94 1106/954/94 1092/955/94
f 1100/953/94 1092/955/94 1093/956/94
f 1098/957/163 1094/920/163 1095/958/163
f 1098/957/163 1095/958/163 1103/959/163
f 1089/960/92 1104/961/92 1105/962/164
f 1089/960/92 1105/962/164 1088/963/164
f 1102/964/76 1085/965/76 1086/966/76
f 1107/1185/106 1113/1186/106 1105/1187/106
f 1107/1185/106 1105/1187/106 1104/1188/106
f 1114/1189/105 1108/1190/105 1087/1191/105
f 1114/1189/105 1087/1191/105 1085/1192/105
f 1108/1193/103 1109/1189/103 1106/1192/103
f 1108/1193/103 1106/1192/103 1087/1194/103
f 1109/1195/102 1110/1193/102 1092/1194/102
f 1109/1195/102 1092/1194/102 1106/1196/102
f 1112/1197/107 1111/1198/107 1103/958/107
f 1112/1197/107 1103/958/107 1095/1199/107
f 1110/1163/101 1112/1195/101 1095/1196/101
f 1110/1163/101 1095/1196/101 1092/1200/101
f 1111/1186/100 1107/1197/100 1104/1199/100
f 1111/1186/100 1104/1199/100 1103/1187/100
f 1105/1188/104 1113/1185/104 1114/1190/104
f 1105/1188/104 1114/1190/104 1085/1191/104
f 1091/1185/140 1115/1201/140 1116/1202/140
f 1091/1185/140 1116/1202/140 1090/1186/140
f 1090/1190/139 1116/1203/139 1117/1201/139
f 1090/1190/139 1117/1201/139 1099/1185/139
f 1099/1189/138 1117/1204/138 1118/1203/138
f 1099/1189/138 1118/1203/138 1097/1190/138
f 1097/1204/137 1118/1189/137 1119/1193/137
f 1097/1204/137 1119/1193/137 1096/1205/137
f 1085/1186/136 1120/1202/136 1115/1206/136
f 1085/1186/136 1115/1206/136 1091/1197/136
f 1102/1207/135 1121/1198/135 1120/1197/135
f 1102/1207/135 1120/1197/135 1085/1206/135
f 1101/1208/134 1122/1195/134 1121/1163/134
f 1101/1208/134 1121/1163/134 1102/1209/134
f 1096/1205/133 1119/1193/133 1122/1195/133
f 1096/1205/133 1122/1195/133 1101/1208/133
f 1124/1210/83 1123/1211/83 1125/1212/83
f 1128/1213/150 1127/1214/150 1126/1215/150
f 1128/1213/150 1126/1215/150 1129/1216/150
f 1132/1217/146 1131/1218/146 1130/1219/146
f 1132/1217/146 1130/1219/146 1133/1220/146
f 1135/1221/158 1134/1222/158 1131/1223/158
f 1135/1221/158 1131/1223/158 1132/1220/158
f 1137/1224/148 1136/1225/148 1127/1226/148
f 1137/1224/148 1127/1226/148 1128/1227/148
f 1134/1228/151 1139/1229/151 1138/1230/151
f 1134/1228/151 1138/1230/151 1131/1231/151
f 1139/1232/147 1140/1233/147 1124/1234/147
f 1139/1232/147 1124/1234/147 1138/1235/147
f 1123/1236/160 1129/1237/160 1126/1238/160
f 1135/1239/122 1132/1220/122 1136/1240/122
f 1135/1239/122 1136/1240/122 1137/1241/122
f 1127/1242/145 1136/1243/145 1141/1244/145
f 1127/1242/145 1141/1244/145 1142/1245/145
f 1123/1246/165 1126/1247/165 1143/1248/165
f 1138/1249/143 1124/1250/166 1125/1251/143
f 1138/1249/143 1125/1251/143 1144/1252/143
f 1138/1253/141 1144/1254/141 1130/1255/141
f 1138/1253/141 1130/1255/141 1131/1256/141
f 1136/1257/65 1132/1220/65 1133/1258/65
f 1136/1257/65 1133/1258/65 1141/1259/65
f 1127/1260/144 1142/1261/144 1143/1262/144
f 1127/1260/167 1143/1262/167 1126/1263/167
f 1140/1264/109 1123/1265/109 1124/1266/109
f 1146/910/83 1145/911/83 1147/912/83
f 1150/913/150 1149/914/150 1148/915/150
f 1150/913/150 1148/915/150 1151/916/150
f 1154/917/146 1153/918/146 1152/919/146
f 1154/917/146 1152/919/146 1155/920/146
f 1157/1267/158 1156/1268/158 1153/1269/158
f 1157/1267/158 1153/1269/158 1154/920/158
f 1159/925/148 1158/926/148 1149/927/148
f 1159/925/148 1149/927/148 1150/928/148
f 1156/1270/151 1161/1271/151 1160/1272/151
f 1156/1270/151 1160/1272/151 1153/1273/151
f 1161/933/147 1162/934/147 1146/935/147
f 1161/933/147 1146/935/147 1160/936/147
f 1145/937/160 1151/938/160 1148/939/160
f 1157/924/122 1154/920/122 1158/940/122
f 1157/924/122 1158/940/122 1159/941/122
f 1149/942/145 1158/943/145 1163/944/145
f 1149/942/145 1163/944/145 1164/945/145
f 1145/946/165 1148/947/165 1165/948/165
f 1160/949/143 1146/950/143 1147/951/143
f 1160/949/143 1147/951/143 1166/952/143
f 1160/953/141 1166/954/141 1152/955/141
f 1160/953/141 1152/955/141 1153/956/141
f 1158/957/65 1154/920/65 1155/958/65
f 1158/957/65 1155/958/65 1163/959/65
f 1149/960/144 1164/961/144 1165/962/144
f 1149/960/167 1165/962/167 1148/963/167
f 1162/964/109 1145/965/109 1146/966/109
f 1162/1120/10 1167/1017/10 1168/1018/10
f 1162/1120/10 1168/1018/10 1145/1119/10
f 1145/1119/8 1168/1018/8 1169/1005/8
f 1145/1119/8 1169/1005/8 1151/1115/8
f 1151/1115/7 1169/1005/7 1170/1006/7
f 1151/1115/7 1170/1006/7 1150/1114/7
f 1150/1114/12 1170/1006/12 1171/1009/12
f 1150/1114/12 1171/1009/12 1159/1116/12
f 1159/1116/16 1171/1009/16 1172/1010/16
f 1159/1116/16 1172/1010/16 1157/1117/16
f 1157/1117/14 1172/1010/14 1173/1012/14
f 1157/1117/14 1173/1012/14 1156/1118/14
f 1156/1118/15 1173/1012/15 1174/1014/15
f 1156/1118/15 1174/1014/15 1161/1121/15
f 1161/1121/11 1174/1014/11 1167/1020/11
f 1161/1121/11 1167/1020/11 1162/1122/11
f 1176/1210/168 1175/1211/168 1177/1212/168
f 1180/1213/169 1179/1214/169 1178/1215/169
f 1180/1213/169 1178/1215/169 1181/1216/169
f 1184/1217/70 1183/1218/70 1182/1219/70
f 1184/1217/70 1182/1219/70 1185/1220/70
f 1187/1221/86 1186/1222/86 1183/1223/86
f 1187/1221/86 1183/1223/86 1184/1220/86
f 1189/1224/170 1188/1225/170 1179/1226/170
f 1189/1224/170 1179/1226/170 1180/1227/170
f 1186/1228/171 1191/1229/171 1190/1230/171
f 1186/1228/171 1190/1230/171 1183/1231/171
f 1191/1232/172 1192/1233/172 1176/1234/172
f 1191/1232/172 1176/1234/172 1190/1235/172
f 1175/1236/163 1181/1237/163 1178/1238/163
f 1187/1239/130 1184/1220/130 1188/1240/130
f 1187/1239/130 1188/1240/130 1189/1241/130
f 1179/1242/173 1188/1243/173 1193/1244/173
f 1179/1242/173 1193/1244/173 1194/1245/173
f 1175/1246/79 1178/1247/79 1195/1248/79
f 1190/1249/174 1176/1250/175 1177/1251/174
f 1190/1249/174 1177/1251/174 1196/1252/174
f 1190/1253/176 1196/1254/176 1182/1255/176
f 1190/1253/176 1182/1255/176 1183/1256/176
f 1188/1257/177 1184/1220/177 1185/1258/177
f 1188/1257/177 1185/1258/177 1193/1259/177
f 1179/1260/178 1194/1261/178 1195/1262/178
f 1179/1260/179 1195/1262/179 1178/1263/179
f 1192/1264/125 1175/1265/125 1176/1266/125
f 1198/1210/168 1197/1211/168 1199/1212/168
f 1202/1213/169 1201/1214/169 1200/1215/169
f 1202/1213/169 1200/1215/169 1203/1216/169
f 1206/1217/70 1205/1218/70 1204/1219/70
f 1206/1217/70 1204/1219/70 1207/1220/70
f 1209/1221/86 1208/1222/86 1205/1223/86
f 1209/1221/86 1205/1223/86 1206/1220/86
f 1211/1224/170 1210/1225/170 1201/1226/170
f 1211/1224/170 1201/1226/170 1202/1227/170
f 1208/1228/171 1213/1229/171 1212/1230/171
f 1208/1228/171 1212/1230/171 1205/1231/171
f 1213/1232/172 1214/1233/172 1198/1234/172
f 1213/1232/172 1198/1234/172 1212/1235/172
f 1197/1236/163 1203/1237/163 1200/1238/163
f 1209/1239/130 1206/1220/130 1210/1240/130
f 1209/1239/130 1210/1240/130 1211/1241/130
f 1201/1242/173 1210/1243/173 1215/1244/173
f 1201/1242/173 1215/1244/173 1216/1245/173
f 1197/1246/79 1200/1247/79 1217/1248/79
f 1212/1249/174 1198/1250/174 1199/1251/174
f 1212/1249/174 1199/1251/174 1218/1252/174
f 1212/1253/176 1218/1254/176 1204/1255/176
f 1212/1253/176 1204/1255/176 1205/1256/176
f 1210/1257/177 1206/1220/177 1207/1258/177
f 1210/1257/177 1207/1258/177 1215/1259/177
f 1201/1260/178 1216/1261/178 1217/1262/178
f 1201/1260/179 1217/1262/179 1200/1263/179
f 1214/1264/111 1197/1265/111 1198/1266/111
f 1220/1274/79 1219/1275/79 1221/1276/79
f 1224/1277/77 1223/1278/77 1222/1279/77
f 1224/1277/77 1222/1279/77 1225/1280/77
f 1228/1281/65 1227/1282/65 1226/1283/65
f 1228/1281/65 1226/1283/65 1229/1284/65
f 1231/1285/64 1230/1286/64 1227/1287/64
f 1231/1285/64 1227/1287/64 1228/1284/64
f 1233/1288/71 1232/1289/71 1223/1290/71
f 1233/1288/71 1223/1290/71 1224/1291/71
f 1230/1292/75 1235/1293/75 1234/1294/75
f 1230/1292/75 1234/1294/75 1227/1295/75
f 1235/1296/74 1236/1297/74 1220/1298/74
f 1235/1296/74 1220/1298/74 1234/1299/74
f 1219/1300/127 1225/1301/127 1222/1302/127
f 1231/1303/76 1228/1284/76 1232/1304/76
f 1231/1303/76 1232/1304/76 1233/1305/76
f 1223/1306/66 1232/1307/66 1237/1308/66
f 1223/1306/66 1237/1308/66 1238/1309/66
f 1219/1310/69 1222/1311/69 1239/1312/69
f 1234/1313/68 1220/1314/180 1221/1315/68
f 1234/1313/68 1221/1315/68 1240/1316/68
f 1234/1317/67 1240/1318/67 1226/1319/67
f 1234/1317/67 1226/1319/67 1227/1320/67
f 1232/1321/70 1228/1284/70 1229/1322/70
f 1232/1321/70 1229/1322/70 1237/1323/70
f 1223/1324/63 1238/1325/63 1239/1326/63
f 1223/1324/181 1239/1326/181 1222/1327/181
f 1236/1328/62 1219/1329/62 1220/1330/62
f 1242/1331/165 1241/1332/165 1243/1333/165
f 1246/1334/182 1245/1335/182 1244/1336/182
f 1246/1334/182 1244/1336/182 1247/1337/182
f 1250/1338/177 1249/1339/177 1248/1340/177
f 1250/1338/177 1248/1340/177 1251/1341/177
f 1253/1342/116 1252/1343/116 1249/1344/116
f 1253/1342/116 1249/1344/116 1250/1341/116
f 1255/1345/183 1254/1346/183 1245/1347/183
f 1255/1345/183 1245/1347/183 1246/1348/183
f 1252/1349/184 1257/1350/184 1256/1351/184
f 1252/1349/184 1256/1351/184 1249/1352/184
f 1257/1353/185 1258/1354/185 1242/1355/185
f 1257/1353/185 1242/1355/185 1256/1356/185
f 1241/1357/112 1247/1358/112 1244/1359/112
f 1253/1360/159 1250/1341/159 1254/1361/159
f 1253/1360/159 1254/1361/159 1255/1362/159
f 1245/1363/186 1254/1364/186 1259/1365/186
f 1245/1363/186 1259/1365/186 1260/1366/186
f 1241/1367/187 1244/1368/187 1261/1369/187
f 1256/1370/188 1242/1371/188 1243/1372/188
f 1256/1370/188 1243/1372/188 1262/1373/188
f 1256/1374/189 1262/1375/189 1248/1376/189
f 1256/1374/189 1248/1376/189 1249/1377/189
f 1254/1378/146 1250/1341/146 1251/1000/146
f 1254/1378/146 1251/1000/146 1259/1379/146
f 1245/1380/190 1260/1381/190 1261/1382/190
f 1245/1380/191 1261/1382/191 1244/1383/191
f 1258/1384/192 1241/1385/192 1242/1386/192
f 1264/1331/83 1263/1332/83 1265/1333/83
f 1268/1334/150 1267/1335/150 1266/1336/150
f 1268/1334/150 1266/1336/150 1269/1337/150
f 1272/1338/146 1271/1339/146 1270/1340/146
f 1272/1338/146 1270/1340/146 1273/1341/146
f 1275/1342/158 1274/1343/158 1271/1344/158
f 1275/1342/158 1271/1344/158 1272/1341/158
f 1277/1345/148 1276/1346/148 1267/1347/148
f 1277/1345/148 1267/1347/148 1268/1348/148
f 1274/1349/151 1279/1350/151 1278/1351/151
f 1274/1349/151 1278/1351/151 1271/1352/151
f 1279/1353/147 1280/1354/147 1264/1355/147
f 1279/1353/147 1264/1355/147 1278/1356/147
f 1263/1357/96 1269/1358/96 1266/1359/96
f 1275/1360/122 1272/1341/122 1276/1361/122
f 1275/1360/122 1276/1361/122 1277/1362/122
f 1267/1363/145 1276/1364/145 1281/1365/145
f 1267/1363/145 1281/1365/145 1282/1366/145
f 1263/1367/165 1266/1368/165 1283/1369/165
f 1278/1370/143 1264/1371/166 1265/1372/143
f 1278/1370/143 1265/1372/143 1284/1373/143
f 1278/1374/141 1284/1375/141 1270/1376/141
f 1278/1374/141 1270/1376/141 1271/1377/141
f 1276/1378/65 1272/1341/65 1273/1000/65
f 1276/1378/65 1273/1000/65 1281/1379/65
f 1267/1380/144 1282/1381/144 1283/1382/144
f 1267/1380/144 1283/1382/144 1266/1383/167
f 1280/1384/109 1263/1385/109 1264/1386/109
f 1270/1387/133 1285/1194/133 1286/1192/133
f 1270/1387/133 1286/1192/133 1273/1388/133
f 1284/1388/137 1287/1192/137 1285/1191/137
f 1284/1388/137 1285/1191/137 1270/1389/137
f 1265/1389/138 1288/1191/138 1287/1188/138
f 1265/1389/138 1287/1188/138 1284/1390/138
f 1263/1390/139 1289/1188/139 1288/1187/139
f 1263/1390/139 1288/1187/139 1265/1391/139
f 1290/1187/140 1289/1199/140 1263/1392/140
f 1290/1187/140 1263/1392/140 1283/1391/140
f 1282/1392/136 1291/1199/136 1290/958/136
f 1282/1392/136 1290/958/136 1283/1393/136
f 1281/1394/135 1292/1200/135 1291/1196/135
f 1281/1394/135 1291/1196/135 1282/1395/135
f 1273/1395/134 1286/1196/134 1292/1194/134
f 1273/1395/134 1292/1194/134 1281/1387/134
f 1294/910/193 1293/911/193 1295/912/193
f 1298/913/119 1297/914/119 1296/915/119
f 1298/913/119 1296/915/119 1299/916/119
f 1302/917/64 1301/918/64 1300/919/64
f 1302/917/64 1300/919/64 1303/920/64
f 1305/1267/122 1304/1268/122 1301/1269/122
f 1305/1267/122 1301/1269/122 1302/920/122
f 1307/925/121 1306/926/121 1297/927/121
f 1307/925/121 1297/927/121 1298/928/121
f 1304/1270/117 1309/1271/117 1308/1272/117
f 1304/1270/117 1308/1272/117 1301/1273/117
f 1309/933/123 1310/934/123 1294/935/123
f 1309/933/123 1294/935/123 1308/936/123
f 1293/937/126 1299/938/126 1296/939/126
f 1305/924/111 1302/920/111 1306/940/111
f 1305/924/111 1306/940/111 1307/941/111
f 1297/942/114 1306/943/114 1311/944/114
f 1297/942/114 1311/944/114 1312/945/114
f 1293/946/72 1296/947/72 1313/948/72
f 1308/949/110 1294/950/194 1295/951/110
f 1308/949/110 1295/951/110 1314/952/110
f 1308/953/113 1314/954/113 1300/955/113
f 1308/953/113 1300/955/113 1301/956/113
f 1306/957/112 1302/920/112 1303/958/112
f 1306/957/112 1303/958/112 1311/959/112
f 1297/960/115 1312/961/115 1313/962/115
f 1297/960/115 1313/962/115 1296/963/195
f 1310/964/130 1293/965/130 1294/966/130
f 1314/971/134 1315/1388/134 1316/1389/134
f 1314/971/134 1316/1389/134 1300/972/134
f 1300/972/135 1316/1389/135 1317/1390/135
f 1300/972/135 1317/1390/135 1303/967/135
f 1303/967/136 1317/1390/136 1318/1391/136
f 1303/967/136 1318/1391/136 1311/968/136
f 1311/968/140 1318/1391/140 1319/1392/140
f 1311/968/140 1319/1392/140 1312/979/140
f 1312/979/139 1319/1392/139 1320/1393/139
f 1312/979/139 1320/1393/139 1313/980/139
f 1320/1394/138 1321/1395/138 1293/977/138
f 1320/1394/138 1293/977/138 1313/983/138
f 1293/977/137 1321/1395/137 1322/1387/137
f 1293/977/137 1322/1387/137 1295/975/137
f 1295/975/133 1322/1387/133 1315/1388/133
f 1295/975/133 1315/1388/133 1314/971/133
f 1324/1021/84 1323/1022/84 1325/1023/84
f 1328/1024/85 1327/1025/85 1326/1026/85
f 1328/1024/85 1326/1026/85 1329/1027/85
f 1332/1028/86 1331/1029/86 1330/1030/86
f 1332/1028/86 1330/1030/86 1333/1031/86
f 1335/1396/76 1334/1397/76 1331/1398/76
f 1335/1396/76 1331/1398/76 1332/1031/76
f 1337/1036/87 1336/1037/87 1327/1038/87
f 1337/1036/87 1327/1038/87 1328/1039/87
f 1334/1399/88 1339/1400/88 1338/1401/88
f 1334/1399/88 1338/1401/88 1331/1402/88
f 1339/1044/89 1340/1045/89 1324/1046/89
f 1339/1044/89 1324/1046/89 1338/1047/89
f 1323/1048/90 1329/1049/90 1326/1050/90
f 1335/1035/91 1332/1031/91 1336/1051/91
f 1335/1035/91 1336/1051/91 1337/1052/91
f 1327/1053/92 1336/1054/92 1341/1055/92
f 1327/1053/92 1341/1055/92 1342/1056/164
f 1323/1057/93 1326/1058/93 1343/1059/93
f 1338/1060/94 1324/1061/108 1325/1062/94
f 1338/1060/94 1325/1062/94 1344/1063/94
f 1338/1064/95 1344/1065/95 1330/1066/95
f 1338/1064/95 1330/1066/95 1331/1067/95
f 1336/1068/96 1332/1031/96 1333/1069/96
f 1336/1068/96 1333/1069/96 1341/1070/96
f 1327/1071/97 1342/1072/97 1343/1073/97
f 1327/1071/98 1343/1073/98 1326/1074/98
f 1340/1075/159 1323/1076/159 1324/1077/159
f 1334/1403/134 1345/1157/134 1346/1159/134
f 1334/1403/134 1346/1159/134 1339/1404/134
f 1340/1405/137 1347/1153/137 1348/1156/137
f 1340/1405/137 1348/1156/137 1323/1406/137
f 1339/1406/133 1346/1156/133 1347/1157/133
f 1339/1406/133 1347/1157/133 1340/1403/133
f 1335/1404/135 1349/1159/135 1345/1161/135
f 1335/1404/135 1345/1161/135 1334/1407/135
f 1337/1407/136 1350/1161/136 1349/1166/136
f 1337/1407/136 1349/1166/136 1335/1408/136
f 1328/984/140 1351/983/140 1350/1164/140
f 1328/984/140 1350/1164/140 1337/1409/140
f 1329/1409/139 1352/1164/139 1351/1152/139
f 1329/1409/139 1351/1152/139 1328/1410/139
f 1323/1410/138 1348/1152/138 1352/1153/138
f 1323/1410/138 1352/1153/138 1329/1405/138
f 1354/1021/84 1353/1022/84 1355/1023/84
f 1358/1024/85 1357/1025/85 1356/1026/85
f 1358/1024/85 1356/1026/85 1359/1027/85
f 1362/1028/86 1361/1029/86 1360/1030/86
f 1362/1028/86 1360/1030/86 1363/1031/86
f 1365/1396/76 1364/1397/76 1361/1398/76
f 1365/1396/76 1361/1398/76 1362/1031/76
f 1367/1036/87 1366/1037/87 1357/1038/87
f 1367/1036/87 1357/1038/87 1358/1039/87
f 1364/1399/88 1369/1400/88 1368/1401/88
f 1364/1399/88 1368/1401/88 1361/1402/88
f 1369/1044/89 1370/1045/89 1354/1046/89
f 1369/1044/89 1354/1046/89 1368/1047/89
f 1353/1048/90 1359/1049/90 1356/1050/90
f 1365/1035/91 1362/1031/91 1366/1051/91
f 1365/1035/91 1366/1051/91 1367/1052/91
f 1357/1053/92 1366/1054/92 1371/1055/92
f 1357/1053/92 1371/1055/92 1372/1056/92
f 1353/1057/93 1356/1058/93 1373/1059/93
f 1368/1060/94 1354/1061/108 1355/1062/94
f 1368/1060/94 1355/1062/94 1374/1063/94
f 1368/1064/95 1374/1065/95 1360/1066/95
f 1368/1064/95 1360/1066/95 1361/1067/95
f 1366/1068/96 1362/1031/96 1363/1069/96
f 1366/1068/96 1363/1069/96 1371/1070/96
f 1357/1071/97 1372/1072/97 1373/1073/97
f 1357/1071/98 1373/1073/98 1356/1074/98
f 1370/1075/159 1353/1076/159 1354/1077/159
f 1364/1403/134 1375/1411/134 1376/1412/134
f 1364/1403/134 1376/1412/134 1369/1404/134
f 1370/1405/137 1377/1413/137 1378/1414/137
f 1370/1405/137 1378/1414/137 1353/1406/137
f 1369/1406/133 1376/1414/133 1377/1411/133
f 1369/1406/133 1377/1411/133 1370/1403/133
f 1365/1404/135 1379/1412/135 1375/1415/135
f 1365/1404/135 1375/1415/135 1364/1407/135
f 1367/1407/136 1380/1415/136 1379/1416/136
f 1367/1407/136 1379/1416/136 1365/1408/136
f 1358/984/140 1381/1417/140 1380/1418/140
f 1358/984/140 1380/1418/140 1367/1409/140
f 1359/1409/139 1382/1418/139 1381/1419/139
f 1359/1409/139 1381/1419/139 1358/1410/139
f 1353/1410/138 1378/1419/138 1382/1413/138
f 1353/1410/138 1382/1413/138 1359/1405/138
f 1384/1331/72 1383/1332/72 1385/1333/72
f 1388/1334/68 1387/1335/68 1386/1336/68
f 1388/1334/68 1386/1336/68 1389/1337/68
f 1392/1338/76 1391/1339/76 1390/1340/76
f 1392/1338/76 1390/1340/76 1393/1341/76
f 1395/1342/70 1394/1343/70 1391/1344/70
f 1395/1342/70 1391/1344/70 1392/1341/70
f 1397/1345/67 1396/1346/67 1387/1347/67
f 1397/1345/67 1387/1347/67 1388/1348/67
f 1394/1349/66 1399/1350/66 1398/1351/66
f 1394/1349/66 1398/1351/66 1391/1352/66
f 1399/1353/63 1400/1354/63 1384/1355/63
f 1399/1353/63 1384/1355/63 1398/1356/63
f 1383/1357/80 1389/1358/80 1386/1359/80
f 1395/1360/65 1392/1341/65 1396/1361/65
f 1395/1360/65 1396/1361/65 1397/1362/65
f 1387/1363/75 1396/1364/75 1401/1365/75
f 1387/1363/75 1401/1365/75 1402/1366/75
f 1383/1367/62 1386/1368/62 1403/1369/62
f 1398/1370/77 1384/1371/77 1385/1372/77
f 1398/1370/77 1385/1372/77 1404/1373/77
f 1398/1374/71 1404/1375/71 1390/1376/71
f 1398/1374/71 1390/1376/71 1391/1377/71
f 1396/1378/64 1392/1341/64 1393/1000/64
f 1396/1378/64 1393/1000/64 1401/1379/64
f 1387/1380/74 1402/1381/74 1403/1382/74
f 1387/1380/82 1403/1382/82 1386/1383/82
f 1400/1384/83 1383/1385/83 1384/1386/83
f 1406/1420/153 1405/1421/153 1407/1422/153
f 1410/1423/67 1409/1424/67 1408/1425/67
f 1410/1423/67 1408/1425/67 1411/1426/67
f 1414/1427/127 1413/1428/127 1412/1429/127
f 1414/1427/127 1412/1429/127 1415/1430/127
f 1417/1431/69 1416/1432/69 1413/1433/69
f 1417/1431/69 1413/1433/69 1414/1430/69
f 1419/1434/68 1418/1435/68 1409/1436/68
f 1419/1434/68 1409/1436/68 1410/1437/68
f 1416/1438/63 1421/1439/63 1420/1440/63
f 1416/1438/63 1420/1440/63 1413/1441/63
f 1421/1442/66 1422/1443/66 1406/1444/66
f 1421/1442/66 1406/1444/66 1420/1445/66
f 1405/1446/65 1411/1447/65 1408/1448/65
f 1417/1449/80 1414/1430/80 1418/1450/80
f 1417/1449/80 1418/1450/80 1419/1451/80
f 1409/1452/74 1418/1453/74 1423/1454/74
f 1409/1452/74 1423/1454/74 1424/1455/74
f 1405/1456/154 1408/1457/154 1425/1458/154
f 1420/1459/71 1406/1460/71 1407/1461/71
f 1420/1459/71 1407/1461/71 1426/1462/71
f 1420/1463/77 1426/1464/77 1412/1465/77
f 1420/1463/77 1412/1465/77 1413/1466/77
f 1418/1467/90 1414/1430/90 1415/1468/90
f 1418/1467/90 1415/1468/90 1423/1469/90
f 1409/1470/75 1424/1471/75 1425/1472/75
f 1409/1470/156 1425/1472/156 1408/1473/156
f 1422/1474/196 1405/1475/196 1406/1476/196
f 1417/1419/106 1427/1079/106 1428/1078/106
f 1417/1419/106 1428/1078/106 1416/1413/106
f 1422/1411/103 1429/1082/103 1430/1086/103
f 1422/1411/103 1430/1086/103 1405/1412/103
f 1421/1414/105 1431/1083/105 1429/1082/105
f 1421/1414/105 1429/1082/105 1422/1411/105
f 1416/1413/104 1428/1078/104 1431/1083/104
f 1416/1413/104 1431/1083/104 1421/1414/104
f 1419/1418/100 1432/1090/100 1427/1079/100
f 1419/1418/100 1427/1079/100 1417/1419/100
f 1410/1417/107 1433/1091/107 1432/1090/107
f 1410/1417/107 1432/1090/107 1419/1418/107
f 1411/1415/101 1434/1088/101 1433/1094/101
f 1411/1415/101 1433/1094/101 1410/1416/101
f 1405/1412/102 1430/1086/102 1434/1088/102
f 1405/1412/102 1434/1088/102 1411/1415/102
f 1435/1477/100 1436/1478/100 1437/1479/100
f 1435/1477/100 1437/1479/100 1438/1480/100
f 1439/1481/107 1440/1482/107 1436/1483/107
f 1439/1481/107 1436/1483/107 1435/1477/107
f 1441/1484/101 1442/1485/101 1440/1482/101
f 1441/1484/101 1440/1482/101 1439/1481/101
f 1443/1486/103 1444/1487/103 1445/862/103
f 1443/1486/103 1445/862/103 1446/1488/103
f 1446/1489/102 1445/862/102 1442/1485/102
f 1446/1489/102 1442/1485/102 1441/1484/102
f 1447/1490/105 1448/1491/105 1444/1487/105
f 1447/1490/105 1444/1487/105 1443/1486/105
f 1449/1492/104 1450/1493/104 1448/1491/104
f 1449/1492/104 1448/1491/104 1447/1490/104
f 1438/1494/106 1437/1495/106 1450/1493/106
f 1438/1494/106 1450/1493/106 1449/1492/106
f 1451/1484/12 1452/1496/12 1453/1497/12
f 1451/1484/12 1453/1497/12 1454/1489/12
f 1455/1481/16 1456/1498/16 1452/1496/16
f 1455/1481/16 1452/1496/16 1451/1484/16
f 1457/1477/14 1458/1499/14 1456/1498/14
f 1457/1477/14 1456/1498/14 1455/1481/14
f 1459/1492/11 1460/1500/11 1461/1501/11
f 1459/1492/11 1461/1501/11 1462/1502/11
f 1462/1480/15 1461/1503/15 1458/1499/15
f 1462/1480/15 1458/1499/15 1457/1477/15
f 1463/1490/10 1464/1504/10 1460/1500/10
f 1463/1490/10 1460/1500/10 1459/1505/10
f 1465/1486/8 1466/1506/8 1464/1504/8
f 1465/1486/8 1464/1504/8 1463/1490/8
f 1454/1489/7 1453/1507/7 1466/1506/7
f 1454/1489/7 1466/1506/7 1465/1486/7
f 1467/1508/12 1468/1509/12 1469/1095/12
f 1467/1508/12 1469/1095/12 1470/1089/12
f 1471/1510/16 1472/1508/16 1468/1089/16
f 1471/1510/16 1468/1089/16 1467/1087/16
f 1473/1511/14 1474/1510/14 1472/1087/14
f 1473/1511/14 1472/1087/14 1471/1085/14
f 1475/1084/11 1476/1081/11 1477/1512/11
f 1475/1084/11 1477/1512/11 1478/1513/11
f 1478/1513/15 1477/1511/15 1474/1085/15
f 1478/1513/15 1474/1085/15 1473/1084/15
f 1479/1081/10 1480/1080/10 1476/1514/10
f 1479/1081/10 1476/1514/10 1475/1512/10
f 1481/1080/8 1482/1093/8 1480/1515/8
f 1481/1080/8 1480/1515/8 1479/1514/8
f 1470/1093/7 1469/1092/7 1482/1516/7
f 1470/1093/7 1482/1516/7 1481/1515/7
o frame_top
v -1.000000 2.750000 -0.875000
v -0.875000 2.750000 -0.875000
v -1.000000 2.750000 -1.000000
v -0.875000 2.750000 -1.000000
v -0.875000 0.250000 -0.875000
v -1.000000 0.250000 -0.875000
v -1.000000 0.250000 -1.000000
v -0.875000 0.250000 -1.000000
v -0.875000 2.750000 1.000000
v -0.875000 2.750000 0.875000
v -1.000000 2.750000 1.000000
v -1.000000 2.750000 0.875000
v -0.875000 0.250000 0.875000
v -0.875000 0.250000 1.000000
v -1.000000 0.250000 1.000000
v -1.000000 0.250000 0.875000
v 1.000000 2.750000 0.875000
v 0.875000 2.750000 0.875000
v 1.000000 2.750000 1.000000
v 0.875000 2.750000 1.000000
v 1.000000 0.250000 0.875000
v 0.875000 0.250000 0.875000
v 1.000000 0.250000 1.000000
v 0.875000 0.250000 1.000000
v 0.875000 0.250000 -1.000000
v 0.875000 0.250000 -0.875000
v 1.000000 0.250000 -1.000000
v 1.000000 0.250000 -0.875000
v 0.875000 2.750000 -1.000000
v 0.875000 2.750000 -0.875000
v 1.000000 2.750000 -1.000000
v 1.000000 2.750000 -0.875000
v -0.750000 2.875000 1.000000
v -1.000000 2.750000 -0.750000
v -0.750000 2.750000 -0.750000
v -0.750000 3.000000 -0.750000
v -0.750000 2.750000 -1.000000
v -1.000000 3.000000 -1.000000
v -1.000000 2.750000 -0.875000
v -0.875000 2.750000 -0.875000
v -1.000000 2.750000 -1.000000
v -0.875000 2.750000 -1.000000
v -0.750000 2.875000 -0.875000
v -0.750000 3.000000 -0.875000
v -0.750000 2.875000 -1.000000
v -0.750000 3.000000 -1.000000
v 0.750000 3.000000 -0.875000
v 0.750000 2.875000 -0.875000
v 0.750000 2.875000 -1.000000
v 0.750000 3.000000 -1.000000
v 1.000000 2.750000 0.750000
v 0.750000 2.750000 0.750000
v 0.750000 3.000000 0.750000
v 0.750000 2.750000 1.000000
v 1.000000 3.000000 1.000000
v 1.000000 2.875000 0.750000
v 1.000000 3.000000 0.750000
v 0.875000 2.875000 0.750000
v 0.875000 3.000000 0.750000
v -0.750000 2.750000 1.000000
v -0.750000 2.750000 0.750000
v -0.750000 3.000000 0.750000
v -1.000000 2.750000 0.750000
v -1.000000 3.000000 1.000000
v -0.750000 3.000000 1.000000
v -0.750000 2.875000 0.875000
v -0.750000 3.000000 0.875000
v -0.875000 2.750000 1.000000
v -0.875000 2.750000 0.875000
v -1.000000 2.750000 1.000000
v -1.000000 2.750000 0.875000
v -0.875000 2.875000 0.750000
v -0.875000 3.000000 0.750000
v -1.000000 2.875000 0.750000
v -1.000000 3.000000 0.750000
v -0.875000 3.000000 -0.750000
v -0.875000 2.875000 -0.750000
v -1.000000 2.875000 -0.750000
v -1.000000 3.000000 -0.750000
v 0.750000 3.000000 1.000000
v 0.750000 2.875000 1.000000
v 0.750000 2.875000 0.875000
v 0.750000 3.000000 0.875000
v 0.750000 2.750000 -1.000000
v 0.750000 2.750000 -0.750000
v 0.750000 3.000000 -0.750000
v 1.000000 2.750000 -0.750000
v 1.000000 3.000000 -1.000000
v 0.875000 2.875000 -0.750000
v 0.875000 3.000000 -0.750000
v 1.000000 2.875000 -0.750000
v 1.000000 3.000000 -0.750000
v 1.000000 2.750000 0.875000
v 0.875000 2.750000 0.875000
v 1.000000 2.750000 1.000000
v 0.875000 2.750000 1.000000
v 0.875000 2.750000 -1.000000
v 0.875000 2.750000 -0.875000
v 1.000000 2.750000 -1.000000
v 1.000000 2.750000 -0.875000
v 1.000000 2.875000 0.750000
v 1.000000 3.000000 0.750000
v 0.875000 2.875000 0.750000
v 0.875000 3.000000 0.750000
v -0.875000 2.875000 0.750000
v -0.875000 3.000000 0.750000
v -1.000000 2.875000 0.750000
v -1.000000 3.000000 0.750000
v -0.875000 3.000000 -0.750000
v -0.875000 2.875000 -0.750000
v -1.000000 2.875000 -0.750000
v -1.000000 3.000000 -0.750000
v 0.875000 2.875000 -0.750000
v 0.875000 3.000000 -0.750000
v 1.000000 2.875000 -0.750000
v 1.000000 3.000000 -0.750000
vn 1.0000 -0.0000 -0.0000
vn -0.0000 -0.0000 1.0000
vn -1.0000 -0.0000 -0.0000
vn -0.0000 -0.0000 -1.0000
vn -0.0000 -1.0000 -0.0000
vn -0.0000 1.0000 -0.0000
vt 0.343750 0.515625
vt 0.359375 0.515625
vt 0.359375 0.828125
vt 0.343750 0.828125
vt 0.390625 0.515625
vt 0.390625 0.546875
vt 0.359375 0.546875
vt 0.375000 0.531250
vt 0.359375 0.531250
vt 0.375000 0.546875
vt 0.375000 0.515625
vt 0.390625 0.531250
vt 0.359375 0.703125
vt 0.343750 0.703125
s 1
usemtl m_3cf7c396-3942-42dd-868d-03c32804cb9f
f 1488/1517/197 1487/1518/197 1484/1519/197
f 1488/1517/197 1484/1519/197 1483/1520/197
f 1489/1517/198 1488/1518/198 1483/1519/198
f 1489/1517/198 1483/1519/198 1485/1520/198
f 1490/1517/199 1489/1518/199 1485/1519/199
f 1490/1517/199 1485/1519/199 1486/1520/199
f 1487/1517/200 1490/1518/200 1486/1519/200
f 1487/1517/200 1486/1519/200 1484/1520/200
f 1496/1517/200 1495/1518/200 1492/1519/200
f 1496/1517/200 1492/1519/200 1491/1520/200
f 1497/1517/197 1496/1518/197 1491/1519/197
f 1497/1517/197 1491/1519/197 1493/1520/197
f 1498/1517/198 1497/1518/198 1493/1519/198
f 1498/1517/198 1493/1519/198 1494/1520/198
f 1495/1517/199 1498/1518/199 1494/1519/199
f 1495/1517/199 1494/1519/199 1492/1520/199
f 1499/1519/200 1501/1520/200 1505/1517/200
f 1499/1519/200 1505/1517/200 1503/1518/200
f 1500/1519/199 1499/1520/199 1503/1517/199
f 1500/1519/199 1503/1517/199 1504/1518/199
f 1502/1519/198 1500/1520/198 1504/1517/198
f 1502/1519/198 1504/1517/198 1506/1518/198
f 1501/1519/197 1502/1520/197 1506/1517/197
f 1501/1519/197 1506/1517/197 1505/1518/197
f 1511/1519/199 1513/1520/199 1509/1517/199
f 1511/1519/199 1509/1517/199 1507/1518/199
f 1512/1519/198 1511/1520/198 1507/1517/198
f 1512/1519/198 1507/1517/198 1508/1518/198
f 1514/1519/197 1512/1520/197 1508/1517/197
f 1514/1519/197 1508/1517/197 1510/1518/197
f 1513/1519/200 1514/1520/200 1510/1517/200
f 1513/1519/200 1510/1517/200 1509/1518/200
f 1519/1518/199 1523/1521/199 1520/1522/199
f 1519/1518/199 1520/1522/199 1528/1523/199
f 1523/1518/198 1516/1521/198 1561/1522/198
f 1523/1518/198 1561/1522/198 1520/1523/198
f 1517/1521/197 1559/1524/197 1560/1525/197
f 1517/1521/197 1560/1525/197 1516/1518/197
f 1518/1522/197 1558/1526/197 1559/1524/197
f 1518/1522/197 1559/1524/197 1517/1521/197
f 1516/1518/201 1521/1527/201 1522/1524/201
f 1516/1518/201 1522/1524/201 1517/1523/201
f 1517/1523/201 1522/1524/201 1524/1528/201
f 1517/1523/201 1524/1528/201 1519/1522/201
f 1519/1521/200 1527/1528/200 1525/1524/200
f 1519/1521/200 1525/1524/200 1517/1518/200
f 1517/1518/200 1525/1524/200 1526/1526/200
f 1517/1518/200 1526/1526/200 1518/1523/200
f 1520/1518/202 1561/1521/202 1518/1522/202
f 1520/1518/202 1518/1522/202 1528/1523/202
f 1530/1529/197 1529/1530/197 1526/1517/197
f 1530/1529/197 1526/1517/197 1525/1518/197
f 1531/1517/201 1530/1518/201 1525/1529/201
f 1531/1517/201 1525/1529/201 1527/1530/201
f 1532/1517/199 1531/1518/199 1527/1529/199
f 1532/1517/199 1527/1529/199 1528/1530/199
f 1529/1529/202 1532/1530/202 1528/1517/202
f 1529/1529/202 1528/1517/202 1526/1518/202
f 1536/1518/197 1577/1521/197 1537/1522/197
f 1536/1518/197 1537/1522/197 1562/1523/197
f 1537/1522/202 1539/1523/202 1535/1518/202
f 1537/1522/202 1535/1518/202 1562/1521/202
f 1577/1518/200 1533/1521/200 1539/1522/200
f 1577/1518/200 1539/1522/200 1537/1523/200
f 1534/1521/199 1540/1524/199 1538/1525/199
f 1534/1521/199 1538/1525/199 1533/1518/199
f 1535/1522/199 1541/1526/199 1540/1524/199
f 1535/1522/199 1540/1524/199 1534/1521/199
f 1533/1521/201 1575/1527/201 1576/1524/201
f 1533/1521/201 1576/1524/201 1534/1522/201
f 1534/1522/201 1576/1524/201 1578/1525/201
f 1534/1522/201 1578/1525/201 1536/1523/201
f 1536/1521/198 1563/1528/198 1564/1524/198
f 1536/1521/198 1564/1524/198 1534/1518/198
f 1534/1518/198 1564/1524/198 1565/1526/198
f 1534/1518/198 1565/1526/198 1535/1523/198
f 1545/1518/198 1552/1521/198 1546/1522/198
f 1545/1518/198 1546/1522/198 1557/1523/198
f 1546/1521/202 1547/1522/202 1544/1523/202
f 1546/1521/202 1544/1523/202 1557/1518/202
f 1552/1518/197 1542/1521/197 1547/1522/197
f 1552/1518/197 1547/1522/197 1546/1523/197
f 1543/1521/200 1548/1524/200 1515/1525/200
f 1543/1521/200 1515/1525/200 1542/1518/200
f 1544/1522/200 1549/1526/200 1548/1524/200
f 1544/1522/200 1548/1524/200 1543/1521/200
f 1542/1523/201 1550/1525/201 1551/1524/201
f 1542/1523/201 1551/1524/201 1543/1522/201
f 1543/1522/201 1551/1524/201 1553/1527/201
f 1543/1522/201 1553/1527/201 1545/1521/201
f 1545/1521/199 1556/1528/199 1554/1524/199
f 1545/1521/199 1554/1524/199 1543/1518/199
f 1543/1518/199 1554/1524/199 1555/1526/199
f 1543/1518/199 1555/1526/199 1544/1523/199
f 1563/1529/197 1562/1530/197 1547/1517/197
f 1563/1529/197 1547/1517/197 1515/1518/197
f 1564/1517/201 1563/1518/201 1515/1529/201
f 1564/1517/201 1515/1529/201 1548/1530/201
f 1565/1517/199 1564/1518/199 1548/1529/199
f 1565/1517/199 1548/1529/199 1549/1530/199
f 1562/1529/202 1565/1530/202 1549/1517/202
f 1562/1529/202 1549/1517/202 1547/1518/202
f 1569/1518/200 1581/1521/200 1570/1522/200
f 1569/1518/200 1570/1522/200 1574/1523/200
f 1570/1523/202 1532/1518/202 1568/1521/202
f 1570/1523/202 1568/1521/202 1574/1522/202
f 1581/1518/199 1566/1521/199 1532/1522/199
f 1581/1518/199 1532/1522/199 1570/1523/199
f 1567/1518/198 1530/1524/198 1531/1528/198
f 1567/1518/198 1531/1528/198 1566/1521/198
f 1568/1523/198 1529/1526/198 1530/1524/198
f 1568/1523/198 1530/1524/198 1567/1518/198
f 1566/1522/201 1579/1528/201 1580/1524/201
f 1566/1522/201 1580/1524/201 1567/1523/201
f 1567/1523/201 1580/1524/201 1582/1527/201
f 1567/1523/201 1582/1527/201 1569/1518/201
f 1569/1518/197 1573/1525/197 1571/1524/197
f 1569/1518/197 1571/1524/197 1567/1521/197
f 1567/1521/197 1571/1524/197 1572/1526/197
f 1567/1521/197 1572/1526/197 1568/1522/197
f 1592/1529/200 1591/1530/200 1588/1517/200
f 1592/1529/200 1588/1517/200 1587/1518/200
f 1598/1517/202 1596/1518/202 1586/1529/202
f 1598/1517/202 1586/1529/202 1584/1530/202
f 1597/1529/200 1598/1530/200 1584/1517/200
f 1597/1529/200 1584/1517/200 1583/1518/200
f 1595/1517/201 1597/1518/201 1583/1529/201
f 1595/1517/201 1583/1529/201 1585/1530/201
f 1593/1517/201 1592/1518/201 1587/1529/201
f 1593/1517/201 1587/1529/201 1589/1530/201
f 1591/1517/202 1594/1518/202 1590/1529/202
f 1591/1517/202 1590/1529/202 1588/1530/202
f 1594/1517/198 1593/1518/198 1589/1529/198
f 1594/1517/198 1589/1529/198 1590/1530/198
f 1596/1517/198 1595/1518/198 1585/1529/198
f 1596/1517/198 1585/1529/198 1586/1530/198
