# Blender 5.0.1
# www.blender.org
mtllib haemodialysis_machine.mtl
o mesh
v 0.874999 3.500001 0.500000
v -0.499984 1.161613 -0.661612
v 0.750000 3.250000 1.250000
v 0.750000 3.250000 -1.250000
v 0.750000 3.125000 1.250000
v 0.750000 3.125000 -1.250000
v 0.687500 3.250000 1.250000
v 0.687500 3.250000 -1.250000
v 0.687500 3.125000 1.250000
v 0.687500 3.125000 -1.250000
v 1.500000 1.000000 1.500000
v 1.500000 1.000000 -1.500000
v 1.500000 0.000000 1.500000
v 1.500000 -0.000000 -1.500000
v -1.500000 0.000000 1.500000
v -1.500000 -0.000000 -1.500000
v 0.000000 1.000000 -1.500000
v 0.000000 1.000000 -0.000000
v -0.500000 1.000000 -1.500000
v -0.500000 1.000000 -0.000000
v -0.500000 1.500000 -1.500000
v -0.500000 1.500000 -0.000000
v 0.000000 1.500000 -0.000000
v -1.500000 1.000000 -1.500000
v -1.500000 1.500000 -1.500000
v 0.000000 1.500000 1.500000
v 0.000000 1.000000 1.500000
v -1.500000 1.000000 1.500000
v -0.625000 2.000000 -1.375000
v -1.375000 2.000000 -1.375000
v -0.250000 2.500000 1.250000
v -0.250000 2.500000 0.250000
v -0.125000 2.000000 0.125000
v -1.375000 2.000000 0.125000
v -0.625000 2.000000 0.125000
v -1.250000 2.500000 0.250000
v -1.250000 2.500000 1.250000
v -1.500000 1.500000 -0.000000
v -1.500000 1.500000 1.500000
v 0.875000 1.338388 1.088387
v 0.875000 1.250000 1.125000
v 0.875000 1.375000 1.000000
v 0.875000 1.338388 0.911612
v 0.875000 1.250000 0.875000
v 0.875000 1.161611 1.088387
v 0.900888 1.349111 0.911612
v 1.051777 1.198223 1.000000
v 1.088389 1.375000 1.088389
v 1.125000 1.375000 1.000000
v 1.025889 1.224111 1.088389
v 0.900888 1.349111 1.088389
v 0.963389 1.286611 0.875000
v 0.963389 1.286611 1.125000
v 1.025889 1.224111 0.911612
v 1.088389 1.375000 0.911611
v 1.000000 1.375000 0.875000
v 0.911612 1.375000 1.088389
v 1.000000 1.375000 1.125000
v 0.911612 1.375000 0.911611
v 0.875000 1.125000 1.000000
v 0.875000 1.161612 0.911612
v 1.176777 1.437501 1.176777
v 0.823224 3.437473 0.823223
v 1.250000 1.437501 1.000000
v 1.000001 1.437501 1.250000
v 0.823224 1.437501 1.176777
v 0.750000 1.437533 1.000000
v 1.000000 1.437501 0.750000
v 1.176777 1.437501 0.823223
v 1.000001 3.437473 1.250000
v 1.176777 3.437473 1.176777
v 1.250000 3.437473 1.000000
v 1.176777 3.437473 0.823223
v 0.823224 3.437473 1.176777
v 0.750000 3.437501 1.000000
v 1.000000 3.437473 0.750000
v 0.823224 1.437501 0.823223
v 1.187500 1.375001 1.000000
v 1.132583 1.375001 0.867417
v 1.000000 1.375001 0.812500
v 0.867418 1.375001 0.867417
v 0.812500 1.375033 1.000000
v 0.867418 1.375001 1.132582
v 1.000001 1.375001 1.187500
v 1.132583 1.375001 1.132582
v 1.125000 1.375001 1.000000
v 1.088388 1.375001 0.911612
v 1.000000 1.375001 0.875000
v 0.911612 1.375001 0.911612
v 0.875000 1.375033 1.000000
v 0.911612 1.375001 1.088388
v 1.000001 1.375001 1.125000
v 1.088388 1.375001 1.088388
v 1.000001 3.499973 1.187500
v 0.867418 3.499973 1.132582
v 1.132583 3.499973 1.132582
v 1.187500 3.499973 1.000000
v 0.812500 3.500001 1.000000
v 0.867418 3.499973 0.867417
v 1.000000 3.499973 0.812500
v 1.132583 3.499973 0.867417
v 1.000001 3.499973 1.125000
v 0.911612 3.499973 1.088388
v 1.088388 3.499973 1.088388
v 1.125000 3.499973 1.000000
v 0.875000 3.500001 1.000000
v 0.911612 3.499973 0.911612
v 1.000000 3.499973 0.875000
v 1.088388 3.499973 0.911612
v 0.911612 3.500000 1.088387
v 1.000000 3.500000 1.125000
v 0.875000 3.500000 1.000000
v 0.911612 3.500000 0.911612
v 1.000000 3.500000 0.875000
v 1.088389 3.500000 1.088387
v 0.900889 3.525888 0.911612
v 1.051777 3.676777 1.000000
v 0.875001 3.713389 1.088389
v 0.875001 3.750000 1.000000
v 1.025889 3.650889 1.088389
v 0.900889 3.525888 1.088389
v 0.963389 3.588389 0.875000
v 0.963389 3.588389 1.125000
v 1.025889 3.650889 0.911612
v 0.875001 3.713389 0.911611
v 0.875001 3.625000 0.875000
v 0.875001 3.536612 1.088389
v 0.875001 3.625000 1.125000
v 0.875001 3.536612 0.911611
v 1.125000 3.500000 1.000000
v 1.088388 3.500000 0.911612
v 0.823224 3.124973 0.823223
v 1.000001 3.124973 1.250000
v 1.176777 3.124973 1.176777
v 1.250000 3.124973 1.000000
v 1.176777 3.124973 0.823223
v 0.823224 3.124973 1.176777
v 0.750000 3.125001 1.000000
v 1.000000 3.124973 0.750000
v 1.000000 3.124973 1.000000
v 0.823224 1.749973 0.823223
v 1.000001 1.749973 1.250000
v 1.176777 1.749973 1.176777
v 1.250000 1.749973 1.000000
v 1.176777 1.749973 0.823223
v 0.823224 1.749973 1.176777
v 0.750000 1.750001 1.000000
v 1.000000 1.749972 0.750000
v 1.000000 1.749973 1.000000
v 1.109375 3.125000 1.044194
v 1.153569 3.125000 1.000000
v 1.109375 1.750000 1.044194
v 1.153569 1.750000 1.000000
v 1.109375 3.125000 0.955806
v 1.109375 1.750000 0.955806
v 1.000000 3.125000 1.153569
v 1.044194 3.125000 1.109375
v 1.000000 1.750000 1.153569
v 1.044194 1.750000 1.109375
v 1.000000 3.125000 1.065181
v 1.000000 1.750000 1.065181
v 1.000000 3.125000 0.934819
v 1.044194 3.125000 0.890625
v 1.000000 1.750000 0.934819
v 1.044194 1.750000 0.890625
v 1.000000 3.125000 0.846431
v 1.000000 1.750000 0.846431
v 1.158146 3.125000 0.948548
v 1.202340 3.125000 0.904354
v 1.158146 1.750000 0.948548
v 1.202340 1.750000 0.904354
v 1.113951 3.125000 0.904354
v 1.158146 3.125000 0.860160
v 1.113951 1.750000 0.904354
v 1.158146 1.750000 0.860160
v 1.095646 3.125000 0.886048
v 1.139840 3.125000 0.841854
v 1.095646 1.750000 0.886048
v 1.139840 1.750000 0.841854
v 1.051451 3.125000 0.841854
v 1.095646 3.125000 0.797660
v 1.051451 1.750000 0.841854
v 1.095646 1.750000 0.797660
v 1.158146 3.125000 1.139840
v 1.202340 3.125000 1.095645
v 1.158146 1.750000 1.139840
v 1.202340 1.750000 1.095646
v 1.113951 3.125000 1.095645
v 1.158146 3.125000 1.051451
v 1.113951 1.750000 1.095646
v 1.158146 1.750000 1.051451
v 1.095646 3.125000 1.202340
v 1.139840 3.125000 1.158145
v 1.095646 1.750000 1.202340
v 1.139840 1.750000 1.158146
v 1.051451 3.125000 1.158145
v 1.095646 3.125000 1.113951
v 1.051451 1.750000 1.158146
v 1.095646 1.750000 1.113951
v 1.031250 3.125000 0.843750
v 1.031250 3.125000 0.781250
v 1.031250 1.750000 0.843750
v 1.031250 1.750000 0.781250
v 0.968750 3.125000 0.781250
v 0.968750 1.750000 0.781250
v 1.031250 3.125000 1.218750
v 1.031250 3.125000 1.156250
v 1.031250 1.750000 1.218750
v 1.031250 1.750000 1.156250
v 0.968750 3.125000 1.218750
v 0.968750 1.750000 1.218750
v 1.218750 3.125000 1.031250
v 1.218750 3.125000 0.968750
v 1.218750 1.750000 1.031250
v 1.218750 1.750000 0.968750
v 1.156250 3.125000 1.031250
v 1.156250 3.125000 0.968750
v 1.156250 1.750000 1.031250
v 1.156250 1.750000 0.968750
v 1.093750 3.125000 1.093750
v 1.093750 3.125000 1.031250
v 1.093750 1.750000 1.093750
v 1.093750 1.750000 1.031250
v 1.031250 3.125000 1.093750
v 1.031250 1.750000 1.093750
v 1.093750 3.125000 0.968750
v 1.093750 3.125000 0.906250
v 1.093750 1.750000 0.968750
v 1.093750 1.750000 0.906250
v 1.031250 3.125000 0.906250
v 1.031250 1.750000 0.906250
v 0.911612 3.500000 -0.911613
v 1.000000 3.500000 -0.875000
v 0.875000 3.500000 -1.000000
v 0.911612 3.500000 -1.088388
v 1.000000 3.500000 -1.125000
v 1.088389 3.500000 -0.911613
v 0.900889 3.525888 -1.088388
v 1.051777 3.676777 -1.000000
v 0.875001 3.713389 -0.911612
v 0.875001 3.750000 -1.000000
v 1.025889 3.650889 -0.911612
v 0.900889 3.525888 -0.911611
v 0.963389 3.588389 -1.125000
v 0.963389 3.588389 -0.875000
v 1.025889 3.650889 -1.088388
v 0.875001 3.713389 -1.088389
v 0.875001 3.625000 -1.125000
v 0.875001 3.536612 -0.911611
v 0.875001 3.625000 -0.875000
v 0.875001 3.536612 -1.088389
v 1.125000 3.500000 -1.000000
v 1.088388 3.500000 -1.088388
v 1.176777 1.437500 -0.823223
v 0.823224 3.437473 -1.176777
v 1.250000 1.437500 -1.000000
v 1.000001 1.437501 -0.750000
v 0.823224 1.437500 -0.823223
v 0.750000 1.437532 -1.000000
v 1.000000 1.437500 -1.250000
v 1.176777 1.437500 -1.176777
v 1.000001 3.437473 -0.750000
v 1.176777 3.437473 -0.823223
v 1.250000 3.437473 -1.000000
v 1.176777 3.437473 -1.176777
v 0.823224 3.437473 -0.823223
v 0.750000 3.437501 -1.000000
v 1.000000 3.437473 -1.250000
v 0.823224 1.437500 -1.176777
v 1.187500 1.375000 -1.000000
v 1.132583 1.375000 -1.132583
v 1.000000 1.375000 -1.187500
v 0.867418 1.375000 -1.132583
v 0.812500 1.375032 -1.000000
v 0.867418 1.375000 -0.867418
v 1.000001 1.375000 -0.812500
v 1.132583 1.375000 -0.867418
v 1.125000 1.375000 -1.000000
v 1.088388 1.375000 -1.088388
v 1.000000 1.375000 -1.125000
v 0.911612 1.375000 -1.088388
v 0.875000 1.375032 -1.000000
v 0.911612 1.375000 -0.911612
v 1.000001 1.375000 -0.875000
v 1.088388 1.375000 -0.911612
v 1.000001 3.499973 -0.812500
v 0.867418 3.499973 -0.867418
v 1.132583 3.499973 -0.867418
v 1.187500 3.499973 -1.000000
v 0.812500 3.500001 -1.000000
v 0.867418 3.499973 -1.132583
v 1.000000 3.499973 -1.187500
v 1.132583 3.499973 -1.132583
v 1.000001 3.499973 -0.875000
v 0.911612 3.499973 -0.911612
v 1.088388 3.499973 -0.911612
v 1.125000 3.499973 -1.000000
v 0.875000 3.500001 -1.000000
v 0.911612 3.499973 -1.088388
v 1.000000 3.499973 -1.125000
v 1.088388 3.499973 -1.088388
v 0.875000 1.338388 -0.911613
v 0.875000 1.250000 -0.875000
v 0.875000 1.375000 -1.000000
v 0.875000 1.338388 -1.088388
v 0.875000 1.250000 -1.125000
v 0.875000 1.161611 -0.911613
v 0.900888 1.349111 -1.088388
v 1.051777 1.198223 -1.000000
v 1.088389 1.374999 -0.911611
v 1.125000 1.374999 -1.000000
v 1.025889 1.224111 -0.911611
v 0.900888 1.349111 -0.911611
v 0.963389 1.286611 -1.125000
v 0.963389 1.286611 -0.875000
v 1.025889 1.224111 -1.088388
v 1.088389 1.374999 -1.088389
v 1.000000 1.374999 -1.125000
v 0.911612 1.374999 -0.911611
v 1.000000 1.374999 -0.875000
v 0.911612 1.374999 -1.088389
v 0.875000 1.125000 -1.000000
v 0.875000 1.161612 -1.088388
v 0.823224 3.124973 -1.176777
v 1.000001 3.124973 -0.750000
v 1.176777 3.124973 -0.823223
v 1.250000 3.124973 -1.000000
v 1.176777 3.124973 -1.176777
v 0.823224 3.124973 -0.823223
v 0.750000 3.125001 -1.000000
v 1.000000 3.124973 -1.250000
v 1.000000 3.124973 -1.000000
v 0.823224 1.749972 -1.176777
v 1.000001 1.749972 -0.750000
v 1.176777 1.749972 -0.823223
v 1.250000 1.749972 -1.000000
v 1.176777 1.749972 -1.176777
v 0.823224 1.749972 -0.823223
v 0.750000 1.750000 -1.000000
v 1.000000 1.749972 -1.250000
v 1.000000 1.749972 -1.000000
v 1.109375 3.125000 -0.955806
v 1.153569 3.125000 -1.000000
v 1.109375 1.750000 -0.955806
v 1.153569 1.750000 -1.000000
v 1.109375 3.125000 -1.044194
v 1.109375 1.750000 -1.044194
v 1.000000 3.125000 -0.846431
v 1.044194 3.125000 -0.890625
v 1.000000 1.750000 -0.846431
v 1.044194 1.750000 -0.890625
v 1.000000 3.125000 -0.934819
v 1.000000 1.750000 -0.934819
v 1.000000 3.125000 -1.065181
v 1.044194 3.125000 -1.109375
v 1.000000 1.750000 -1.065181
v 1.044194 1.750000 -1.109375
v 1.000000 3.125000 -1.153569
v 1.000000 1.750000 -1.153569
v 1.158146 3.125000 -1.051452
v 1.202340 3.125000 -1.095646
v 1.158146 1.750000 -1.051452
v 1.202340 1.750000 -1.095646
v 1.113951 3.125000 -1.095646
v 1.158146 3.125000 -1.139840
v 1.113951 1.750000 -1.095646
v 1.158146 1.750000 -1.139840
v 1.095646 3.125000 -1.113952
v 1.139840 3.125000 -1.158146
v 1.095646 1.750000 -1.113952
v 1.139840 1.750000 -1.158146
v 1.051451 3.125000 -1.158146
v 1.095646 3.125000 -1.202340
v 1.051451 1.750000 -1.158146
v 1.095646 1.750000 -1.202340
v 1.158146 3.125000 -0.860160
v 1.202340 3.125000 -0.904355
v 1.158146 1.750000 -0.860160
v 1.202340 1.750000 -0.904355
v 1.113951 3.125000 -0.904355
v 1.158146 3.125000 -0.948549
v 1.113951 1.750000 -0.904355
v 1.158146 1.750000 -0.948549
v 1.095646 3.125000 -0.797660
v 1.139840 3.125000 -0.841855
v 1.095646 1.750000 -0.797660
v 1.139840 1.750000 -0.841855
v 1.051451 3.125000 -0.841855
v 1.095646 3.125000 -0.886049
v 1.051451 1.750000 -0.841855
v 1.095646 1.750000 -0.886049
v 1.031250 3.125000 -1.156250
v 1.031250 3.125000 -1.218750
v 1.031250 1.750000 -1.156250
v 1.031250 1.750000 -1.218750
v 0.968750 3.125000 -1.218750
v 0.968750 1.750000 -1.218750
v 1.031250 3.125000 -0.781250
v 1.031250 3.125000 -0.843750
v 1.031250 1.750000 -0.781250
v 1.031250 1.750000 -0.843750
v 0.968750 3.125000 -0.781250
v 0.968750 1.750000 -0.781250
v 1.218750 3.125000 -0.968750
v 1.218750 3.125000 -1.031250
v 1.218750 1.750000 -0.968750
v 1.218750 1.750000 -1.031250
v 1.156250 3.125000 -0.968750
v 1.156250 3.125000 -1.031250
v 1.156250 1.750000 -0.968750
v 1.156250 1.750000 -1.031250
v 1.093750 3.125000 -0.906250
v 1.093750 3.125000 -0.968750
v 1.093750 1.750000 -0.906250
v 1.093750 1.750000 -0.968750
v 1.031250 3.125000 -0.906250
v 1.031250 1.750000 -0.906250
v 1.093750 3.125000 -1.031250
v 1.093750 3.125000 -1.093750
v 1.093750 1.750000 -1.031250
v 1.093750 1.750000 -1.093750
v 1.031250 3.125000 -1.093750
v 1.031250 1.750000 -1.093750
v 0.875000 1.338388 -0.411613
v 0.875000 1.250000 -0.375000
v 0.875000 1.375000 -0.500000
v 0.875000 1.338388 -0.588388
v 0.875000 1.250000 -0.625000
v 0.875000 1.161611 -0.411613
v 0.900888 1.349111 -0.588388
v 1.051777 1.198223 -0.500000
v 1.088389 1.374999 -0.411611
v 1.125000 1.374999 -0.500000
v 1.025889 1.224111 -0.411611
v 0.900888 1.349111 -0.411611
v 0.963389 1.286611 -0.625000
v 0.963389 1.286611 -0.375000
v 1.025889 1.224111 -0.588388
v 1.088389 1.374999 -0.588389
v 1.000000 1.374999 -0.625000
v 0.911612 1.374999 -0.411611
v 1.000000 1.374999 -0.375000
v 0.911612 1.374999 -0.588389
v 0.875000 1.125000 -0.500000
v 0.875000 1.161612 -0.588388
v 1.176777 1.437501 -0.323223
v 0.823224 3.437473 -0.676777
v 1.250000 1.437501 -0.500000
v 1.000001 1.437501 -0.250000
v 0.823224 1.437501 -0.323223
v 0.750000 1.437533 -0.500000
v 1.000000 1.437501 -0.750000
v 1.176777 1.437501 -0.676777
v 1.000001 3.437473 -0.250000
v 1.176777 3.437473 -0.323223
v 1.250000 3.437473 -0.500000
v 1.176777 3.437473 -0.676777
v 0.823224 3.437473 -0.323223
v 0.750000 3.437501 -0.500000
v 1.000000 3.437473 -0.750000
v 0.823224 1.437501 -0.676777
v 1.187500 1.375001 -0.500000
v 1.132583 1.375001 -0.632583
v 1.000000 1.375001 -0.687500
v 0.867418 1.375001 -0.632583
v 0.812500 1.375033 -0.500000
v 0.867418 1.375001 -0.367418
v 1.000001 1.375001 -0.312500
v 1.132583 1.375001 -0.367418
v 1.125000 1.375001 -0.500000
v 1.088388 1.375001 -0.588388
v 1.000000 1.375001 -0.625000
v 0.911612 1.375001 -0.588388
v 0.875000 1.375033 -0.500000
v 0.911612 1.375001 -0.411612
v 1.000001 1.375001 -0.375000
v 1.088388 1.375001 -0.411612
v 1.000001 3.499973 -0.312500
v 0.867418 3.499973 -0.367418
v 1.132583 3.499973 -0.367418
v 1.187500 3.499973 -0.500000
v 0.812500 3.500001 -0.500000
v 0.867418 3.499973 -0.632583
v 1.000000 3.499973 -0.687500
v 1.132583 3.499973 -0.632583
v 1.000001 3.499973 -0.375000
v 0.911612 3.499973 -0.411612
v 1.088388 3.499973 -0.411612
v 1.125000 3.499973 -0.500000
v 0.875000 3.500001 -0.500000
v 0.911612 3.499973 -0.588388
v 1.000000 3.499973 -0.625000
v 1.088388 3.499973 -0.588388
v 0.911612 3.500000 -0.411613
v 1.000000 3.500000 -0.375000
v 0.875000 3.500000 -0.500000
v 0.911612 3.500000 -0.588388
v 1.000000 3.500000 -0.625000
v 1.088389 3.500000 -0.411613
v 0.900889 3.525888 -0.588388
v 1.051777 3.676777 -0.500000
v 0.875001 3.713389 -0.411612
v 0.875001 3.750000 -0.500000
v 1.025889 3.650889 -0.411612
v 0.900889 3.525888 -0.411612
v 0.963389 3.588389 -0.625000
v 0.963389 3.588389 -0.375000
v 1.025889 3.650889 -0.588388
v 0.875001 3.713389 -0.588389
v 0.875001 3.625000 -0.625000
v 0.875001 3.536612 -0.411612
v 0.875001 3.625000 -0.375000
v 0.875001 3.536612 -0.588389
v 1.125000 3.500000 -0.500000
v 1.088388 3.500000 -0.588388
v 0.823224 3.124973 -0.676777
v 1.000001 3.124973 -0.250000
v 1.176777 3.124973 -0.323223
v 1.250000 3.124973 -0.500000
v 1.176777 3.124973 -0.676777
v 0.823224 3.124973 -0.323223
v 0.750000 3.125001 -0.500000
v 1.000000 3.124973 -0.750000
v 1.000000 3.124973 -0.500000
v 0.823224 1.749972 -0.676777
v 1.000001 1.749972 -0.250000
v 1.176777 1.749972 -0.323223
v 1.250000 1.749972 -0.500000
v 1.176777 1.749972 -0.676777
v 0.823224 1.749972 -0.323223
v 0.750000 1.750001 -0.500000
v 1.000000 1.749972 -0.750000
v 1.000000 1.749972 -0.500000
v 1.109375 3.125000 -0.455806
v 1.153569 3.125000 -0.500000
v 1.109375 1.750000 -0.455806
v 1.153569 1.750000 -0.500000
v 1.109375 3.125000 -0.544194
v 1.109375 1.750000 -0.544194
v 1.000000 3.125000 -0.346431
v 1.044194 3.125000 -0.390625
v 1.000000 1.750000 -0.346431
v 1.044194 1.750000 -0.390625
v 1.000000 3.125000 -0.434819
v 1.000000 1.750000 -0.434819
v 1.000000 3.125000 -0.565181
v 1.044194 3.125000 -0.609375
v 1.000000 1.750000 -0.565181
v 1.044194 1.750000 -0.609375
v 1.000000 3.125000 -0.653569
v 1.000000 1.750000 -0.653569
v 1.158146 3.125000 -0.551452
v 1.202340 3.125000 -0.595646
v 1.158146 1.750000 -0.551452
v 1.202340 1.750000 -0.595646
v 1.113951 3.125000 -0.595646
v 1.158146 3.125000 -0.639840
v 1.113951 1.750000 -0.595646
v 1.158146 1.750000 -0.639840
v 1.095646 3.125000 -0.613952
v 1.139840 3.125000 -0.658146
v 1.095646 1.750000 -0.613952
v 1.139840 1.750000 -0.658146
v 1.051451 3.125000 -0.658146
v 1.095646 3.125000 -0.702340
v 1.051451 1.750000 -0.658146
v 1.095646 1.750000 -0.702340
v 1.158146 3.125000 -0.360160
v 1.202340 3.125000 -0.404355
v 1.158146 1.750000 -0.360160
v 1.202340 1.750000 -0.404354
v 1.113951 3.125000 -0.404355
v 1.158146 3.125000 -0.448549
v 1.113951 1.750000 -0.404354
v 1.158146 1.750000 -0.448549
v 1.095646 3.125000 -0.297660
v 1.139840 3.125000 -0.341855
v 1.095646 1.750000 -0.297660
v 1.139840 1.750000 -0.341854
v 1.051451 3.125000 -0.341855
v 1.095646 3.125000 -0.386049
v 1.051451 1.750000 -0.341854
v 1.095646 1.750000 -0.386049
v 1.031250 3.125000 -0.656250
v 1.031250 3.125000 -0.718750
v 1.031250 1.750000 -0.656250
v 1.031250 1.750000 -0.718750
v 0.968750 3.125000 -0.718750
v 0.968750 1.750000 -0.718750
v 1.031250 3.125000 -0.281250
v 1.031250 3.125000 -0.343750
v 1.031250 1.750000 -0.281250
v 1.031250 1.750000 -0.343750
v 0.968750 3.125000 -0.281250
v 0.968750 1.750000 -0.281250
v 1.218750 3.125000 -0.468750
v 1.218750 3.125000 -0.531250
v 1.218750 1.750000 -0.468750
v 1.218750 1.750000 -0.531250
v 1.156250 3.125000 -0.468750
v 1.156250 3.125000 -0.531250
v 1.156250 1.750000 -0.468750
v 1.156250 1.750000 -0.531250
v 1.093750 3.125000 -0.406250
v 1.093750 3.125000 -0.468750
v 1.093750 1.750000 -0.406250
v 1.093750 1.750000 -0.468750
v 1.031250 3.125000 -0.406250
v 1.031250 1.750000 -0.406250
v 1.093750 3.125000 -0.531250
v 1.093750 3.125000 -0.593750
v 1.093750 1.750000 -0.531250
v 1.093750 1.750000 -0.593750
v 1.031250 3.125000 -0.593750
v 1.031250 1.750000 -0.593750
v 0.875000 1.338388 0.088387
v 0.875000 1.250000 0.125000
v 0.875000 1.375000 -0.000000
v 0.875000 1.338388 -0.088388
v 0.875000 1.250000 -0.125000
v 0.875000 1.161611 0.088387
v 0.900888 1.349111 -0.088388
v 1.051777 1.198223 -0.000000
v 1.088389 1.374999 0.088389
v 1.125000 1.374999 -0.000000
v 1.025889 1.224111 0.088389
v 0.900888 1.349111 0.088389
v 0.963389 1.286611 -0.125000
v 0.963389 1.286611 0.125000
v 1.025889 1.224111 -0.088388
v 1.088389 1.374999 -0.088389
v 1.000000 1.374999 -0.125000
v 0.911612 1.374999 0.088389
v 1.000000 1.374999 0.125000
v 0.911612 1.374999 -0.088389
v 0.875000 1.125000 -0.000000
v 0.875000 1.161612 -0.088388
v 1.176777 1.437501 0.176777
v 0.823224 3.437473 -0.176777
v 1.250000 1.437501 -0.000000
v 1.000001 1.437501 0.250000
v 0.823224 1.437501 0.176777
v 0.750000 1.437533 -0.000000
v 1.000000 1.437501 -0.250000
v 1.176777 1.437501 -0.176777
v 1.000001 3.437473 0.250000
v 1.176777 3.437473 0.176777
v 1.250000 3.437473 -0.000000
v 1.176777 3.437473 -0.176777
v 0.823224 3.437473 0.176777
v 0.750000 3.437501 -0.000000
v 1.000000 3.437473 -0.250000
v 0.823224 1.437501 -0.176777
v 1.187500 1.375001 -0.000000
v 1.132583 1.375001 -0.132583
v 1.000000 1.375001 -0.187500
v 0.867418 1.375001 -0.132583
v 0.812500 1.375033 -0.000000
v 0.867418 1.375001 0.132582
v 1.000001 1.375001 0.187500
v 1.132583 1.375001 0.132582
v 1.125000 1.375001 -0.000000
v 1.088388 1.375001 -0.088388
v 1.000000 1.375001 -0.125000
v 0.911612 1.375001 -0.088388
v 0.875000 1.375033 -0.000000
v 0.911612 1.375001 0.088388
v 1.000001 1.375001 0.125000
v 1.088388 1.375001 0.088388
v 1.000001 3.499973 0.187500
v 0.867418 3.499973 0.132582
v 1.132583 3.499973 0.132582
v 1.187500 3.499973 -0.000000
v 0.812500 3.500001 -0.000000
v 0.867418 3.499973 -0.132583
v 1.000000 3.499973 -0.187500
v 1.132583 3.499973 -0.132583
v 1.000001 3.499973 0.125000
v 0.911612 3.499973 0.088388
v 1.088388 3.499973 0.088388
v 1.125000 3.499973 -0.000000
v 0.875000 3.500001 -0.000000
v 0.911612 3.499973 -0.088388
v 1.000000 3.499973 -0.125000
v 1.088388 3.499973 -0.088388
v 0.911612 3.500000 0.088387
v 1.000000 3.500000 0.125000
v 0.875000 3.500000 -0.000000
v 0.911612 3.500000 -0.088388
v 1.000000 3.500000 -0.125000
v 1.088389 3.500000 0.088387
v 0.900889 3.525888 -0.088388
v 1.051777 3.676777 -0.000000
v 0.875001 3.713389 0.088388
v 0.875001 3.750000 -0.000000
v 1.025889 3.650889 0.088388
v 0.900889 3.525888 0.088388
v 0.963389 3.588389 -0.125000
v 0.963389 3.588389 0.125000
v 1.025889 3.650889 -0.088388
v 0.875001 3.713389 -0.088389
v 0.875001 3.625000 -0.125000
v 0.875001 3.536612 0.088388
v 0.875001 3.625000 0.125000
v 0.875001 3.536612 -0.088389
v 1.125000 3.500000 -0.000000
v 1.088388 3.500000 -0.088388
v 0.823224 3.124973 -0.176777
v 1.000001 3.124973 0.250000
v 1.176777 3.124973 0.176777
v 1.250000 3.124973 -0.000000
v 1.176777 3.124973 -0.176777
v 0.823224 3.124973 0.176777
v 0.750000 3.125001 -0.000000
v 1.000000 3.124973 -0.250000
v 1.000000 3.124973 -0.000000
v 0.823224 1.749972 -0.176777
v 1.000001 1.749972 0.250000
v 1.176777 1.749972 0.176777
v 1.250000 1.749972 -0.000000
v 1.176777 1.749972 -0.176777
v 0.823224 1.749972 0.176777
v 0.750000 1.750001 -0.000000
v 1.000000 1.749972 -0.250000
v 1.000000 1.749972 -0.000000
v 1.109375 3.125000 0.044194
v 1.153569 3.125000 -0.000000
v 1.109375 1.750000 0.044194
v 1.153569 1.750000 -0.000000
v 1.109375 3.125000 -0.044194
v 1.109375 1.750000 -0.044194
v 1.000000 3.125000 0.153569
v 1.044194 3.125000 0.109375
v 1.000000 1.750000 0.153569
v 1.044194 1.750000 0.109375
v 1.000000 3.125000 0.065181
v 1.000000 1.750000 0.065181
v 1.000000 3.125000 -0.065181
v 1.044194 3.125000 -0.109375
v 1.000000 1.750000 -0.065181
v 1.044194 1.750000 -0.109375
v 1.000000 3.125000 -0.153569
v 1.000000 1.750000 -0.153569
v 1.158146 3.125000 -0.051452
v 1.202340 3.125000 -0.095646
v 1.158146 1.750000 -0.051452
v 1.202340 1.750000 -0.095646
v 1.113951 3.125000 -0.095646
v 1.158146 3.125000 -0.139840
v 1.113951 1.750000 -0.095646
v 1.158146 1.750000 -0.139840
v 1.095646 3.125000 -0.113952
v 1.139840 3.125000 -0.158146
v 1.095646 1.750000 -0.113952
v 1.139840 1.750000 -0.158146
v 1.051451 3.125000 -0.158146
v 1.095646 3.125000 -0.202340
v 1.051451 1.750000 -0.158146
v 1.095646 1.750000 -0.202340
v 1.158146 3.125000 0.139840
v 1.202340 3.125000 0.095645
v 1.158146 1.750000 0.139840
v 1.202340 1.750000 0.095645
v 1.113951 3.125000 0.095645
v 1.158146 3.125000 0.051451
v 1.113951 1.750000 0.095645
v 1.158146 1.750000 0.051451
v 1.095646 3.125000 0.202340
v 1.139840 3.125000 0.158145
v 1.095646 1.750000 0.202340
v 1.139840 1.750000 0.158146
v 1.051451 3.125000 0.158145
v 1.095646 3.125000 0.113951
v 1.051451 1.750000 0.158146
v 1.095646 1.750000 0.113951
v 1.031250 3.125000 -0.156250
v 1.031250 3.125000 -0.218750
v 1.031250 1.750000 -0.156250
v 1.031250 1.750000 -0.218750
v 0.968750 3.125000 -0.218750
v 0.968750 1.750000 -0.218750
v 1.031250 3.125000 0.218750
v 1.031250 3.125000 0.156250
v 1.031250 1.750000 0.218750
v 1.031250 1.750000 0.156250
v 0.968750 3.125000 0.218750
v 0.968750 1.750000 0.218750
v 1.218750 3.125000 0.031250
v 1.218750 3.125000 -0.031250
v 1.218750 1.750000 0.031250
v 1.218750 1.750000 -0.031250
v 1.156250 3.125000 0.031250
v 1.156250 3.125000 -0.031250
v 1.156250 1.750000 0.031250
v 1.156250 1.750000 -0.031250
v 1.093750 3.125000 0.093750
v 1.093750 3.125000 0.031250
v 1.093750 1.750000 0.093750
v 1.093750 1.750000 0.031250
v 1.031250 3.125000 0.093750
v 1.031250 1.750000 0.093750
v 1.093750 3.125000 -0.031250
v 1.093750 3.125000 -0.093750
v 1.093750 1.750000 -0.031250
v 1.093750 1.750000 -0.093750
v 1.031250 3.125000 -0.093750
v 1.031250 1.750000 -0.093750
v 0.875000 1.338388 0.588387
v 0.875000 1.250000 0.625000
v 0.875000 1.375000 0.500000
v 0.875000 1.338388 0.411612
v 0.875000 1.250000 0.375000
v 0.875000 1.161611 0.588387
v 0.900888 1.349111 0.411612
v 1.051777 1.198223 0.500000
v 1.088389 1.374999 0.588389
v 1.125000 1.374999 0.500000
v 1.025889 1.224111 0.588389
v 0.900888 1.349111 0.588389
v 0.963389 1.286611 0.375000
v 0.963389 1.286611 0.625000
v 1.025889 1.224111 0.411612
v 1.088389 1.374999 0.411611
v 1.000000 1.374999 0.375000
v 0.911612 1.374999 0.588389
v 1.000000 1.374999 0.625000
v 0.911612 1.374999 0.411611
v 0.875000 1.125000 0.500000
v 0.875000 1.161612 0.411612
v 1.176777 1.437501 0.676777
v 0.823224 3.437473 0.323223
v 1.250000 1.437501 0.500000
v 1.000001 1.437501 0.750000
v 0.823224 1.437501 0.676777
v 0.750000 1.437533 0.500000
v 1.000000 1.437501 0.250000
v 1.176777 1.437501 0.323223
v 1.000001 3.437473 0.750000
v 1.176777 3.437473 0.676777
v 1.250000 3.437473 0.500000
v 1.176777 3.437473 0.323223
v 0.823224 3.437473 0.676777
v 0.750000 3.437501 0.500000
v 1.000000 3.437473 0.250000
v 0.823224 1.437501 0.323223
v 1.187500 1.375001 0.500000
v 1.132583 1.375001 0.367417
v 1.000000 1.375001 0.312500
v 0.867418 1.375001 0.367417
v 0.812500 1.375033 0.500000
v 0.867418 1.375001 0.632582
v 1.000001 1.375001 0.687500
v 1.132583 1.375001 0.632582
v 1.125000 1.375001 0.500000
v 1.088388 1.375001 0.411612
v 1.000000 1.375001 0.375000
v 0.911612 1.375001 0.411612
v 0.875000 1.375033 0.500000
v 0.911612 1.375001 0.588388
v 1.000001 1.375001 0.625000
v 1.088388 1.375001 0.588388
v 1.000001 3.499973 0.687500
v 0.867418 3.499973 0.632582
v 1.132583 3.499973 0.632582
v 1.187500 3.499973 0.500000
v 0.812500 3.500001 0.500000
v 0.867418 3.499973 0.367417
v 1.000000 3.499973 0.312500
v 1.132583 3.499973 0.367417
v 1.000001 3.499973 0.625000
v 0.911612 3.499973 0.588388
v 1.088388 3.499973 0.588388
v 1.125000 3.499973 0.500000
v 0.875000 3.500001 0.500000
v 0.911612 3.499973 0.411612
v 1.000000 3.499973 0.375000
v 1.088388 3.499973 0.411612
v 0.911612 3.500000 0.588387
v 1.000000 3.500000 0.625000
v 0.875000 3.500000 0.500000
v 0.911612 3.500000 0.411612
v 1.000000 3.500000 0.375000
v 1.088389 3.500000 0.588387
v 0.900889 3.525888 0.411612
v 1.051777 3.676777 0.500000
v 0.875001 3.713389 0.588388
v 0.875001 3.750000 0.500000
v 1.025889 3.650889 0.588388
v 0.900889 3.525888 0.588389
v 0.963389 3.588389 0.375000
v 0.963389 3.588389 0.625000
v 1.025889 3.650889 0.411612
v 0.875001 3.713389 0.411611
v 0.875001 3.625000 0.375000
v 0.875001 3.536612 0.588389
v 0.875001 3.625000 0.625000
v 0.875001 3.536612 0.411611
v 1.125000 3.500000 0.500000
v 1.088388 3.500000 0.411612
v 0.823224 3.124973 0.323223
v 1.000001 3.124973 0.750000
v 1.176777 3.124973 0.676777
v 1.250000 3.124973 0.500000
v 1.176777 3.124973 0.323223
v 0.823224 3.124973 0.676777
v 0.750000 3.125001 0.500000
v 1.000000 3.124973 0.250000
v 1.000000 3.124973 0.500000
v 0.823224 1.749972 0.323223
v 1.000001 1.749972 0.750000
v 1.176777 1.749972 0.676777
v 1.250000 1.749972 0.500000
v 1.176777 1.749972 0.323223
v 0.823224 1.749972 0.676777
v 0.750000 1.750001 0.500000
v 1.000000 1.749972 0.250000
v 1.000000 1.749972 0.500000
v 1.109375 3.125000 0.544194
v 1.153569 3.125000 0.500000
v 1.109375 1.750000 0.544194
v 1.153569 1.750000 0.500000
v 1.109375 3.125000 0.455806
v 1.109375 1.750000 0.455806
v 1.000000 3.125000 0.653569
v 1.044194 3.125000 0.609375
v 1.000000 1.750000 0.653569
v 1.044194 1.750000 0.609375
v 1.000000 3.125000 0.565181
v 1.000000 1.750000 0.565181
v 1.000000 3.125000 0.434819
v 1.044194 3.125000 0.390625
v 1.000000 1.750000 0.434819
v 1.044194 1.750000 0.390625
v 1.000000 3.125000 0.346431
v 1.000000 1.750000 0.346431
v 1.158146 3.125000 0.448548
v 1.202340 3.125000 0.404354
v 1.158146 1.750000 0.448548
v 1.202340 1.750000 0.404354
v 1.113951 3.125000 0.404354
v 1.158146 3.125000 0.360160
v 1.113951 1.750000 0.404354
v 1.158146 1.750000 0.360160
v 1.095646 3.125000 0.386048
v 1.139840 3.125000 0.341854
v 1.095646 1.750000 0.386048
v 1.139840 1.750000 0.341854
v 1.051451 3.125000 0.341854
v 1.095646 3.125000 0.297660
v 1.051451 1.750000 0.341854
v 1.095646 1.750000 0.297660
v 1.158146 3.125000 0.639840
v 1.202340 3.125000 0.595645
v 1.158146 1.750000 0.639840
v 1.202340 1.750000 0.595645
v 1.113951 3.125000 0.595645
v 1.158146 3.125000 0.551451
v 1.113951 1.750000 0.595645
v 1.158146 1.750000 0.551451
v 1.095646 3.125000 0.702340
v 1.139840 3.125000 0.658145
v 1.095646 1.750000 0.702340
v 1.139840 1.750000 0.658145
v 1.051451 3.125000 0.658145
v 1.095646 3.125000 0.613951
v 1.051451 1.750000 0.658145
v 1.095646 1.750000 0.613951
v 1.031250 3.125000 0.343750
v 1.031250 3.125000 0.281250
v 1.031250 1.750000 0.343750
v 1.031250 1.750000 0.281250
v 0.968750 3.125000 0.281250
v 0.968750 1.750000 0.281250
v 1.031250 3.125000 0.718750
v 1.031250 3.125000 0.656250
v 1.031250 1.750000 0.718750
v 1.031250 1.750000 0.656250
v 0.968750 3.125000 0.718750
v 0.968750 1.750000 0.718750
v 1.218750 3.125000 0.531250
v 1.218750 3.125000 0.468750
v 1.218750 1.750000 0.531250
v 1.218750 1.750000 0.468750
v 1.156250 3.125000 0.531250
v 1.156250 3.125000 0.468750
v 1.156250 1.750000 0.531250
v 1.156250 1.750000 0.468750
v 1.093750 3.125000 0.593750
v 1.093750 3.125000 0.531250
v 1.093750 1.750000 0.593750
v 1.093750 1.750000 0.531250
v 1.031250 3.125000 0.593750
v 1.031250 1.750000 0.593750
v 1.093750 3.125000 0.468750
v 1.093750 3.125000 0.406250
v 1.093750 1.750000 0.468750
v 1.093750 1.750000 0.406250
v 1.031250 3.125000 0.406250
v 1.031250 1.750000 0.406250
v 0.500000 3.536613 0.911612
v 0.500000 3.500000 1.000000
v 0.500000 3.625000 0.875000
v 0.500000 3.713388 0.911612
v 0.500000 3.750000 1.000000
v 0.500000 3.536613 1.088389
v 0.474112 3.713388 0.900888
v 0.323223 3.625000 1.051777
v 0.286611 3.536611 0.875000
v 0.250000 3.625000 0.875000
v 0.349111 3.536611 1.025889
v 0.474112 3.536611 0.900889
v 0.411611 3.750000 0.963388
v 0.411611 3.500000 0.963389
v 0.349111 3.713388 1.025889
v 0.286611 3.713389 0.875000
v 0.375000 3.750000 0.875000
v 0.463388 3.536611 0.875000
v 0.375000 3.500000 0.875000
v 0.463388 3.713389 0.875000
v 0.500000 3.625000 1.125000
v 0.500000 3.713388 1.088388
v 0.750000 3.937500 1.375000
v 0.750000 1.000000 1.375000
v 0.625000 1.000000 1.250000
v 0.625000 1.000000 -1.250000
v 0.750000 1.000000 -1.250000
v 0.625000 3.937500 1.250000
v 0.750000 3.937500 -1.250000
v 0.625000 3.937500 -1.250000
v 0.625000 1.000000 -1.375000
v 0.625000 3.937500 -1.375000
v 0.625000 3.937500 1.375000
v 0.625000 1.000000 1.375000
v 0.750000 3.937500 1.250000
v 0.750000 1.000000 1.250000
v 0.750000 3.937500 -1.375000
v 0.750000 1.000000 -1.375000
v 0.687500 1.375000 1.250000
v 0.687500 3.500000 1.250000
v 0.687500 1.375000 -1.250000
v 0.687500 3.500000 -1.250000
v 0.687500 1.375000 1.250000
v 0.687500 3.500000 1.250000
v 0.687500 1.375000 -1.250000
v 0.687500 3.500000 -1.250000
v 0.000000 4.000000 -0.250000
v 0.125000 3.875000 -0.000000
v 0.125000 4.000000 -0.000000
v 0.000000 3.875000 1.250000
v 0.125000 3.875000 1.250000
v 0.125000 4.000000 1.250000
v 0.000000 3.750000 1.250000
v 0.250000 3.750000 1.250000
v 0.000000 4.000000 1.250000
v 0.250000 4.000000 1.250000
v 0.250000 3.750000 1.500000
v 0.000000 4.000000 1.500000
v 0.250000 4.000000 1.500000
v 0.250000 3.875000 1.500000
v 0.250000 3.875000 1.375000
v 0.250000 4.000000 1.375000
v 0.000000 3.750000 -0.125000
v 0.000000 3.750000 -0.250000
v 0.125000 3.750000 1.500000
v 0.000000 3.750000 1.500000
v 0.000000 3.750000 1.375000
v 0.125000 3.750000 1.375000
v 0.250000 4.000000 -0.000000
v 0.250000 4.000000 -0.250000
v 0.125000 3.750000 -0.125000
v 0.000000 4.000000 -0.000000
v 0.000000 3.875000 -0.000000
v 0.000000 3.875000 -0.125000
v 0.000000 4.000000 -0.125000
v 0.000000 3.750000 -0.000000
v 0.125000 3.750000 -0.000000
v 0.250000 3.750000 -0.000000
v 0.250000 3.750000 -0.250000
v 1.250000 3.875000 1.500000
v 1.250000 4.000000 1.500000
v 1.250000 3.875000 1.375000
v 1.250000 4.000000 1.375000
v 1.500000 3.750000 -1.250000
v 1.500000 4.000000 -1.500000
v 1.250000 3.750000 -1.250000
v 1.250000 3.750000 -1.500000
v 1.250000 4.000000 -1.250000
v 1.500000 3.875000 -1.250000
v 1.375000 3.875000 -1.250000
v 1.500000 4.000000 -1.250000
v 1.375000 4.000000 -1.250000
v 1.500000 3.875000 1.250000
v 1.375000 3.875000 1.250000
v 1.375000 4.000000 1.250000
v 1.500000 3.750000 1.250000
v 1.250000 3.750000 1.250000
v 1.500000 4.000000 1.250000
v 1.250000 4.000000 1.250000
v 1.250000 3.750000 1.500000
v 1.500000 4.000000 1.500000
v 1.250000 4.000000 1.500000
v 1.250000 3.875000 1.500000
v 1.250000 3.875000 1.375000
v 1.250000 4.000000 1.375000
v 1.500000 3.750000 -1.375000
v 1.500000 3.750000 -1.500000
v 1.375000 3.750000 1.500000
v 1.500000 3.750000 1.500000
v 1.500000 3.750000 1.375000
v 1.375000 3.750000 1.375000
v 1.250000 3.875000 -1.375000
v 1.250000 3.875000 -1.500000
v 1.250000 4.000000 -1.375000
v 1.250000 4.000000 -1.500000
v 1.375000 3.750000 -1.375000
v 1.375000 3.750000 -1.500000
v -0.500000 3.750000 -1.250000
v -0.500000 4.000000 -1.500000
v -0.250000 3.750000 -1.250000
v -0.250000 3.750000 -1.500000
v -0.250000 4.000000 -1.250000
v -0.500000 3.875000 -1.250000
v -0.375000 3.875000 -1.250000
v -0.500000 4.000000 -1.250000
v -0.375000 4.000000 -1.250000
v -0.500000 3.875000 -0.250000
v -0.375000 3.875000 -0.250000
v -0.375000 4.000000 -0.250000
v -0.500000 3.750000 -0.250000
v -0.250000 3.750000 -0.250000
v -0.500000 4.000000 -0.250000
v -0.250000 4.000000 -0.250000
v -0.250000 3.750000 -0.000000
v -0.500000 4.000000 -0.000000
v -0.250000 4.000000 -0.000000
v -0.250000 3.875000 -0.000000
v -0.250000 3.875000 -0.125000
v -0.250000 4.000000 -0.125000
v -0.500000 3.750000 -1.375000
v -0.500000 3.750000 -1.500000
v -0.375000 3.750000 -0.000000
v -0.500000 3.750000 -0.000000
v -0.500000 3.750000 -0.125000
v -0.375000 3.750000 -0.125000
v -0.250000 3.875000 -1.375000
v -0.250000 3.875000 -1.500000
v -0.250000 4.000000 -1.375000
v -0.250000 4.000000 -1.500000
v -0.375000 3.750000 -1.375000
v -0.375000 3.750000 -1.500000
v 0.000000 3.875000 -0.000000
v 0.000000 4.000000 -0.000000
v 0.000000 3.875000 -0.125000
v 0.000000 4.000000 -0.125000
v 1.250000 3.875000 -1.500000
v 1.250000 3.875000 -1.375000
v 1.250000 4.000000 -1.375000
v 1.250000 4.000000 -1.500000
v 0.000000 1.000000 -0.250000
v 0.125000 1.125000 -0.000000
v 0.125000 1.000000 -0.000000
v 0.000000 1.125000 1.250000
v 0.125000 1.125000 1.250000
v 0.125000 1.000000 1.250000
v 0.000000 1.250000 1.250000
v 0.250000 1.250000 1.250000
v 0.000000 1.000000 1.250000
v 0.250000 1.000000 1.250000
v 0.250000 1.250000 1.500000
v 0.000000 1.000000 1.500000
v 0.250000 1.000000 1.500000
v 0.250000 1.125000 1.500000
v 0.250000 1.125000 1.375000
v 0.250000 1.000000 1.375000
v 0.000000 1.250000 -0.125000
v 0.000000 1.250000 -0.250000
v 0.125000 1.250000 1.500000
v 0.000000 1.250000 1.500000
v 0.000000 1.250000 1.375000
v 0.125000 1.250000 1.375000
v 0.250000 1.000000 -0.000000
v 0.250000 1.000000 -0.250000
v 0.125000 1.250000 -0.125000
v 0.000000 1.000000 -0.000000
v 0.000000 1.125000 -0.000000
v 0.000000 1.125000 -0.125000
v 0.000000 1.000000 -0.125000
v 0.000000 1.250000 -0.000000
v 0.125000 1.250000 -0.000000
v 0.250000 1.250000 -0.000000
v 0.250000 1.250000 -0.250000
v 1.250000 1.125000 1.500000
v 1.250000 1.000000 1.500000
v 1.250000 1.125000 1.375000
v 1.250000 1.000000 1.375000
v 1.500000 1.250000 -1.250000
v 1.500000 1.000000 -1.500000
v 1.250000 1.250000 -1.250000
v 1.250000 1.250000 -1.500000
v 1.250000 1.000000 -1.250000
v 1.500000 1.125000 -1.250000
v 1.375000 1.125000 -1.250000
v 1.500000 1.000000 -1.250000
v 1.375000 1.000000 -1.250000
v 1.500000 1.125000 1.250000
v 1.375000 1.125000 1.250000
v 1.375000 1.000000 1.250000
v 1.500000 1.250000 1.250000
v 1.250000 1.250000 1.250000
v 1.500000 1.000000 1.250000
v 1.250000 1.000000 1.250000
v 1.250000 1.250000 1.500000
v 1.500000 1.000000 1.500000
v 1.250000 1.000000 1.500000
v 1.250000 1.125000 1.500000
v 1.250000 1.125000 1.375000
v 1.250000 1.000000 1.375000
v 1.500000 1.250000 -1.375000
v 1.500000 1.250000 -1.500000
v 1.375000 1.250000 1.500000
v 1.500000 1.250000 1.500000
v 1.500000 1.250000 1.375000
v 1.375000 1.250000 1.375000
v 1.250000 1.125000 -1.375000
v 1.250000 1.125000 -1.500000
v 1.250000 1.000000 -1.375000
v 1.250000 1.000000 -1.500000
v 1.375000 1.250000 -1.375000
v 1.375000 1.250000 -1.500000
v -0.500000 1.250000 -1.250000
v -0.500000 1.000000 -1.500000
v -0.250000 1.250000 -1.250000
v -0.250000 1.250000 -1.500000
v -0.250000 1.000000 -1.250000
v -0.500000 1.125000 -1.250000
v -0.375000 1.125000 -1.250000
v -0.500000 1.000000 -1.250000
v -0.375000 1.000000 -1.250000
v -0.500000 1.125000 -0.250000
v -0.375000 1.125000 -0.250000
v -0.375000 1.000000 -0.250000
v -0.500000 1.250000 -0.250000
v -0.250000 1.250000 -0.250000
v -0.500000 1.000000 -0.250000
v -0.250000 1.000000 -0.250000
v -0.250000 1.250000 -0.000000
v -0.500000 1.000000 -0.000000
v -0.250000 1.000000 -0.000000
v -0.250000 1.125000 -0.000000
v -0.250000 1.125000 -0.125000
v -0.250000 1.000000 -0.125000
v -0.500000 1.250000 -1.375000
v -0.500000 1.250000 -1.500000
v -0.375000 1.250000 -0.000000
v -0.500000 1.250000 -0.000000
v -0.500000 1.250000 -0.125000
v -0.375000 1.250000 -0.125000
v -0.250000 1.125000 -1.375000
v -0.250000 1.125000 -1.500000
v -0.250000 1.000000 -1.375000
v -0.250000 1.000000 -1.500000
v -0.375000 1.250000 -1.375000
v -0.375000 1.250000 -1.500000
v 0.000000 1.125000 -0.000000
v 0.000000 1.000000 -0.000000
v 0.000000 1.125000 -0.125000
v 0.000000 1.000000 -0.125000
v 1.250000 1.125000 -1.500000
v 1.250000 1.125000 -1.375000
v 1.250000 1.000000 -1.375000
v 1.250000 1.000000 -1.500000
v 0.000000 3.750000 1.500000
v 0.125000 3.750000 1.500000
v 0.000000 3.750000 1.375000
v 0.125000 3.750000 1.375000
v 1.375000 3.750000 1.500000
v 1.500000 3.750000 1.500000
v 1.500000 3.750000 1.375000
v 1.375000 3.750000 1.375000
v -0.500000 3.750000 -1.500000
v -0.500000 3.750000 -1.375000
v -0.375000 3.750000 -1.375000
v -0.375000 3.750000 -1.500000
v -0.500000 3.750000 -0.000000
v -0.375000 3.750000 -0.000000
v -0.500000 3.750000 -0.125000
v -0.375000 3.750000 -0.125000
v 0.000000 3.750000 -0.000000
v 0.125000 3.750000 -0.000000
v 0.000000 3.750000 -0.125000
v 0.125000 3.750000 -0.125000
v 1.500000 3.750000 -1.375000
v 1.500000 3.750000 -1.500000
v 1.375000 3.750000 -1.375000
v 1.375000 3.750000 -1.500000
v 0.125000 1.125000 -1.156250
v 0.213389 1.161612 -1.093750
v 0.125000 1.125000 -1.093750
v 0.213389 1.161612 -1.156250
v 0.250000 1.250000 -1.093750
v 0.250000 1.250000 -1.156250
v 0.213389 1.338388 -1.093750
v 0.213389 1.338388 -1.156250
v 0.125000 1.375000 -1.093750
v 0.125000 1.375000 -1.156250
v 0.036612 1.338388 -1.093750
v 0.036612 1.338388 -1.156250
v 0.000000 1.250000 -1.093750
v 0.000000 1.250000 -1.156250
v 0.036612 1.161612 -1.093750
v 0.036612 1.161612 -1.156250
v 0.687500 3.250000 -0.437500
v 0.687500 3.250000 -1.187500
v 0.687500 1.937500 -0.437500
v 0.687500 1.937500 -1.187500
v 0.312500 3.250000 -0.437500
v 0.312500 3.250000 -1.187500
v 0.312500 1.937500 -0.437500
v 0.312500 1.937500 -1.187500
v 0.750000 1.250000 -0.999973
v 0.713389 1.161612 -0.999973
v 0.625000 1.125000 -0.999973
v 0.536612 1.161612 -0.999973
v 0.713389 1.338389 -0.999973
v 0.625000 1.375000 -1.000001
v 0.536612 1.338389 -0.999973
v 0.500000 1.250000 -0.999973
v 0.713389 1.161613 0.874999
v 0.625000 1.125001 0.874999
v 0.750000 1.250001 0.874999
v 0.713389 1.338389 0.874999
v 0.625000 1.375001 0.874971
v 0.536612 1.338389 0.874999
v 0.500000 1.250001 0.874999
v 0.536612 1.161613 0.874999
v 0.500000 3.625001 -0.874975
v 0.463389 3.536613 -0.874975
v 0.375000 3.500001 -0.874975
v 0.286612 3.536613 -0.874975
v 0.463389 3.713389 -0.874975
v 0.375000 3.750001 -0.875001
v 0.286612 3.713389 -0.874975
v 0.250000 3.625001 -0.874975
v 0.463389 3.536613 0.874999
v 0.375000 3.500001 0.874999
v 0.500000 3.625001 0.874999
v 0.463389 3.713389 0.874999
v 0.375000 3.750001 0.874973
v 0.286612 3.713389 0.874999
v 0.250000 3.625001 0.874999
v 0.286612 3.536613 0.874999
v 1.220971 3.125001 1.220970
v 1.312500 3.125001 1.000000
v 1.000001 3.125001 1.312500
v 1.000001 3.249999 1.312500
v 1.220971 3.249999 1.220970
v 1.312500 3.249999 1.000000
v 1.000001 3.125001 1.250000
v 1.176777 3.125001 1.176777
v 1.250000 3.125001 1.000000
v 1.000001 3.249999 1.250000
v 1.176777 3.249999 1.176777
v 1.312500 3.125001 -1.000000
v 1.250000 3.125001 -1.000000
v 1.312500 3.249999 -1.000000
v 1.250000 3.250001 -1.000000
v 1.250000 3.250001 1.000000
v 0.750001 3.125001 1.250000
v 0.750001 3.125001 1.312500
v 0.750001 3.249999 1.312500
v 0.750001 3.249999 1.250000
v 1.312500 3.125001 -1.000000
v 1.000000 3.125001 -1.312500
v 1.220971 3.125001 -1.220971
v 1.312500 3.249999 -1.000000
v 1.220971 3.249999 -1.220971
v 1.000000 3.249999 -1.312500
v 1.000000 3.125001 -1.250000
v 1.250000 3.125001 -1.000000
v 1.176777 3.125001 -1.176777
v 1.250000 3.249999 -1.000000
v 1.000000 3.249999 -1.250000
v 1.176777 3.249999 -1.176777
v 0.750000 3.125001 -1.312500
v 0.750000 3.125001 -1.250000
v 0.750000 3.249999 -1.312500
v 0.750000 3.249999 -1.250000
v 1.220971 1.625001 1.220971
v 1.312500 1.625001 1.000000
v 1.000001 1.625001 1.312500
v 1.000001 1.749999 1.312500
v 1.220971 1.749999 1.220971
v 1.312500 1.749999 1.000000
v 1.000001 1.625001 1.250000
v 1.176777 1.625001 1.176777
v 1.250000 1.625001 1.000000
v 1.000001 1.749999 1.250000
v 1.176777 1.749999 1.176777
v 1.312500 1.625000 -1.000000
v 1.250000 1.625000 -1.000000
v 1.312500 1.749999 -1.000000
v 1.250000 1.750000 -1.000000
v 1.250000 1.750001 1.000000
v 0.750001 1.625001 1.250000
v 0.750001 1.625001 1.312500
v 0.750001 1.749999 1.312500
v 0.750001 1.749999 1.250000
v 1.312500 1.625000 -1.000000
v 1.000000 1.625000 -1.312500
v 1.220971 1.625000 -1.220971
v 1.312500 1.749999 -1.000000
v 1.220971 1.749999 -1.220971
v 1.000000 1.749999 -1.312500
v 1.000000 1.625000 -1.250000
v 1.250000 1.625000 -1.000000
v 1.176777 1.625000 -1.176777
v 1.250000 1.749999 -1.000000
v 1.000000 1.749999 -1.250000
v 1.176777 1.749999 -1.176777
v 0.750000 1.625000 -1.312500
v 0.750000 1.625000 -1.250000
v 0.750000 1.749999 -1.312500
v 0.750000 1.749999 -1.250000
v 0.000000 3.062501 -0.499988
v -0.036611 2.974113 -0.499988
v -0.125000 2.937501 -0.499988
v -0.213388 2.974113 -0.499988
v -0.036611 3.150889 -0.499988
v -0.125000 3.187501 -0.500001
v -0.213388 3.150889 -0.499988
v -0.250000 3.062501 -0.499988
v -0.036611 2.974113 0.374999
v -0.125000 2.937501 0.374999
v 0.000000 3.062501 0.374999
v -0.036611 3.150889 0.374999
v -0.125000 3.187501 0.374986
v -0.213388 3.150889 0.374999
v -0.250000 3.062501 0.374999
v -0.213388 2.974113 0.374999
v -0.499980 1.250000 -1.125000
v -0.499980 1.161612 -1.088389
v -0.499980 1.125000 -1.000000
v -0.499980 1.161612 -0.911612
v -0.499980 1.338389 -1.088389
v -0.500001 1.375000 -1.000000
v -0.499980 1.338389 -0.911612
v -0.499980 1.250000 -0.875000
v 0.874999 1.161612 -1.088389
v 0.874999 1.125000 -1.000000
v 0.874999 1.250000 -1.125000
v 0.874999 1.338389 -1.088389
v 0.874979 1.375000 -1.000000
v 0.874999 1.338389 -0.911612
v 0.874999 1.250000 -0.875000
v 0.874999 1.161612 -0.911612
v -0.499984 1.250000 -0.875000
v -0.499984 1.161612 -0.838389
v -0.499984 1.125001 -0.750000
v -0.499984 1.338389 -0.838389
v -0.500001 1.375001 -0.750000
v -0.499984 1.338389 -0.661612
v -0.499984 1.250001 -0.625000
v 0.624999 1.161612 -0.838389
v 0.624999 1.125001 -0.750000
v 0.624999 1.250000 -0.875000
v 0.624999 1.338389 -0.838389
v 0.624982 1.375001 -0.750000
v 0.624999 1.338389 -0.661612
v 0.624999 1.250001 -0.625000
v 0.624999 1.161613 -0.661612
v 0.375001 1.375033 0.625000
v 0.463389 1.375033 0.661611
v 0.500001 1.375033 0.750000
v 0.463389 1.375033 0.838388
v 0.286613 1.375033 0.661611
v 0.250001 1.374999 0.750000
v 0.286613 1.375033 0.838388
v 0.375001 1.375033 0.875000
v 0.463389 3.624999 0.661611
v 0.500001 3.624999 0.750000
v 0.375001 3.624999 0.625000
v 0.286613 3.624999 0.661611
v 0.250001 3.624965 0.750000
v 0.286613 3.624999 0.838388
v 0.375001 3.624999 0.875000
v 0.463389 3.624999 0.838388
v 0.000003 1.250001 0.625000
v 0.000003 1.161613 0.661611
v 0.000003 1.125001 0.750000
v 0.000003 1.161613 0.838388
v 0.000003 1.338389 0.661611
v -0.000001 1.375001 0.750000
v 0.000003 1.338389 0.838388
v 0.000003 1.250001 0.875000
v 0.249999 1.161613 0.661611
v 0.249999 1.125001 0.750000
v 0.249999 1.250001 0.625000
v 0.249999 1.338389 0.661611
v 0.249996 1.375001 0.750000
v 0.249999 1.338389 0.838388
v 0.249999 1.250001 0.875000
v 0.249999 1.161613 0.838388
v 0.375001 1.375033 0.375000
v 0.463389 1.375033 0.411611
v 0.500001 1.375033 0.500000
v 0.463389 1.375033 0.588388
v 0.286613 1.375033 0.411611
v 0.250001 1.374999 0.500000
v 0.286613 1.375033 0.588388
v 0.375001 1.375033 0.625000
v 0.463389 3.624999 0.411611
v 0.500001 3.624999 0.500000
v 0.375001 3.624999 0.375000
v 0.286613 3.624999 0.411611
v 0.250001 3.624965 0.500000
v 0.286613 3.624999 0.588388
v 0.375001 3.624999 0.625000
v 0.463389 3.624999 0.588388
v 0.000003 1.250001 0.375000
v 0.000003 1.161613 0.411611
v 0.000003 1.125001 0.500000
v 0.000003 1.161613 0.588388
v 0.000003 1.338389 0.411611
v -0.000001 1.375001 0.500000
v 0.000003 1.338389 0.588388
v 0.000003 1.250001 0.625000
v 0.249999 1.161613 0.411611
v 0.249999 1.125001 0.500000
v 0.249999 1.250001 0.375000
v 0.249999 1.338389 0.411611
v 0.249996 1.375001 0.500000
v 0.249999 1.338389 0.588388
v 0.249999 1.250001 0.625000
v 0.249999 1.161613 0.588388
v 0.625003 1.250001 -0.625000
v 0.625003 1.161613 -0.588389
v 0.625003 1.125001 -0.500000
v 0.625003 1.161613 -0.411612
v 0.625003 1.338389 -0.588389
v 0.624999 1.375001 -0.500000
v 0.625003 1.338389 -0.411612
v 0.625003 1.250001 -0.375000
v 0.874999 1.161613 -0.588389
v 0.874999 1.125001 -0.500000
v 0.874999 1.250001 -0.625000
v 0.874999 1.338389 -0.588389
v 0.874996 1.375001 -0.500000
v 0.874999 1.338389 -0.411612
v 0.874999 1.250001 -0.375000
v 0.874999 1.161613 -0.411612
v 0.625003 1.250001 -0.125000
v 0.625003 1.161613 -0.088389
v 0.625003 1.125001 -0.000000
v 0.625003 1.161613 0.088388
v 0.625003 1.338389 -0.088389
v 0.624999 1.375001 -0.000000
v 0.625003 1.338389 0.088388
v 0.625003 1.250001 0.125000
v 0.874999 1.161613 -0.088389
v 0.874999 1.125001 -0.000000
v 0.874999 1.250001 -0.125000
v 0.874999 1.338389 -0.088389
v 0.874996 1.375001 -0.000000
v 0.874999 1.338389 0.088388
v 0.874999 1.250001 0.125000
v 0.874999 1.161613 0.088388
v 0.625003 1.250001 0.375000
v 0.625003 1.161613 0.411611
v 0.625003 1.125001 0.500000
v 0.625003 1.161613 0.588388
v 0.625003 1.338389 0.411611
v 0.624999 1.375001 0.500000
v 0.625003 1.338389 0.588388
v 0.625003 1.250001 0.625000
v 0.874999 1.161613 0.411611
v 0.874999 1.125001 0.500000
v 0.874999 1.250001 0.375000
v 0.874999 1.338389 0.411611
v 0.874996 1.375001 0.500000
v 0.874999 1.338389 0.588388
v 0.874999 1.250001 0.625000
v 0.874999 1.161613 0.588388
v 0.750001 1.250001 0.875000
v 0.750001 1.161613 0.911611
v 0.750001 1.125001 1.000000
v 0.750001 1.161613 1.088388
v 0.750001 1.338389 0.911611
v 0.749999 1.375001 1.000000
v 0.750001 1.338389 1.088388
v 0.750001 1.250001 1.125000
v 0.874999 1.161613 0.911611
v 0.874999 1.125001 1.000000
v 0.874999 1.250001 0.875000
v 0.874999 1.338389 0.911611
v 0.874997 1.375001 1.000000
v 0.874999 1.338389 1.088388
v 0.874999 1.250001 1.125000
v 0.874999 1.161613 1.088388
v -0.374999 3.062501 0.375000
v -0.374999 2.974113 0.411611
v -0.374999 2.937501 0.500000
v -0.374999 2.974113 0.588388
v -0.374999 3.150889 0.411611
v -0.375001 3.187501 0.500000
v -0.374999 3.150889 0.588388
v -0.374999 3.062501 0.625000
v -0.250001 2.974113 0.411611
v -0.250001 2.937501 0.500000
v -0.250001 3.062501 0.375000
v -0.250001 3.150889 0.411611
v -0.250003 3.187501 0.500000
v -0.250001 3.150889 0.588388
v -0.250001 3.062501 0.625000
v -0.250001 2.974113 0.588388
v 0.375007 3.625001 -0.625000
v 0.375007 3.536613 -0.588389
v 0.375007 3.500001 -0.500000
v 0.375007 3.536613 -0.411612
v 0.375007 3.713389 -0.588389
v 0.374999 3.750001 -0.500000
v 0.375007 3.713389 -0.411612
v 0.375007 3.625001 -0.375000
v 0.874999 3.536613 -0.588389
v 0.874999 3.500001 -0.500000
v 0.874999 3.625001 -0.625000
v 0.874999 3.713389 -0.588389
v 0.874992 3.750001 -0.500000
v 0.874999 3.713389 -0.411612
v 0.874999 3.625001 -0.375000
v 0.874999 3.536613 -0.411612
v 0.375007 3.625001 -0.125000
v 0.375007 3.536613 -0.088389
v 0.375007 3.500001 -0.000000
v 0.375007 3.536613 0.088388
v 0.375007 3.713389 -0.088389
v 0.374999 3.750001 -0.000000
v 0.375007 3.713389 0.088388
v 0.375007 3.625001 0.125000
v 0.874999 3.536613 -0.088389
v 0.874999 3.500001 -0.000000
v 0.874999 3.625001 -0.125000
v 0.874999 3.713389 -0.088389
v 0.874992 3.750001 -0.000000
v 0.874999 3.713389 0.088388
v 0.874999 3.625001 0.125000
v 0.874999 3.536613 0.088388
v 0.375007 3.625001 0.375000
v 0.375007 3.536613 0.411611
v 0.375007 3.500001 0.500000
v 0.375007 3.536613 0.588388
v 0.375007 3.713389 0.411611
v 0.374999 3.750001 0.500000
v 0.375007 3.713389 0.588388
v 0.375007 3.625001 0.625000
v 0.874999 3.536613 0.411611
v 0.874999 3.625001 0.375000
v 0.874999 3.713389 0.411611
v 0.874992 3.750001 0.500000
v 0.874999 3.713389 0.588388
v 0.874999 3.625001 0.625000
v 0.874999 3.536613 0.588388
v 0.250000 1.338388 0.411612
v 0.250000 1.250000 0.375000
v 0.250000 1.375000 0.500000
v 0.250000 1.338388 0.588388
v 0.250000 1.250000 0.625000
v 0.250000 1.161611 0.411612
v 0.275888 1.349111 0.588388
v 0.426777 1.198223 0.500000
v 0.463389 1.374999 0.411611
v 0.500000 1.374999 0.500000
v 0.400889 1.224111 0.411611
v 0.275888 1.349111 0.411611
v 0.338389 1.286611 0.625000
v 0.338389 1.286611 0.375000
v 0.400889 1.224111 0.588388
v 0.463389 1.374999 0.588389
v 0.375000 1.374999 0.625000
v 0.286612 1.374999 0.411611
v 0.375000 1.374999 0.375000
v 0.286612 1.374999 0.588389
v 0.250000 1.125000 0.500000
v 0.250000 1.161612 0.588388
v -0.874982 2.125001 -1.125000
v -0.874982 2.036613 -1.088389
v -0.874982 2.000001 -1.000000
v -0.874982 2.036613 -0.911612
v -0.874982 2.213389 -1.088389
v -0.875001 2.250001 -1.000000
v -0.874982 2.213389 -0.911612
v -0.874982 2.125001 -0.875000
v 0.312499 2.036613 -1.088389
v 0.312499 2.000001 -1.000000
v 0.312499 2.125001 -1.125000
v 0.312499 2.213389 -1.088389
v 0.312482 2.250001 -1.000000
v 0.312499 2.213389 -0.911612
v 0.312499 2.125001 -0.875000
v 0.312499 2.036613 -0.911612
v 0.500005 3.625001 -1.125000
v 0.500005 3.536613 -1.088389
v 0.500005 3.500001 -1.000000
v 0.500005 3.536613 -0.911612
v 0.500005 3.713389 -1.088389
v 0.499999 3.750001 -1.000000
v 0.500005 3.713389 -0.911612
v 0.500005 3.625001 -0.875000
v 0.874999 3.536613 -1.088389
v 0.874999 3.500001 -1.000000
v 0.874999 3.625001 -1.125000
v 0.874999 3.713389 -1.088389
v 0.874994 3.750001 -1.000000
v 0.874999 3.713389 -0.911612
v 0.874999 3.625001 -0.875000
v 0.874999 3.536613 -0.911612
v 0.000004 3.062501 -0.750000
v 0.000004 2.974113 -0.713389
v 0.000004 2.937501 -0.625000
v 0.000004 2.974113 -0.536612
v 0.000004 3.150889 -0.713389
v -0.000001 3.187501 -0.625000
v 0.000004 3.150889 -0.536612
v 0.000004 3.062501 -0.500000
v 0.312499 2.974113 -0.713389
v 0.312499 2.937501 -0.625000
v 0.312499 3.062501 -0.750000
v 0.312499 3.150889 -0.713389
v 0.312495 3.187501 -0.625000
v 0.312499 3.150889 -0.536612
v 0.312499 3.062501 -0.500000
v 0.312499 2.974113 -0.536612
v 0.500005 3.625001 0.875000
v 0.500005 3.536613 0.911611
v 0.500005 3.500001 1.000000
v 0.500005 3.536613 1.088388
v 0.500005 3.713389 0.911611
v 0.499999 3.750001 1.000000
v 0.500005 3.713389 1.088388
v 0.500005 3.625001 1.125000
v 0.874999 3.536613 0.911611
v 0.874999 3.500001 1.000000
v 0.874999 3.625001 0.875000
v 0.874999 3.713389 0.911611
v 0.874994 3.750001 1.000000
v 0.874999 3.713389 1.088388
v 0.874999 3.625001 1.125000
v 0.874999 3.536613 1.088388
v 0.500000 3.713387 -0.911612
v 0.500000 3.750000 -1.000000
v 0.500000 3.625000 -0.875000
v 0.500000 3.536612 -0.911612
v 0.500000 3.500000 -1.000000
v 0.500000 3.713387 -1.088389
v 0.474112 3.536612 -0.900889
v 0.323223 3.625000 -1.051777
v 0.286611 3.713389 -0.875001
v 0.250000 3.625000 -0.875001
v 0.349111 3.713389 -1.025889
v 0.474112 3.713389 -0.900889
v 0.411611 3.500000 -0.963389
v 0.411611 3.750000 -0.963389
v 0.349111 3.536612 -1.025889
v 0.286611 3.536611 -0.875001
v 0.375000 3.500000 -0.875001
v 0.463388 3.713389 -0.875001
v 0.375000 3.750000 -0.875001
v 0.463388 3.536611 -0.875001
v 0.500000 3.625000 -1.125000
v 0.500000 3.536612 -1.088388
v 0.713388 1.161613 0.875000
v 0.625000 1.125000 0.875000
v 0.750000 1.250000 0.875000
v 0.713388 1.338388 0.875000
v 0.625000 1.375000 0.875000
v 0.536611 1.161613 0.875000
v 0.724111 1.338388 0.900888
v 0.573223 1.250000 1.051777
v 0.749999 1.161611 1.088389
v 0.749999 1.250000 1.125000
v 0.599111 1.161611 1.025889
v 0.724111 1.161611 0.900888
v 0.661611 1.375000 0.963389
v 0.661611 1.125000 0.963389
v 0.599111 1.338388 1.025889
v 0.749999 1.338389 1.088389
v 0.749999 1.375000 1.000000
v 0.749999 1.161611 0.911612
v 0.749999 1.125000 1.000000
v 0.749999 1.338389 0.911612
v 0.500000 1.250000 0.875000
v 0.536612 1.338388 0.875000
v -0.411612 2.937500 0.411612
v -0.500000 2.937500 0.375000
v -0.375000 2.937500 0.500000
v -0.411612 2.937500 0.588388
v -0.500000 2.937500 0.625000
v -0.588389 2.937500 0.411612
v -0.400889 2.963388 0.588388
v -0.551777 3.114277 0.500000
v -0.375001 3.150889 0.411611
v -0.375001 3.187500 0.500000
v -0.525889 3.088389 0.411611
v -0.400889 2.963388 0.411611
v -0.463389 3.025889 0.625000
v -0.463389 3.025889 0.375000
v -0.525889 3.088389 0.588388
v -0.375001 3.150889 0.588389
v -0.375001 3.062500 0.625000
v -0.375001 2.974112 0.411611
v -0.375001 3.062500 0.375000
v -0.375001 2.974112 0.588389
v -0.625000 2.937500 0.500000
v -0.588388 2.937500 0.588388
v 0.250000 1.338388 0.661612
v 0.250000 1.250000 0.625000
v 0.250000 1.375000 0.750000
v 0.250000 1.338388 0.838388
v 0.250000 1.250000 0.875000
v 0.250000 1.161611 0.661612
v 0.275888 1.349111 0.838388
v 0.426777 1.198223 0.750000
v 0.463389 1.374999 0.661611
v 0.500000 1.374999 0.750000
v 0.400889 1.224111 0.661611
v 0.275888 1.349111 0.661611
v 0.338389 1.286611 0.875000
v 0.338389 1.286611 0.625000
v 0.400889 1.224111 0.838388
v 0.463389 1.375000 0.838389
v 0.375000 1.375000 0.875000
v 0.286612 1.374999 0.661611
v 0.375000 1.374999 0.625000
v 0.286612 1.375000 0.838389
v 0.250000 1.125000 0.750000
v 0.250000 1.161612 0.838388
v -0.250000 3.150887 0.411612
v -0.250000 3.187500 0.500000
v -0.250000 3.062500 0.375000
v -0.250000 2.974112 0.411612
v -0.250000 2.937500 0.500000
v -0.250000 3.150887 0.588389
v -0.224112 2.974112 0.400889
v -0.073223 3.062500 0.551777
v -0.036611 3.150889 0.375000
v 0.000000 3.062500 0.375000
v -0.099111 3.150889 0.525889
v -0.224112 3.150889 0.400889
v -0.161611 2.937500 0.463389
v -0.161611 3.187500 0.463389
v -0.099111 2.974112 0.525889
v -0.036611 2.974111 0.375000
v -0.125000 2.937500 0.375000
v -0.213388 3.150889 0.375000
v -0.125000 3.187500 0.375000
v -0.213388 2.974111 0.375000
v -0.250000 3.062500 0.625000
v -0.250000 2.974112 0.588388
v -0.911612 2.000000 -1.088388
v -1.000000 2.000000 -1.125000
v -0.875000 2.000000 -1.000000
v -0.911612 2.000000 -0.911612
v -1.000000 2.000000 -0.875000
v -1.088389 2.000000 -1.088388
v -0.900889 2.025888 -0.911612
v -1.051777 2.176777 -1.000000
v -0.875001 2.213389 -1.088389
v -0.875001 2.250000 -1.000000
v -1.025889 2.150889 -1.088389
v -0.900889 2.025888 -1.088389
v -0.963389 2.088389 -0.875000
v -0.963389 2.088389 -1.125000
v -1.025889 2.150889 -0.911612
v -0.875001 2.213389 -0.911611
v -0.875001 2.125000 -0.875000
v -0.875001 2.036612 -1.088389
v -0.875001 2.125000 -1.125000
v -0.875001 2.036612 -0.911611
v -1.125000 2.000000 -1.000000
v -1.088388 2.000000 -0.911612
v -0.499999 2.500005 0.375000
v -0.411611 2.500005 0.411611
v -0.374999 2.500005 0.500000
v -0.411611 2.500005 0.588388
v -0.588387 2.500005 0.411611
v -0.624999 2.499999 0.500000
v -0.588387 2.500005 0.588388
v -0.499999 2.500005 0.625000
v -0.411611 2.937499 0.411611
v -0.374999 2.937499 0.500000
v -0.499999 2.937499 0.375000
v -0.588387 2.937499 0.411611
v -0.624999 2.937492 0.500000
v -0.588387 2.937499 0.588388
v -0.499999 2.937499 0.625000
v -0.411611 2.937499 0.588388
v -0.000000 3.150887 -0.536612
v -0.000000 3.187500 -0.625000
v 0.000000 3.062500 -0.500000
v 0.000000 2.974112 -0.536612
v 0.000000 2.937500 -0.625000
v -0.000000 3.150887 -0.713389
v -0.025888 2.974112 -0.525889
v -0.176777 3.062500 -0.676777
v -0.213389 3.150889 -0.500001
v -0.250000 3.062500 -0.500001
v -0.150889 3.150889 -0.650889
v -0.025888 3.150889 -0.525889
v -0.088389 2.937500 -0.588389
v -0.088389 3.187500 -0.588389
v -0.150889 2.974112 -0.650889
v -0.213389 2.974111 -0.500001
v -0.125000 2.937500 -0.500001
v -0.036612 3.150889 -0.500001
v -0.125000 3.187500 -0.500001
v -0.036612 2.974111 -0.500001
v 0.000000 3.062500 -0.750000
v 0.000000 2.974112 -0.713388
v 0.750000 1.750000 1.250000
v 0.750000 1.750000 -1.250000
v 0.750000 1.625000 1.250000
v 0.750000 1.625000 -1.250000
v 0.687500 1.750000 1.250000
v 0.687500 1.750000 -1.250000
v 0.687500 1.625000 1.250000
v 0.687500 1.625000 -1.250000
vn 0.7071 0.7071 -0.0000
vn 0.7071 -0.7071 -0.0000
vn -0.0000 1.0000 -0.0000
vn -0.0000 -1.0000 -0.0000
vn 0.5773 0.5773 -0.5774
vn 0.5774 0.5774 0.5774
vn 0.5773 -0.5774 0.5773
vn 0.5773 -0.5774 -0.5773
vn -0.5773 -0.5774 0.5773
vn -0.7071 -0.0000 0.7071
vn -0.7071 -0.0000 -0.7071
vn -0.5774 -0.5774 -0.5774
vn 0.5774 0.5774 0.5773
vn 0.5773 0.5774 -0.5773
vn 0.5774 0.5774 -0.5774
vn 0.6966 0.1715 -0.6966
vn -0.6966 0.1715 0.6966
vn -0.6966 0.1715 -0.6966
vn 0.6966 0.1715 0.6966
vn 0.4798 0.7345 -0.4798
vn -0.4798 0.7345 -0.4798
vn 0.4798 0.7345 0.4798
vn -0.4798 0.7345 0.4798
vn -0.0000 0.2425 -0.9701
vn -0.9701 0.2425 -0.0000
vn -0.4798 0.7345 -0.4799
vn -0.4799 0.7345 -0.4798
vn -0.7071 0.7071 -0.0000
vn -0.4942 0.4942 0.7152
vn -0.6713 0.2781 0.6870
vn -0.4942 0.4942 -0.7153
vn -0.0000 -0.0000 -1.0000
vn -0.2780 0.6713 -0.6871
vn 0.6713 -0.2781 0.6870
vn 0.4942 -0.4942 0.7152
vn 0.9239 -0.3827 -0.0000
vn 0.2781 -0.6713 0.6870
vn 0.3827 -0.9239 -0.0000
vn 0.4942 -0.4942 -0.7152
vn 0.2781 -0.6713 -0.6870
vn -0.0000 -0.0000 1.0000
vn -0.2781 0.6713 0.6871
vn 0.6713 -0.2781 -0.6870
vn -0.6713 0.2781 -0.6870
vn 0.6511 0.3900 0.6511
vn 0.6511 -0.3900 0.6511
vn 0.9208 -0.3900 -0.0000
vn 0.9208 0.3900 -0.0000
vn -0.0000 0.3900 0.9208
vn -0.0000 -0.3900 0.9208
vn -0.6511 0.3899 0.6512
vn -0.6511 -0.3900 0.6511
vn -0.9208 0.3899 -0.0000
vn -0.9209 -0.3899 -0.0000
vn -0.6511 0.3899 -0.6512
vn -0.6512 -0.3899 -0.6511
vn -0.0000 0.3900 -0.9208
vn -0.0000 -0.3900 -0.9208
vn 0.6511 0.3900 -0.6511
vn 0.6511 -0.3900 -0.6511
vn 0.3748 -0.9271 -0.0000
vn 0.2650 -0.9271 -0.2650
vn -0.0000 -0.9271 -0.3748
vn -0.2652 -0.9271 -0.2650
vn -0.3749 -0.9271 -0.0000
vn -0.2651 -0.9271 0.2649
vn -0.0000 -0.9271 0.3748
vn 0.2650 -0.9271 0.2650
vn -0.0001 -1.0000 0.0001
vn -0.0000 -1.0000 -0.0001
vn -0.0001 -1.0000 -0.0001
vn -0.0000 0.9271 0.3748
vn -0.2650 0.9271 0.2651
vn 0.2650 0.9271 0.2650
vn 0.3748 0.9271 -0.0000
vn -0.3747 0.9271 -0.0000
vn -0.2650 0.9271 -0.2651
vn -0.0000 0.9271 -0.3748
vn 0.2650 0.9271 -0.2650
vn 0.0001 1.0000 0.0001
vn 0.0001 1.0000 -0.0001
vn -0.7071 -0.7071 -0.0000
vn -0.4942 -0.4942 0.7153
vn -0.2781 -0.6713 0.6870
vn -0.4942 -0.4942 -0.7152
vn -0.6713 -0.2781 -0.6870
vn 0.2781 0.6713 0.6870
vn 0.4942 0.4942 0.7152
vn 0.3827 0.9239 -0.0000
vn 0.6713 0.2781 0.6870
vn 0.9239 0.3827 -0.0000
vn 0.4942 0.4942 -0.7152
vn 0.6713 0.2781 -0.6870
vn -0.6713 -0.2781 0.6871
vn 0.2781 0.6713 -0.6870
vn -0.2781 -0.6713 -0.6870
vn -0.0001 -1.0000 -0.0000
vn 0.0001 1.0000 -0.0000
vn 1.0000 -0.0000 -0.0000
vn 0.7071 -0.0000 0.7071
vn 0.7071 -0.0000 -0.7071
vn -0.4942 -0.4942 -0.7153
vn -0.3575 0.8628 0.3574
vn -0.4942 0.4942 0.7153
vn -0.0139 0.4951 -0.8687
vn -0.2781 0.6713 -0.6871
vn -0.3574 0.8628 0.3574
vn 0.6348 -0.2629 -0.7266
vn 0.6347 -0.2629 -0.7266
vn -0.4942 0.4942 -0.7152
vn -0.6511 0.3899 0.6511
vn 0.4942 -0.7152 -0.4942
vn 0.6713 -0.6870 -0.2781
vn 0.4942 0.7152 -0.4942
vn 0.2781 0.6871 -0.6713
vn -0.6713 -0.6870 0.2781
vn -0.4942 -0.7152 0.4942
vn -0.9239 -0.0000 0.3827
vn -0.2781 -0.6870 0.6713
vn -0.3827 -0.0000 0.9239
vn -0.4942 0.7152 0.4942
vn -0.2781 0.6870 0.6713
vn 0.2781 -0.6871 -0.6713
vn -0.6713 0.6870 0.2781
vn 0.6713 0.6870 -0.2781
vn -0.5773 0.5774 0.5773
vn 0.5774 0.5773 0.5773
vn -0.5774 0.5773 -0.5773
vn -1.0000 -0.0000 -0.0000
vn -0.8165 -0.4083 -0.4083
vn 0.4083 -0.8165 -0.4083
vn -0.5773 0.5774 -0.5774
vn -0.4472 0.8944 -0.0000
vn -0.5773 0.5774 0.5774
vn 0.5774 -0.5773 0.5774
vn -0.0000 0.7071 0.7071
vn 0.4082 -0.4082 0.8165
vn -0.8165 -0.4083 0.4082
vn 0.4083 -0.4083 0.8165
vn -0.5774 -0.5774 -0.5773
vn -0.4473 0.8944 -0.0000
vn 0.4082 -0.4082 -0.8165
vn 0.5774 0.5773 -0.5773
vn 0.5774 -0.5774 -0.5774
vn -0.5774 -0.5773 -0.5773
vn 0.5773 0.5774 -0.5774
vn 0.8165 -0.4082 -0.4082
vn 0.5773 -0.5773 0.5774
vn -0.0000 -0.7071 -0.7071
vn -0.0000 -0.7071 0.7071
vn -0.0000 0.7071 -0.7071
vn 0.5774 -0.5774 0.5773
vn -0.5773 -0.5774 0.5774
vn 0.5773 0.5774 0.5774
vn -0.5774 -0.5773 -0.5774
vn 0.5774 -0.5773 0.5773
vn -0.4082 -0.4082 0.8165
vn -0.5774 -0.5773 0.5774
vn -0.5774 0.5774 0.5773
vn 0.5774 -0.5774 -0.5773
vn -0.4082 -0.4082 -0.8165
vn 0.5774 -0.5773 -0.5773
vn -0.5773 0.5774 -0.5773
vn 0.5774 -0.5773 -0.5774
vn -0.5774 0.5774 -0.5773
vn -0.5773 -0.5773 0.5774
vn -0.5773 -0.5773 -0.5774
vn 0.5773 -0.5774 -0.5774
vn -0.5774 -0.5773 0.5773
vn 0.5773 0.5774 0.5773
vn 0.8165 -0.4082 0.4082
vn 0.5773 -0.5773 -0.5774
vn -0.8165 0.4083 -0.4083
vn 0.4082 0.8165 -0.4082
vn 0.4083 0.8165 -0.4083
vn -0.8165 0.4083 0.4082
vn 0.4082 0.4082 0.8165
vn 0.4083 0.4083 0.8165
vn 0.4082 0.4082 -0.8165
vn -0.5774 0.5773 -0.5774
vn 0.5773 0.5773 0.5774
vn 0.8165 0.4082 -0.4082
vn 0.5774 0.5773 0.5774
vn -0.5774 0.5773 0.5774
vn -0.4082 0.4082 0.8165
vn 0.5774 0.5774 -0.5773
vn -0.4082 0.4082 -0.8165
vn -0.5774 0.5774 -0.5774
vn -0.5773 0.5773 0.5774
vn -0.4082 0.8165 0.4082
vn -0.4082 0.8165 -0.4082
vn -0.5773 0.5773 -0.5774
vn -0.0000 -0.4472 0.8944
vn 0.5774 0.5773 -0.5774
vn -0.5774 0.5773 0.5773
vn 0.4082 0.8165 0.4082
vn 0.8165 0.4082 0.4082
vn -0.0000 -0.4473 0.8944
vn -0.0000 -0.5244 -0.8514
vn 0.6219 -0.6219 -0.4760
vn 0.3708 -0.3708 0.8514
vn -0.0000 -0.8794 0.4760
vn 0.5244 -0.0000 -0.8514
vn 0.8794 -0.0000 0.4760
vn 0.6219 0.6219 -0.4760
vn 0.3708 0.3708 0.8514
vn -0.0000 0.5244 -0.8514
vn -0.0000 0.8794 0.4760
vn -0.6219 0.6219 -0.4760
vn -0.3708 0.3708 0.8514
vn -0.5244 0.0001 -0.8514
vn -0.8794 -0.0000 0.4760
vn -0.6218 -0.6219 -0.4760
vn -0.3708 -0.3708 0.8514
vn 0.4799 0.7345 0.4799
vn 0.4798 -0.7345 0.4798
vn 0.6868 -0.7139 0.1366
vn 0.6868 0.7139 0.1366
vn 0.1366 0.7139 0.6868
vn 0.1366 -0.7139 0.6868
vn 0.4472 -0.8944 -0.0000
vn 0.4472 0.8944 -0.0000
vn 0.4473 0.8944 -0.0000
vn 0.4799 0.7345 -0.4798
vn 0.4798 -0.7345 -0.4798
vn 0.1366 -0.7139 -0.6868
vn 0.1366 0.7139 -0.6868
vn 0.6533 0.7071 -0.2706
vn 0.6533 -0.7071 -0.2706
vn 0.4798 0.7345 -0.4799
vn -0.3574 0.8628 -0.3574
vn -0.0139 0.4950 0.8688
vn -0.2780 0.6713 0.6871
vn -0.3573 0.8629 -0.3574
vn -0.0139 0.4951 0.8687
vn -0.3574 0.8628 -0.3575
vn 0.6348 -0.2630 0.7266
vn 0.6347 -0.2629 0.7266
vn 0.4942 0.7152 0.4942
vn 0.6713 0.6870 0.2781
vn 0.4942 -0.7152 0.4942
vn 0.2781 -0.6871 0.6713
vn -0.6713 0.6870 -0.2781
vn -0.4942 0.7152 -0.4942
vn -0.9239 -0.0000 -0.3827
vn -0.2781 0.6870 -0.6713
vn -0.3827 -0.0000 -0.9239
vn -0.4942 -0.7152 -0.4942
vn -0.2781 -0.6870 -0.6713
vn 0.2781 0.6871 0.6713
vn -0.6713 -0.6870 -0.2781
vn 0.6713 -0.6870 0.2781
vn 0.2781 -0.6870 -0.6713
vn 0.6713 0.6871 -0.2780
vn 0.6713 -0.6871 -0.2781
vn 0.2781 0.6870 -0.6713
vn 0.4942 -0.4942 -0.7153
vn 0.6713 -0.2781 0.6871
vn -0.2781 0.6713 -0.6870
vn -0.3827 0.9239 -0.0000
vn -0.9239 0.3827 -0.0000
vn 0.6713 -0.2781 -0.6871
vn -0.2781 0.6713 0.6870
vn -0.2781 -0.6871 -0.6713
vn 0.9239 -0.0000 0.3827
vn 0.2781 0.6870 0.6713
vn 0.3827 -0.0000 0.9239
vn 0.2781 -0.6870 0.6713
vn -0.2781 0.6871 -0.6713
vn 0.8628 -0.3575 -0.3574
vn 0.4951 -0.0139 0.8687
vn 0.8628 -0.3574 -0.3574
vn -0.2629 0.6348 0.7266
vn -0.2629 0.6347 0.7266
vn 0.3574 0.3574 0.8628
vn 0.0139 -0.8687 0.4951
vn 0.3575 0.3574 0.8628
vn -0.6348 -0.7266 -0.2629
vn -0.6347 -0.7266 -0.2629
vt 0.015625 0.375000
vt 0.015625 0.531250
vt 0.000000 0.531250
vt 0.000000 0.375000
vt 0.023438 0.375000
vt 0.031250 0.375000
vt 0.031250 0.531250
vt 0.023438 0.531250
vt 0.625000 0.218750
vt 0.250000 0.218750
vt 0.250000 0.156250
vt 0.625000 0.156250
vt 1.000000 0.343750
vt 1.000000 0.406250
vt 0.625000 0.406250
vt 0.625000 0.343750
vt 1.000000 0.000000
vt 1.000000 0.187500
vt 0.625000 0.187500
vt 0.625000 0.000000
vt 1.000000 0.250000
vt 0.625000 0.250000
vt 0.250000 0.406250
vt 0.250000 0.343750
vt 0.625000 0.312500
vt 0.250000 0.312500
vt 0.437500 0.343750
vt 0.437500 0.312500
vt 0.500000 0.406250
vt 0.500000 0.437500
vt 0.312500 0.437500
vt 0.312500 0.406250
vt 0.281250 0.406250
vt 0.281250 0.437500
vt 0.218750 0.437500
vt 0.218750 0.406250
vt 1.000000 0.437500
vt 0.625000 0.437500
vt 0.812500 0.281250
vt 0.625000 0.281250
vt 0.812500 0.250000
vt 1.000000 0.281250
vt 0.484375 0.468750
vt 0.296875 0.468750
vt 0.609375 0.468750
vt 0.515625 0.468750
vt 0.781250 0.343750
vt 0.656250 0.343750
vt 0.968750 0.343750
vt 0.843750 0.343750
vt 0.234375 0.468750
vt 0.812500 0.437500
vt 0.828125 0.468750
vt 0.640625 0.468750
vt 0.375000 0.500000
vt 0.250000 0.500000
vt 0.390625 0.468750
vt 0.828125 0.515625
vt 0.640625 0.515625
vt 0.843750 0.500000
vt 0.968750 0.500000
vt 0.968750 0.562500
vt 0.843750 0.562500
vt 0.035157 0.796875
vt 0.036914 0.789062
vt 0.033398 0.789062
vt 0.010003 0.742187
vt 0.005859 0.750000
vt 0.017578 0.750000
vt 0.013436 0.742188
vt 0.025154 0.773438
vt 0.045159 0.773438
vt 0.046875 0.765625
vt 0.023438 0.765625
vt 0.001716 0.773438
vt 0.021721 0.773438
vt 0.000000 0.765625
vt 0.005884 0.750000
vt 0.001758 0.757812
vt 0.021680 0.757812
vt 0.017554 0.750000
vt 0.005884 0.781250
vt 0.017554 0.781250
vt 0.021680 0.773438
vt 0.001758 0.773438
vt 0.010003 0.789062
vt 0.013436 0.789062
vt 0.017578 0.781250
vt 0.005859 0.781251
vt 0.013477 0.742188
vt 0.011718 0.734375
vt 0.009961 0.742188
vt 0.001716 0.757813
vt 0.000000 0.765625
vt 0.021721 0.757812
vt 0.025195 0.757812
vt 0.045117 0.757812
vt 0.040991 0.750000
vt 0.029322 0.750000
vt 0.033398 0.742188
vt 0.035155 0.734375
vt 0.036914 0.742188
vt 0.033440 0.789062
vt 0.036872 0.789062
vt 0.041016 0.781250
vt 0.029297 0.781250
vt 0.025195 0.773438
vt 0.029321 0.781250
vt 0.040991 0.781250
vt 0.045117 0.773439
vt 0.046875 0.765624
vt 0.045158 0.757812
vt 0.025153 0.757812
vt 0.033441 0.742188
vt 0.029297 0.750000
vt 0.041016 0.750000
vt 0.036872 0.742188
vt 0.011718 0.796875
vt 0.013477 0.789062
vt 0.009961 0.789062
vt 0.929688 0.984375
vt 0.929688 0.859375
vt 0.953125 0.859375
vt 0.953125 0.984375
vt 0.906250 0.984375
vt 0.906250 0.859375
vt 0.882812 0.984375
vt 0.882812 0.859375
vt 0.859375 0.984375
vt 0.859375 0.859375
vt 0.835938 0.984375
vt 0.835938 0.859375
vt 0.812500 0.984375
vt 0.812500 0.859375
vt 0.789062 0.984375
vt 0.789062 0.859375
vt 0.976562 0.859375
vt 0.976562 0.984375
vt 0.956054 0.855469
vt 0.973633 0.855469
vt 0.791992 0.855469
vt 0.809570 0.855469
vt 0.815429 0.855469
vt 0.833008 0.855469
vt 0.838866 0.855469
vt 0.856444 0.855469
vt 0.859375 0.859375
vt 0.862306 0.855469
vt 0.879884 0.855469
vt 0.885742 0.855469
vt 0.903320 0.855469
vt 0.909180 0.855469
vt 0.926758 0.855469
vt 0.932617 0.855469
vt 0.950195 0.855469
vt 0.956055 0.855469
vt 0.958984 0.851562
vt 0.970703 0.851562
vt 0.973633 0.855469
vt 0.791992 0.855469
vt 0.794922 0.851562
vt 0.806641 0.851562
vt 0.809570 0.855469
vt 0.815430 0.855469
vt 0.818359 0.851562
vt 0.830078 0.851562
vt 0.833008 0.855469
vt 0.838867 0.855469
vt 0.841797 0.851562
vt 0.853516 0.851562
vt 0.856445 0.855469
vt 0.862305 0.855469
vt 0.865234 0.851562
vt 0.876953 0.851562
vt 0.879883 0.855469
vt 0.885742 0.855469
vt 0.888672 0.851562
vt 0.900391 0.851562
vt 0.903320 0.855469
vt 0.909180 0.855469
vt 0.912109 0.851562
vt 0.923828 0.851562
vt 0.926758 0.855469
vt 0.932617 0.855469
vt 0.935547 0.851562
vt 0.947266 0.851562
vt 0.950195 0.855469
vt 0.903320 0.988281
vt 0.885742 0.988281
vt 0.926758 0.988281
vt 0.909180 0.988281
vt 0.950195 0.988281
vt 0.932617 0.988281
vt 0.882812 0.984375
vt 0.879882 0.988281
vt 0.862304 0.988281
vt 0.856446 0.988281
vt 0.838868 0.988281
vt 0.835938 0.984375
vt 0.833008 0.988281
vt 0.815429 0.988281
vt 0.809570 0.988281
vt 0.791992 0.988281
vt 0.973633 0.988281
vt 0.956054 0.988281
vt 0.903320 0.988281
vt 0.900391 0.992188
vt 0.888672 0.992188
vt 0.885742 0.988281
vt 0.926758 0.988281
vt 0.923828 0.992188
vt 0.912109 0.992188
vt 0.909180 0.988281
vt 0.950195 0.988281
vt 0.947266 0.992188
vt 0.935547 0.992188
vt 0.932617 0.988281
vt 0.879883 0.988281
vt 0.876953 0.992188
vt 0.865234 0.992188
vt 0.862305 0.988281
vt 0.856445 0.988281
vt 0.853516 0.992188
vt 0.841797 0.992188
vt 0.838867 0.988281
vt 0.833008 0.988281
vt 0.830078 0.992188
vt 0.818359 0.992188
vt 0.815430 0.988281
vt 0.809570 0.988281
vt 0.806641 0.992188
vt 0.794922 0.992188
vt 0.791992 0.988281
vt 0.973633 0.988281
vt 0.970703 0.992188
vt 0.958984 0.992188
vt 0.956055 0.988281
vt 0.011718 0.796875
vt 0.036872 0.742187
vt 0.041016 0.750000
vt 0.029297 0.750000
vt 0.033439 0.742188
vt 0.021721 0.773438
vt 0.001716 0.773438
vt 0.045159 0.773438
vt 0.025154 0.773438
vt 0.040991 0.750000
vt 0.025195 0.757812
vt 0.029321 0.750000
vt 0.040991 0.781250
vt 0.029321 0.781250
vt 0.045117 0.773438
vt 0.036872 0.789062
vt 0.033439 0.789062
vt 0.041016 0.781251
vt 0.035157 0.734375
vt 0.045159 0.757813
vt 0.046875 0.765625
vt 0.025154 0.757812
vt 0.021680 0.757812
vt 0.005884 0.750000
vt 0.017553 0.750000
vt 0.011720 0.734375
vt 0.013435 0.789062
vt 0.010003 0.789062
vt 0.005859 0.781250
vt 0.017554 0.781250
vt 0.005884 0.781250
vt 0.001758 0.773439
vt 0.000000 0.765624
vt 0.001717 0.757812
vt 0.021722 0.757812
vt 0.013434 0.742188
vt 0.017578 0.750000
vt 0.005859 0.750000
vt 0.010003 0.742188
vt 0.035157 0.796875
vt 0.054688 0.023438
vt 0.023438 0.023438
vt 0.032591 0.034486
vt 0.054688 0.039062
vt 0.076785 0.034486
vt 0.085938 0.023438
vt 0.076785 0.012389
vt 0.054688 0.007812
vt 0.032591 0.012389
vt 0.023438 0.093750
vt 0.015625 0.093750
vt 0.015625 0.007812
vt 0.023438 0.007812
vt 0.011718 0.734375
vt 0.036872 0.789063
vt 0.041016 0.781250
vt 0.029297 0.781250
vt 0.033439 0.789062
vt 0.021721 0.757812
vt 0.001716 0.757812
vt 0.000000 0.765625
vt 0.045159 0.757812
vt 0.025154 0.757812
vt 0.046875 0.765625
vt 0.040991 0.781250
vt 0.045117 0.773438
vt 0.029321 0.781250
vt 0.040991 0.750000
vt 0.029321 0.750000
vt 0.045117 0.757812
vt 0.036872 0.742188
vt 0.033439 0.742188
vt 0.041016 0.749999
vt 0.045159 0.773437
vt 0.025154 0.773438
vt 0.021680 0.773438
vt 0.001758 0.773438
vt 0.005884 0.781250
vt 0.017553 0.781250
vt 0.011720 0.796875
vt 0.013435 0.742188
vt 0.010003 0.742188
vt 0.005859 0.750000
vt 0.017554 0.750000
vt 0.005884 0.750000
vt 0.001758 0.757811
vt 0.000000 0.765626
vt 0.001717 0.773438
vt 0.021722 0.773438
vt 0.013434 0.789062
vt 0.005859 0.781250
vt 0.010003 0.789062
vt 0.035157 0.734375
vt 0.010003 0.789063
vt 0.005859 0.781250
vt 0.017578 0.781250
vt 0.013436 0.789062
vt 0.025154 0.757812
vt 0.045159 0.757812
vt 0.001716 0.757812
vt 0.021721 0.757812
vt 0.005884 0.781250
vt 0.017554 0.781250
vt 0.005884 0.750000
vt 0.017554 0.750000
vt 0.001758 0.757812
vt 0.010003 0.742188
vt 0.013436 0.742188
vt 0.005859 0.749999
vt 0.001716 0.773437
vt 0.021721 0.773438
vt 0.025195 0.773438
vt 0.040991 0.781250
vt 0.029322 0.781250
vt 0.035155 0.796875
vt 0.033440 0.742188
vt 0.036872 0.742188
vt 0.041016 0.750000
vt 0.029321 0.750000
vt 0.040991 0.750000
vt 0.045117 0.757811
vt 0.046875 0.765626
vt 0.045158 0.773438
vt 0.025153 0.773438
vt 0.033441 0.789062
vt 0.041016 0.781250
vt 0.036872 0.789062
vt 0.058593 0.796875
vt 0.056836 0.789062
vt 0.060352 0.789062
vt 0.083747 0.742187
vt 0.087891 0.750000
vt 0.076172 0.750000
vt 0.080314 0.742188
vt 0.068596 0.773438
vt 0.048591 0.773438
vt 0.070312 0.765625
vt 0.092034 0.773438
vt 0.072029 0.773438
vt 0.093750 0.765625
vt 0.087866 0.750000
vt 0.091992 0.757812
vt 0.072070 0.757812
vt 0.076196 0.750000
vt 0.087866 0.781250
vt 0.076196 0.781250
vt 0.072070 0.773438
vt 0.091992 0.773438
vt 0.083747 0.789062
vt 0.080314 0.789062
vt 0.076172 0.781250
vt 0.087891 0.781251
vt 0.080273 0.742188
vt 0.082032 0.734375
vt 0.083789 0.742188
vt 0.092034 0.757813
vt 0.093750 0.765625
vt 0.072029 0.757812
vt 0.068555 0.757812
vt 0.048633 0.757812
vt 0.052759 0.750000
vt 0.064428 0.750000
vt 0.060352 0.742188
vt 0.058595 0.734375
vt 0.056836 0.742188
vt 0.060310 0.789062
vt 0.056878 0.789062
vt 0.052734 0.781250
vt 0.064453 0.781250
vt 0.068555 0.773438
vt 0.064429 0.781250
vt 0.052759 0.781250
vt 0.048633 0.773439
vt 0.048592 0.757812
vt 0.068597 0.757812
vt 0.060309 0.742188
vt 0.064453 0.750000
vt 0.052734 0.750000
vt 0.056878 0.742188
vt 0.082032 0.796875
vt 0.080273 0.789062
vt 0.083789 0.789062
vt 0.734375 0.992188
vt 0.734375 0.808594
vt 0.718750 0.808594
vt 0.718750 0.992188
vt 0.750000 0.992188
vt 0.750000 0.808594
vt 0.343750 0.808594
vt 0.343750 0.992188
vt 0.359375 0.992188
vt 0.359375 0.808594
vt 0.375000 0.992188
vt 0.375000 0.808594
vt 0.718750 1.000000
vt 0.734375 1.000000
vt 0.343750 1.000000
vt 0.359375 1.000000
vt 0.390625 0.992188
vt 0.390625 0.808594
vt 0.703125 0.808594
vt 0.703125 0.992188
vt 0.000000 0.808594
vt 0.000000 0.992188
vt 0.015625 0.992188
vt 0.015625 0.808594
vt 0.328125 0.808594
vt 0.328125 0.992188
vt 0.015625 0.964844
vt 0.015625 0.832031
vt 0.328125 0.832031
vt 0.328125 0.964844
vt 0.703125 0.832031
vt 0.390625 0.832031
vt 0.390625 0.964844
vt 0.703125 0.964844
vt 0.281250 0.007812
vt 0.296875 0.007812
vt 0.296875 0.000000
vt 0.265625 0.000000
vt 0.296875 0.015625
vt 0.265625 0.015625
vt 0.281250 0.015625
vt 0.250000 0.000000
vt 0.265625 0.078125
vt 0.250000 0.078125
vt 0.265625 0.007812
vt 0.250000 0.062500
vt 0.265625 0.062500
vt 0.265625 0.156250
vt 0.281250 0.000000
vt 0.250000 0.015625
vt 0.265625 0.093750
vt 0.250000 0.093750
vt 0.429688 0.328125
vt 0.437500 0.328125
vt 0.437500 0.332031
vt 0.429688 0.332031
vt 0.429688 0.335938
vt 0.437500 0.335938
vt 0.437500 0.339844
vt 0.429688 0.339844
vt 0.429688 0.343750
vt 0.437500 0.316406
vt 0.429688 0.316406
vt 0.429688 0.312500
vt 0.429688 0.320312
vt 0.437500 0.320312
vt 0.414062 0.328125
vt 0.403014 0.325837
vt 0.398438 0.320312
vt 0.403014 0.314788
vt 0.414062 0.312500
vt 0.425111 0.314788
vt 0.425111 0.325837
vt 0.437500 0.324219
vt 0.429688 0.324219
vt 0.403014 0.341462
vt 0.398438 0.335938
vt 0.403014 0.330413
vt 0.425111 0.330413
vt 0.425111 0.341462
vt 0.414062 0.343750
vt 0.195312 0.250000
vt 0.195312 0.332031
vt 0.101562 0.332031
vt 0.101562 0.250000
vt 0.195312 0.355469
vt 0.101562 0.355469
vt 0.195312 0.226562
vt 0.101562 0.226562
vt 0.242188 0.250000
vt 0.242188 0.332031
vt 0.054688 0.332031
vt 0.054688 0.250000
vt 0.382812 0.695312
vt 0.617188 0.695312
vt 0.617188 0.703125
vt 0.382812 0.703125
vt 0.382812 0.687500
vt 0.617188 0.687500
vt 0.382812 0.679688
vt 0.617188 0.679688
vt 0.382812 0.671875
vt 0.617188 0.671875
vt 0.382812 0.726562
vt 0.617188 0.726562
vt 0.617188 0.734375
vt 0.382812 0.734375
vt 0.382812 0.718750
vt 0.617188 0.718750
vt 0.382812 0.710938
vt 0.617188 0.710938
vt 0.367188 0.710938
vt 0.148438 0.710938
vt 0.148438 0.703125
vt 0.367188 0.703125
vt 0.367188 0.718750
vt 0.148438 0.718750
vt 0.367188 0.726562
vt 0.148438 0.726562
vt 0.367188 0.734375
vt 0.148438 0.734375
vt 0.367188 0.679688
vt 0.148438 0.679688
vt 0.148438 0.671875
vt 0.367188 0.671875
vt 0.367188 0.687500
vt 0.148438 0.687500
vt 0.367188 0.695312
vt 0.148438 0.695312
vt 0.023438 0.343750
vt 0.007812 0.343750
vt 0.007812 0.328125
vt 0.023438 0.328125
vt 0.023438 0.359375
vt 0.007812 0.359375
vt 0.000000 0.342187
vt 0.000000 0.329687
vt 0.000000 0.357813
vt 0.000000 0.345313
vt 0.031250 0.345312
vt 0.031250 0.357812
vt 0.023438 0.328125
vt 0.031250 0.329688
vt 0.031250 0.342188
vt 0.007812 0.203125
vt 0.000000 0.203125
vt 0.000000 0.328125
vt 0.023438 0.203125
vt 0.031250 0.203125
vt 0.031250 0.328125
vt 0.046875 0.203125
vt 0.046875 0.328125
vt 0.000000 0.375000
vt 0.007812 0.375000
vt 0.000000 0.359375
vt 0.031250 0.359375
vt 0.023438 0.187500
vt 0.007812 0.187500
vt 0.007812 0.171875
vt 0.023438 0.171875
vt 0.000000 0.201562
vt 0.000000 0.189062
vt 0.000000 0.185938
vt 0.000000 0.173438
vt 0.031250 0.189062
vt 0.031250 0.201562
vt 0.031250 0.173438
vt 0.031250 0.185938
vt 0.000000 0.171875
vt 0.007812 0.156250
vt 0.000000 0.156250
vt 0.023438 0.156250
vt 0.031250 0.156250
vt 0.031250 0.171875
vt 0.570312 0.648438
vt 0.460938 0.648438
vt 0.460938 0.640625
vt 0.570312 0.640625
vt 0.570312 0.656250
vt 0.460938 0.656250
vt 0.570312 0.664062
vt 0.460938 0.664062
vt 0.570312 0.671875
vt 0.460938 0.671875
vt 0.570312 0.617188
vt 0.460938 0.617188
vt 0.460938 0.609375
vt 0.570312 0.609375
vt 0.570312 0.625000
vt 0.460938 0.625000
vt 0.570312 0.632812
vt 0.460938 0.632812
vt 0.789062 0.710938
vt 0.789062 0.703125
vt 0.789062 0.718750
vt 0.789062 0.726562
vt 0.789062 0.734375
vt 0.789062 0.679688
vt 0.789062 0.671875
vt 0.789062 0.687500
vt 0.789062 0.695312
vt 0.929688 0.695312
vt 0.929688 0.703125
vt 0.929688 0.687500
vt 0.929688 0.679688
vt 0.929688 0.671875
vt 0.929688 0.726562
vt 0.929688 0.734375
vt 0.929688 0.718750
vt 0.929688 0.710938
vt 0.000000 0.632812
vt 0.281250 0.632812
vt 0.281250 0.640625
vt 0.000000 0.640625
vt 0.000000 0.625000
vt 0.281250 0.625000
vt 0.000000 0.617188
vt 0.281250 0.617188
vt 0.000000 0.609375
vt 0.281250 0.609375
vt 0.000000 0.664062
vt 0.281250 0.664062
vt 0.281250 0.671875
vt 0.000000 0.671875
vt 0.000000 0.656250
vt 0.281250 0.656250
vt 0.000000 0.648438
vt 0.281250 0.648438
vt 0.312500 0.632812
vt 0.312500 0.640625
vt 0.312500 0.625000
vt 0.312500 0.617188
vt 0.312500 0.609375
vt 0.312500 0.664062
vt 0.312500 0.671875
vt 0.312500 0.656250
vt 0.312500 0.648438
vt 0.960938 0.710938
vt 0.960938 0.703125
vt 0.960938 0.718750
vt 0.960938 0.726562
vt 0.960938 0.734375
vt 0.960938 0.679688
vt 0.960938 0.671875
vt 0.960938 0.687500
vt 0.960938 0.695312
vt 0.046875 0.695312
vt 0.109375 0.695312
vt 0.109375 0.703125
vt 0.046875 0.703125
vt 0.046875 0.687500
vt 0.109375 0.687500
vt 0.046875 0.679688
vt 0.109375 0.679688
vt 0.046875 0.671875
vt 0.109375 0.671875
vt 0.046875 0.726562
vt 0.109375 0.726562
vt 0.109375 0.734375
vt 0.046875 0.734375
vt 0.046875 0.718750
vt 0.109375 0.718750
vt 0.046875 0.710938
vt 0.109375 0.710938
vt 0.058593 0.734375
vt 0.076172 0.781250
vt 0.087891 0.781250
vt 0.083747 0.789063
vt 0.080314 0.789062
vt 0.048591 0.757812
vt 0.068596 0.757812
vt 0.072029 0.757812
vt 0.092034 0.757812
vt 0.093750 0.765625
vt 0.091992 0.773438
vt 0.087866 0.781250
vt 0.076196 0.781250
vt 0.076196 0.750000
vt 0.087866 0.750000
vt 0.091992 0.757812
vt 0.076172 0.750000
vt 0.080314 0.742188
vt 0.083747 0.742188
vt 0.087891 0.749999
vt 0.092034 0.773437
vt 0.072029 0.773438
vt 0.052759 0.781250
vt 0.048633 0.773438
vt 0.068555 0.773438
vt 0.064428 0.781250
vt 0.058595 0.796875
vt 0.052734 0.750000
vt 0.056878 0.742188
vt 0.060310 0.742188
vt 0.052759 0.750000
vt 0.064429 0.750000
vt 0.068555 0.757812
vt 0.048633 0.757811
vt 0.048592 0.773438
vt 0.068597 0.773438
vt 0.052734 0.781250
vt 0.060309 0.789062
vt 0.056878 0.789062
vt 0.000000 0.695312
vt 0.000000 0.703125
vt 0.000000 0.687500
vt 0.000000 0.679688
vt 0.000000 0.726562
vt 0.000000 0.734375
vt 0.000000 0.718750
vt 0.000000 0.710938
vt 0.082032 0.796875
vt 0.056878 0.742187
vt 0.052734 0.750000
vt 0.064453 0.750000
vt 0.060311 0.742188
vt 0.072029 0.773438
vt 0.092034 0.773438
vt 0.048591 0.773438
vt 0.068596 0.773438
vt 0.052759 0.750000
vt 0.064429 0.750000
vt 0.052759 0.781250
vt 0.064429 0.781250
vt 0.048633 0.773438
vt 0.056878 0.789062
vt 0.060311 0.789062
vt 0.052734 0.781251
vt 0.058593 0.734375
vt 0.048591 0.757813
vt 0.068596 0.757812
vt 0.072070 0.757812
vt 0.087866 0.750000
vt 0.076197 0.750000
vt 0.082030 0.734375
vt 0.080315 0.789062
vt 0.083747 0.789062
vt 0.087891 0.781250
vt 0.076196 0.781250
vt 0.087866 0.781250
vt 0.091992 0.773439
vt 0.093750 0.765624
vt 0.092033 0.757812
vt 0.072028 0.757812
vt 0.080316 0.742188
vt 0.087891 0.750000
vt 0.083747 0.742188
vt 0.058593 0.796875
vt 0.625000 0.632812
vt 0.625000 0.640625
vt 0.625000 0.625000
vt 0.625000 0.617188
vt 0.625000 0.609375
vt 0.625000 0.664062
vt 0.625000 0.671875
vt 0.625000 0.656250
vt 0.625000 0.648438
s 1
usemtl m_667128fe-1a6a-5c0d-a453-63265566e0bf
f 4/1/1 3/2/1 5/3/2
f 4/1/1 5/3/2 6/4/2
f 7/5/3 3/6/1 4/7/1
f 7/5/3 4/7/1 8/8/3
f 6/5/2 5/8/2 9/2/4
f 6/5/2 9/2/4 10/1/4
f 12/9/5 11/10/6 13/11/7
f 12/9/5 13/11/7 14/12/8
f 15/13/9 28/14/10 24/15/11
f 15/13/9 24/15/11 16/16/12
f 14/17/8 13/18/7 15/19/9
f 14/17/8 15/19/9 16/20/12
f 13/18/7 11/21/6 28/22/10
f 13/18/7 28/22/10 15/19/9
f 24/15/11 12/23/5 14/24/8
f 24/15/11 14/24/8 16/16/12
f 12/9/5 17/25/3 27/26/13
f 12/9/5 27/26/13 11/10/6
f 17/25/3 19/16/14 20/27/5
f 17/25/3 20/27/5 18/28/15
f 19/29/14 21/30/16 22/31/16
f 19/29/14 22/31/16 20/32/5
f 20/33/5 22/34/16 23/35/16
f 20/33/5 23/35/16 18/36/15
f 28/14/10 39/37/17 25/38/18
f 28/14/10 25/38/18 24/15/11
f 19/29/14 24/15/11 25/38/18
f 19/29/14 25/38/18 21/30/16
f 23/39/16 26/40/19 27/22/13
f 23/39/16 27/22/13 18/41/15
f 26/42/19 39/39/17 28/41/10
f 26/42/19 28/41/10 27/21/13
f 21/30/16 29/43/20 35/44/20
f 21/30/16 35/44/20 22/31/16
f 25/38/18 30/45/21 29/46/20
f 25/38/18 29/46/20 21/30/16
f 23/39/16 32/47/20 31/48/22
f 23/39/16 31/48/22 26/40/19
f 26/42/19 31/49/22 37/50/23
f 26/42/19 37/50/23 39/39/17
f 22/34/16 35/44/20 33/51/24
f 22/34/16 33/51/24 23/35/16
f 25/38/18 38/52/25 34/53/26
f 25/38/18 34/53/26 30/54/21
f 36/55/21 32/56/20 33/51/24
f 36/55/21 33/51/24 34/57/27
f 30/58/21 34/59/26 35/54/20
f 30/58/21 35/54/20 29/53/20
f 32/60/20 36/61/21 37/62/23
f 32/60/20 37/62/23 31/63/22
f 36/60/21 38/52/25 39/37/17
f 36/60/21 39/37/17 37/61/23
f 42/64/28 51/65/29 57/66/30
f 46/67/31 52/68/32 44/69/32
f 46/67/31 44/69/32 43/70/33
f 48/71/34 50/72/35 47/73/2
f 48/71/34 47/73/2 49/74/36
f 50/75/35 45/76/37 60/74/38
f 50/75/35 60/74/38 47/77/2
f 52/78/32 54/79/39 61/80/40
f 52/78/32 61/80/40 44/81/32
f 53/82/41 41/83/41 45/84/37
f 53/82/41 45/84/37 50/85/35
f 51/86/29 40/87/42 41/88/41
f 51/86/29 41/88/41 53/89/41
f 43/90/33 42/91/28 46/92/31
f 54/93/39 47/94/2 60/74/38
f 54/93/39 60/74/38 61/95/40
f 55/96/43 54/97/39 52/98/32
f 55/96/43 52/98/32 56/99/32
f 46/100/31 42/101/28 59/102/44
f 57/103/30 51/104/29 53/105/41
f 57/103/30 53/105/41 58/106/41
f 48/107/34 58/108/41 53/109/41
f 48/107/34 53/109/41 50/110/35
f 49/74/36 47/111/2 54/112/39
f 49/74/36 54/112/39 55/113/43
f 59/114/44 56/115/32 52/116/32
f 59/114/44 52/116/32 46/117/31
f 42/118/28 40/119/42 51/120/29
f 71/121/45 62/122/46 64/123/47
f 71/121/45 64/123/47 72/124/48
f 70/125/49 65/126/50 62/122/46
f 70/125/49 62/122/46 71/121/45
f 74/127/51 66/128/52 65/126/50
f 74/127/51 65/126/50 70/125/49
f 75/129/53 67/130/54 66/128/52
f 75/129/53 66/128/52 74/127/51
f 63/131/55 77/132/56 67/130/54
f 63/131/55 67/130/54 75/129/53
f 76/133/57 68/134/58 77/132/56
f 76/133/57 77/132/56 63/131/55
f 73/135/59 69/136/60 68/134/58
f 73/135/59 68/134/58 76/133/57
f 72/124/48 64/123/47 69/137/60
f 72/124/48 69/137/60 73/138/59
f 64/123/47 78/139/61 79/140/62
f 64/123/47 79/140/62 69/137/60
f 69/136/60 79/141/62 80/142/63
f 69/136/60 80/142/63 68/134/58
f 68/134/58 80/143/63 81/144/64
f 68/134/58 81/144/64 77/132/56
f 77/132/56 81/145/64 82/146/65
f 77/132/56 82/146/65 67/147/54
f 67/147/54 82/148/65 83/149/66
f 67/147/54 83/149/66 66/128/52
f 66/128/52 83/150/66 84/151/67
f 66/128/52 84/151/67 65/126/50
f 65/126/50 84/152/67 85/153/68
f 65/126/50 85/153/68 62/122/46
f 62/122/46 85/154/68 78/155/61
f 62/122/46 78/155/61 64/123/47
f 78/156/61 86/157/4 87/158/4
f 78/156/61 87/158/4 79/159/62
f 79/160/62 87/161/4 88/162/4
f 79/160/62 88/162/4 80/163/63
f 80/164/63 88/165/4 89/166/69
f 80/164/63 89/166/69 81/167/64
f 81/168/64 89/169/69 90/170/70
f 81/168/64 90/170/70 82/171/65
f 82/172/65 90/173/70 91/174/71
f 82/172/65 91/174/71 83/175/66
f 83/176/66 91/177/71 92/178/4
f 83/176/66 92/178/4 84/179/67
f 84/180/67 92/181/4 93/182/4
f 84/180/67 93/182/4 85/183/68
f 85/184/68 93/185/4 86/186/4
f 85/184/68 86/186/4 78/187/61
f 70/125/49 94/188/72 95/189/73
f 70/125/49 95/189/73 74/127/51
f 71/121/45 96/190/74 94/191/72
f 71/121/45 94/191/72 70/125/49
f 72/124/48 97/192/75 96/193/74
f 72/124/48 96/193/74 71/121/45
f 74/194/51 95/195/73 98/196/76
f 74/194/51 98/196/76 75/129/53
f 75/129/53 98/197/76 99/198/77
f 75/129/53 99/198/77 63/199/55
f 63/131/55 99/200/77 100/201/78
f 63/131/55 100/201/78 76/133/57
f 76/133/57 100/202/78 101/203/79
f 76/133/57 101/203/79 73/135/59
f 73/138/59 101/204/79 97/205/75
f 73/138/59 97/205/75 72/124/48
f 94/206/72 102/207/3 103/208/80
f 94/206/72 103/208/80 95/209/73
f 96/210/74 104/211/3 102/212/3
f 96/210/74 102/212/3 94/213/72
f 97/214/75 105/215/3 104/216/3
f 97/214/75 104/216/3 96/217/74
f 95/218/73 103/219/80 106/220/3
f 95/218/73 106/220/3 98/221/76
f 98/222/76 106/223/3 107/224/81
f 98/222/76 107/224/81 99/225/77
f 99/226/77 107/227/81 108/228/3
f 99/226/77 108/228/3 100/229/78
f 100/230/78 108/231/3 109/232/3
f 100/230/78 109/232/3 101/233/79
f 101/234/79 109/235/3 105/236/3
f 101/234/79 105/236/3 97/237/75
f 112/238/82 121/120/83 127/119/84
f 116/239/85 122/240/32 114/241/32
f 116/239/85 114/241/32 113/242/86
f 118/243/87 120/244/88 117/77/1
f 118/243/87 117/77/1 119/74/89
f 120/245/88 115/246/90 130/74/91
f 120/245/88 130/74/91 117/73/1
f 122/247/32 124/97/92 131/248/93
f 122/247/32 131/248/93 114/249/32
f 123/250/41 111/251/41 115/107/90
f 123/250/41 115/107/90 120/252/88
f 121/253/83 110/254/94 111/106/41
f 121/253/83 111/106/41 123/255/41
f 113/100/86 112/256/82 116/102/85
f 124/257/92 117/258/1 130/74/91
f 124/257/92 130/74/91 131/259/93
f 125/260/95 124/79/92 122/261/32
f 125/260/95 122/261/32 126/262/32
f 116/90/85 112/263/82 129/92/96
f 127/264/84 121/265/83 123/266/41
f 127/264/84 123/266/41 128/88/41
f 118/84/87 128/267/41 123/268/41
f 118/84/87 123/268/41 120/269/88
f 119/74/89 117/270/1 124/271/92
f 119/74/89 124/271/92 125/272/95
f 129/273/96 126/274/32 122/275/32
f 129/273/96 122/275/32 116/276/85
f 112/277/82 110/66/94 121/65/83
f 140/278/4 138/279/97 132/280/69
f 140/278/4 132/280/69 139/281/4
f 140/278/4 139/281/4 136/282/4
f 140/278/4 136/282/4 135/283/4
f 140/278/4 135/283/4 134/284/4
f 140/278/4 134/284/4 133/285/4
f 140/278/4 133/285/4 137/286/71
f 140/278/4 137/286/71 138/279/97
f 147/279/98 149/278/3 141/280/81
f 141/280/81 149/278/3 148/281/3
f 148/281/3 149/278/3 145/282/3
f 145/282/3 149/278/3 144/283/3
f 144/283/3 149/278/3 143/284/3
f 143/284/3 149/278/3 142/285/3
f 142/285/3 149/278/3 146/286/80
f 146/286/80 149/278/3 147/279/98
f 151/287/99 150/288/100 152/289/100
f 151/287/99 152/289/100 153/290/99
f 154/287/101 151/288/99 153/289/99
f 154/287/101 153/289/99 155/290/101
f 157/287/99 156/288/100 158/289/100
f 157/287/99 158/289/100 159/290/99
f 160/287/101 157/288/99 159/289/99
f 160/287/101 159/289/99 161/290/101
f 163/287/99 162/288/100 164/289/100
f 163/287/99 164/289/100 165/290/99
f 166/287/101 163/288/99 165/289/99
f 166/287/101 165/289/99 167/290/101
f 169/287/99 168/288/100 170/289/100
f 169/287/99 170/289/100 171/290/99
f 174/290/11 172/287/11 173/288/32
f 174/290/11 173/288/32 175/289/32
f 173/287/32 169/288/99 171/289/99
f 173/287/32 171/289/99 175/290/32
f 177/290/99 176/289/100 178/288/100
f 177/290/99 178/288/100 179/287/99
f 182/287/11 180/290/11 181/289/32
f 182/287/11 181/289/32 183/288/32
f 181/290/32 177/289/99 179/288/99
f 181/290/32 179/288/99 183/287/32
f 185/287/99 184/288/41 186/289/41
f 185/287/99 186/289/41 187/290/99
f 186/290/41 184/287/41 188/288/10
f 186/290/41 188/288/10 190/289/10
f 189/287/101 185/288/99 187/289/99
f 189/287/101 187/289/99 191/290/101
f 193/290/99 192/289/41 194/288/41
f 193/290/99 194/288/41 195/287/99
f 194/287/41 192/290/41 196/289/10
f 194/287/41 196/289/10 198/288/10
f 197/290/101 193/289/99 195/288/99
f 197/290/101 195/288/99 199/287/101
f 201/287/101 200/288/99 202/289/99
f 201/287/101 202/289/99 203/290/101
f 204/287/32 201/288/101 203/289/101
f 204/287/32 203/289/101 205/290/32
f 207/287/99 206/288/100 208/289/100
f 207/287/99 208/289/100 209/290/99
f 208/290/100 206/287/100 210/288/41
f 208/290/100 210/288/41 211/289/41
f 213/290/101 212/289/100 214/288/100
f 213/290/101 214/288/100 215/287/101
f 214/287/100 212/290/100 216/289/41
f 214/287/100 216/289/41 218/288/41
f 217/290/32 213/289/101 215/288/101
f 217/290/32 215/288/101 219/287/32
f 221/290/99 220/289/100 222/288/100
f 221/290/99 222/288/100 223/287/99
f 222/287/100 220/290/100 224/289/41
f 222/287/100 224/289/41 225/288/41
f 227/290/101 226/289/99 228/288/99
f 227/290/101 228/288/99 229/287/101
f 230/290/32 227/289/101 229/288/101
f 230/290/32 229/288/101 231/287/32
f 234/291/82 243/92/83 249/90/84
f 238/292/102 244/293/32 236/294/32
f 238/292/102 236/294/32 235/295/86
f 240/296/87 242/297/88 239/298/1
f 240/296/87 239/298/1 241/74/89
f 242/299/88 237/300/90 252/74/91
f 242/299/88 252/74/91 239/301/1
f 244/302/32 246/303/92 253/107/93
f 244/302/32 253/107/93 236/304/32
f 245/305/41 233/306/41 237/248/90
f 245/305/41 237/248/90 242/307/88
f 243/308/83 232/309/94 233/115/41
f 243/308/83 233/115/41 245/310/41
f 235/66/86 234/277/82 238/65/102
f 246/311/92 239/258/1 252/74/91
f 246/311/92 252/74/91 253/312/93
f 247/313/95 246/314/92 244/315/32
f 247/313/95 244/315/32 248/316/32
f 238/119/102 234/317/82 251/120/96
f 249/318/84 243/319/83 245/320/41
f 249/318/84 245/320/41 250/274/41
f 240/80/87 250/321/41 245/322/41
f 240/80/87 245/322/41 242/323/88
f 241/74/89 239/324/1 246/325/92
f 241/74/89 246/325/92 247/326/95
f 251/327/96 248/88/32 244/328/32
f 251/327/96 244/328/32 238/329/102
f 234/256/82 232/100/94 243/102/83
f 263/121/45 254/122/46 256/123/47
f 263/121/45 256/123/47 264/124/48
f 262/125/49 257/126/50 254/122/46
f 262/125/49 254/122/46 263/121/45
f 266/127/51 258/128/52 257/126/50
f 266/127/51 257/126/50 262/125/49
f 267/129/53 259/130/54 258/128/52
f 267/129/53 258/128/52 266/127/51
f 255/131/55 269/132/56 259/130/54
f 255/131/55 259/130/54 267/129/53
f 268/133/57 260/134/58 269/132/56
f 268/133/57 269/132/56 255/131/55
f 265/135/59 261/136/60 260/134/58
f 265/135/59 260/134/58 268/133/57
f 264/124/48 256/123/47 261/137/60
f 264/124/48 261/137/60 265/138/59
f 256/123/47 270/139/61 271/140/62
f 256/123/47 271/140/62 261/137/60
f 261/136/60 271/141/62 272/142/63
f 261/136/60 272/142/63 260/134/58
f 260/134/58 272/143/63 273/144/64
f 260/134/58 273/144/64 269/132/56
f 269/132/56 273/145/64 274/146/65
f 269/132/56 274/146/65 259/147/54
f 259/147/54 274/148/65 275/149/66
f 259/147/54 275/149/66 258/128/52
f 258/128/52 275/150/66 276/151/67
f 258/128/52 276/151/67 257/126/50
f 257/126/50 276/152/67 277/153/68
f 257/126/50 277/153/68 254/122/46
f 254/122/46 277/154/68 270/155/61
f 254/122/46 270/155/61 256/123/47
f 270/156/61 278/157/4 279/158/4
f 270/156/61 279/158/4 271/159/62
f 271/160/62 279/161/4 280/162/4
f 271/160/62 280/162/4 272/163/63
f 272/164/63 280/165/4 281/166/69
f 272/164/63 281/166/69 273/167/64
f 273/168/64 281/169/69 282/170/70
f 273/168/64 282/170/70 274/171/65
f 274/172/65 282/173/70 283/174/71
f 274/172/65 283/174/71 275/175/66
f 275/176/66 283/177/71 284/178/4
f 275/176/66 284/178/4 276/179/67
f 276/180/67 284/181/4 285/182/4
f 276/180/67 285/182/4 277/183/68
f 277/184/68 285/185/4 278/186/4
f 277/184/68 278/186/4 270/187/61
f 262/125/49 286/188/72 287/189/73
f 262/125/49 287/189/73 266/127/51
f 263/121/45 288/190/74 286/191/72
f 263/121/45 286/191/72 262/125/49
f 264/124/48 289/192/75 288/193/74
f 264/124/48 288/193/74 263/121/45
f 266/194/51 287/195/73 290/196/76
f 266/194/51 290/196/76 267/129/53
f 267/129/53 290/197/76 291/198/77
f 267/129/53 291/198/77 255/199/55
f 255/131/55 291/200/77 292/201/78
f 255/131/55 292/201/78 268/133/57
f 268/133/57 292/202/78 293/203/79
f 268/133/57 293/203/79 265/135/59
f 265/138/59 293/204/79 289/205/75
f 265/138/59 289/205/75 264/124/48
f 286/206/72 294/207/3 295/208/80
f 286/206/72 295/208/80 287/209/73
f 288/210/74 296/211/3 294/212/3
f 288/210/74 294/212/3 286/213/72
f 289/214/75 297/215/3 296/216/3
f 289/214/75 296/216/3 288/217/74
f 287/218/73 295/219/80 298/220/3
f 287/218/73 298/220/3 290/221/76
f 290/222/76 298/223/3 299/224/81
f 290/222/76 299/224/81 291/225/77
f 291/226/77 299/227/81 300/228/3
f 291/226/77 300/228/3 292/229/78
f 292/230/78 300/231/3 301/232/3
f 292/230/78 301/232/3 293/233/79
f 293/234/79 301/235/3 297/236/3
f 293/234/79 297/236/3 289/237/75
f 304/330/103 313/102/104 319/100/30
f 308/331/105 314/332/32 306/333/32
f 308/331/105 306/333/32 305/334/106
f 310/335/34 312/336/35 309/301/2
f 310/335/34 309/301/2 311/74/36
f 312/337/35 307/338/37 322/74/38
f 312/337/35 322/74/38 309/298/2
f 314/339/32 316/314/39 323/84/40
f 314/339/32 323/84/40 306/340/32
f 315/341/41 303/342/41 307/80/37
f 315/341/41 307/80/37 312/343/35
f 313/344/104 302/345/42 303/274/41
f 313/344/104 303/274/41 315/346/41
f 305/119/106 304/118/103 308/120/105
f 316/347/39 309/94/2 322/74/38
f 316/347/39 322/74/38 323/348/40
f 317/349/43 316/303/39 314/350/32
f 317/349/43 314/350/32 318/351/32
f 304/352/107 308/66/105 321/65/108
f 319/353/30 313/354/104 315/355/41
f 319/353/30 315/355/41 320/115/41
f 310/248/34 320/356/41 315/357/41
f 310/248/34 315/357/41 312/358/35
f 311/74/36 309/359/2 316/360/39
f 311/74/36 316/360/39 317/361/43
f 321/362/109 318/106/32 314/363/32
f 321/362/109 314/363/32 308/364/105
f 304/91/103 302/90/42 313/92/104
f 332/278/4 330/279/97 324/280/69
f 332/278/4 324/280/69 331/281/4
f 332/278/4 331/281/4 328/282/4
f 332/278/4 328/282/4 327/283/4
f 332/278/4 327/283/4 326/284/4
f 332/278/4 326/284/4 325/285/4
f 332/278/4 325/285/4 329/286/71
f 332/278/4 329/286/71 330/279/97
f 339/279/98 341/278/3 333/280/81
f 333/280/81 341/278/3 340/281/3
f 340/281/3 341/278/3 337/282/3
f 337/282/3 341/278/3 336/283/3
f 336/283/3 341/278/3 335/284/3
f 335/284/3 341/278/3 334/285/3
f 334/285/3 341/278/3 338/286/80
f 338/286/80 341/278/3 339/279/98
f 343/287/99 342/288/100 344/289/100
f 343/287/99 344/289/100 345/290/99
f 346/287/101 343/288/99 345/289/99
f 346/287/101 345/289/99 347/290/101
f 349/287/99 348/288/100 350/289/100
f 349/287/99 350/289/100 351/290/99
f 352/287/101 349/288/99 351/289/99
f 352/287/101 351/289/99 353/290/101
f 355/287/99 354/288/100 356/289/100
f 355/287/99 356/289/100 357/290/99
f 358/287/101 355/288/99 357/289/99
f 358/287/101 357/289/99 359/290/101
f 361/287/99 360/288/100 362/289/100
f 361/287/99 362/289/100 363/290/99
f 366/290/11 364/287/11 365/288/32
f 366/290/11 365/288/32 367/289/32
f 365/287/32 361/288/99 363/289/99
f 365/287/32 363/289/99 367/290/32
f 369/290/99 368/289/100 370/288/100
f 369/290/99 370/288/100 371/287/99
f 374/287/11 372/290/11 373/289/32
f 374/287/11 373/289/32 375/288/32
f 373/290/32 369/289/99 371/288/99
f 373/290/32 371/288/99 375/287/32
f 377/287/99 376/288/41 378/289/41
f 377/287/99 378/289/41 379/290/99
f 378/290/41 376/287/41 380/288/10
f 378/290/41 380/288/10 382/289/10
f 381/287/101 377/288/99 379/289/99
f 381/287/101 379/289/99 383/290/101
f 385/290/99 384/289/41 386/288/41
f 385/290/99 386/288/41 387/287/99
f 386/287/41 384/290/41 388/289/10
f 386/287/41 388/289/10 390/288/10
f 389/290/101 385/289/99 387/288/99
f 389/290/101 387/288/99 391/287/101
f 393/287/101 392/288/99 394/289/99
f 393/287/101 394/289/99 395/290/101
f 396/287/32 393/288/101 395/289/101
f 396/287/32 395/289/101 397/290/32
f 399/287/99 398/288/100 400/289/100
f 399/287/99 400/289/100 401/290/99
f 400/290/100 398/287/100 402/288/41
f 400/290/100 402/288/41 403/289/41
f 405/290/101 404/289/100 406/288/100
f 405/290/101 406/288/100 407/287/101
f 406/287/100 404/290/100 408/289/41
f 406/287/100 408/289/41 410/288/41
f 409/290/32 405/289/101 407/288/101
f 409/290/32 407/288/101 411/287/32
f 413/290/99 412/289/100 414/288/100
f 413/290/99 414/288/100 415/287/99
f 414/287/100 412/290/100 416/289/41
f 414/287/100 416/289/41 417/288/41
f 419/290/101 418/289/99 420/288/99
f 419/290/101 420/288/99 421/287/101
f 422/290/32 419/289/101 421/288/101
f 422/290/32 421/288/101 423/287/32
f 426/330/28 435/102/104 441/100/30
f 430/331/31 436/332/32 428/333/32
f 430/331/31 428/333/32 427/334/33
f 432/335/34 434/336/35 431/301/2
f 432/335/34 431/301/2 433/74/36
f 434/337/35 429/338/37 444/74/38
f 434/337/35 444/74/38 431/298/2
f 436/339/32 438/314/39 445/84/40
f 436/339/32 445/84/40 428/340/32
f 437/341/41 425/342/41 429/80/37
f 437/341/41 429/80/37 434/343/35
f 435/344/104 424/345/42 425/274/41
f 435/344/104 425/274/41 437/346/41
f 427/119/33 426/118/28 430/120/31
f 438/347/39 431/94/2 444/74/38
f 438/347/39 444/74/38 445/348/40
f 439/349/43 438/303/39 436/350/32
f 439/349/43 436/350/32 440/351/32
f 430/66/31 426/352/28 443/65/44
f 441/353/30 435/354/104 437/355/41
f 441/353/30 437/355/41 442/115/41
f 432/248/34 442/356/41 437/357/41
f 432/248/34 437/357/41 434/358/35
f 433/74/36 431/359/2 438/360/39
f 433/74/36 438/360/39 439/361/43
f 443/362/44 440/106/32 436/363/32
f 443/362/44 436/363/32 430/364/31
f 426/91/28 424/90/42 435/92/104
f 455/121/45 446/122/46 448/123/47
f 455/121/45 448/123/47 456/124/48
f 454/125/49 449/126/50 446/122/46
f 454/125/49 446/122/46 455/121/45
f 458/127/51 450/128/52 449/126/50
f 458/127/51 449/126/50 454/125/49
f 459/129/53 451/130/54 450/128/52
f 459/129/53 450/128/52 458/127/51
f 447/131/55 461/132/56 451/130/54
f 447/131/55 451/130/54 459/129/53
f 460/133/57 452/134/58 461/132/56
f 460/133/57 461/132/56 447/131/55
f 457/135/59 453/136/60 452/134/58
f 457/135/59 452/134/58 460/133/57
f 456/124/48 448/123/47 453/137/60
f 456/124/48 453/137/60 457/138/59
f 448/123/47 462/139/61 463/140/62
f 448/123/47 463/140/62 453/137/60
f 453/136/60 463/141/62 464/142/63
f 453/136/60 464/142/63 452/134/58
f 452/134/58 464/143/63 465/144/64
f 452/134/58 465/144/64 461/132/56
f 461/132/56 465/145/64 466/146/65
f 461/132/56 466/146/65 451/147/54
f 451/147/54 466/148/65 467/149/66
f 451/147/54 467/149/66 450/128/52
f 450/128/52 467/150/66 468/151/67
f 450/128/52 468/151/67 449/126/50
f 449/126/50 468/152/67 469/153/68
f 449/126/50 469/153/68 446/122/46
f 446/122/46 469/154/68 462/155/61
f 446/122/46 462/155/61 448/123/47
f 462/156/61 470/157/4 471/158/4
f 462/156/61 471/158/4 463/159/62
f 463/160/62 471/161/4 472/162/4
f 463/160/62 472/162/4 464/163/63
f 464/164/63 472/165/4 473/166/69
f 464/164/63 473/166/69 465/167/64
f 465/168/64 473/169/69 474/170/70
f 465/168/64 474/170/70 466/171/65
f 466/172/65 474/173/70 475/174/71
f 466/172/65 475/174/71 467/175/66
f 467/176/66 475/177/71 476/178/4
f 467/176/66 476/178/4 468/179/67
f 468/180/67 476/181/4 477/182/4
f 468/180/67 477/182/4 469/183/68
f 469/184/68 477/185/4 470/186/4
f 469/184/68 470/186/4 462/187/61
f 454/125/49 478/188/72 479/189/73
f 454/125/49 479/189/73 458/127/51
f 455/121/45 480/190/74 478/191/72
f 455/121/45 478/191/72 454/125/49
f 456/124/48 481/192/75 480/193/74
f 456/124/48 480/193/74 455/121/45
f 458/194/51 479/195/73 482/196/76
f 458/194/51 482/196/76 459/129/53
f 459/129/53 482/197/76 483/198/77
f 459/129/53 483/198/77 447/199/55
f 447/131/55 483/200/77 484/201/78
f 447/131/55 484/201/78 460/133/57
f 460/133/57 484/202/78 485/203/79
f 460/133/57 485/203/79 457/135/59
f 457/138/59 485/204/79 481/205/75
f 457/138/59 481/205/75 456/124/48
f 478/206/72 486/207/3 487/208/80
f 478/206/72 487/208/80 479/209/73
f 480/210/74 488/211/3 486/212/3
f 480/210/74 486/212/3 478/213/72
f 481/214/75 489/215/3 488/216/3
f 481/214/75 488/216/3 480/217/74
f 479/218/73 487/219/80 490/220/3
f 479/218/73 490/220/3 482/221/76
f 482/222/76 490/223/3 491/224/81
f 482/222/76 491/224/81 483/225/77
f 483/226/77 491/227/81 492/228/3
f 483/226/77 492/228/3 484/229/78
f 484/230/78 492/231/3 493/232/3
f 484/230/78 493/232/3 485/233/79
f 485/234/79 493/235/3 489/236/3
f 485/234/79 489/236/3 481/237/75
f 496/291/82 505/92/83 511/90/84
f 500/292/85 506/293/32 498/294/32
f 500/292/85 498/294/32 497/295/86
f 502/296/87 504/297/88 501/298/1
f 502/296/87 501/298/1 503/74/89
f 504/299/88 499/300/90 514/74/91
f 504/299/88 514/74/91 501/301/1
f 506/302/32 508/303/92 515/107/93
f 506/302/32 515/107/93 498/304/32
f 507/305/41 495/306/41 499/248/90
f 507/305/41 499/248/90 504/307/88
f 505/308/83 494/309/94 495/115/41
f 505/308/83 495/115/41 507/310/41
f 497/66/86 496/277/82 500/65/85
f 508/311/92 501/258/1 514/74/91
f 508/311/92 514/74/91 515/312/93
f 509/313/95 508/314/92 506/315/32
f 509/313/95 506/315/32 510/316/32
f 500/119/85 496/317/82 513/120/96
f 511/318/84 505/319/83 507/320/41
f 511/318/84 507/320/41 512/274/41
f 502/80/87 512/321/41 507/322/41
f 502/80/87 507/322/41 504/323/88
f 503/74/89 501/324/1 508/325/92
f 503/74/89 508/325/92 509/326/95
f 513/327/96 510/88/32 506/328/32
f 513/327/96 506/328/32 500/329/85
f 496/256/82 494/100/94 505/102/83
f 524/278/4 522/279/97 516/280/69
f 524/278/4 516/280/69 523/281/4
f 524/278/4 523/281/4 520/282/4
f 524/278/4 520/282/4 519/283/4
f 524/278/4 519/283/4 518/284/4
f 524/278/4 518/284/4 517/285/4
f 524/278/4 517/285/4 521/286/71
f 524/278/4 521/286/71 522/279/97
f 531/279/98 533/278/3 525/280/81
f 525/280/81 533/278/3 532/281/3
f 532/281/3 533/278/3 529/282/3
f 529/282/3 533/278/3 528/283/3
f 528/283/3 533/278/3 527/284/3
f 527/284/3 533/278/3 526/285/3
f 526/285/3 533/278/3 530/286/80
f 530/286/80 533/278/3 531/279/98
f 535/287/99 534/288/100 536/289/100
f 535/287/99 536/289/100 537/290/99
f 538/287/101 535/288/99 537/289/99
f 538/287/101 537/289/99 539/290/101
f 541/287/99 540/288/100 542/289/100
f 541/287/99 542/289/100 543/290/99
f 544/287/101 541/288/99 543/289/99
f 544/287/101 543/289/99 545/290/101
f 547/287/99 546/288/100 548/289/100
f 547/287/99 548/289/100 549/290/99
f 550/287/101 547/288/99 549/289/99
f 550/287/101 549/289/99 551/290/101
f 553/287/99 552/288/100 554/289/100
f 553/287/99 554/289/100 555/290/99
f 558/290/11 556/287/11 557/288/32
f 558/290/11 557/288/32 559/289/32
f 557/287/32 553/288/99 555/289/99
f 557/287/32 555/289/99 559/290/32
f 561/290/99 560/289/100 562/288/100
f 561/290/99 562/288/100 563/287/99
f 566/287/11 564/290/11 565/289/32
f 566/287/11 565/289/32 567/288/32
f 565/290/32 561/289/99 563/288/99
f 565/290/32 563/288/99 567/287/32
f 569/287/99 568/288/41 570/289/41
f 569/287/99 570/289/41 571/290/99
f 570/290/41 568/287/41 572/288/10
f 570/290/41 572/288/10 574/289/10
f 573/287/101 569/288/99 571/289/99
f 573/287/101 571/289/99 575/290/101
f 577/290/99 576/289/41 578/288/41
f 577/290/99 578/288/41 579/287/99
f 578/287/41 576/290/41 580/289/10
f 578/287/41 580/289/10 582/288/10
f 581/290/101 577/289/99 579/288/99
f 581/290/101 579/288/99 583/287/101
f 585/287/101 584/288/99 586/289/99
f 585/287/101 586/289/99 587/290/101
f 588/287/32 585/288/101 587/289/101
f 588/287/32 587/289/101 589/290/32
f 591/287/99 590/288/100 592/289/100
f 591/287/99 592/289/100 593/290/99
f 592/290/100 590/287/100 594/288/41
f 592/290/100 594/288/41 595/289/41
f 597/290/101 596/289/100 598/288/100
f 597/290/101 598/288/100 599/287/101
f 598/287/100 596/290/100 600/289/41
f 598/287/100 600/289/41 602/288/41
f 601/290/32 597/289/101 599/288/101
f 601/290/32 599/288/101 603/287/32
f 605/290/99 604/289/100 606/288/100
f 605/290/99 606/288/100 607/287/99
f 606/287/100 604/290/100 608/289/41
f 606/287/100 608/289/41 609/288/41
f 611/290/101 610/289/99 612/288/99
f 611/290/101 612/288/99 613/287/101
f 614/290/32 611/289/101 613/288/101
f 614/290/32 613/288/101 615/287/32
f 618/330/28 627/102/104 633/100/30
f 622/331/110 628/332/32 620/333/32
f 622/331/110 620/333/32 619/334/33
f 624/335/34 626/336/35 623/301/2
f 624/335/34 623/301/2 625/74/36
f 626/337/35 621/338/37 636/74/38
f 626/337/35 636/74/38 623/298/2
f 628/339/32 630/314/39 637/84/40
f 628/339/32 637/84/40 620/340/32
f 629/341/41 617/342/41 621/80/37
f 629/341/41 621/80/37 626/343/35
f 627/344/104 616/345/42 617/274/41
f 627/344/104 617/274/41 629/346/41
f 619/119/33 618/118/28 622/120/110
f 630/347/39 623/94/2 636/74/38
f 630/347/39 636/74/38 637/348/40
f 631/349/43 630/303/39 628/350/32
f 631/349/43 628/350/32 632/351/32
f 622/66/110 618/352/28 635/65/44
f 633/353/30 627/354/104 629/355/41
f 633/353/30 629/355/41 634/115/41
f 624/248/34 634/356/41 629/357/41
f 624/248/34 629/357/41 626/358/35
f 625/74/36 623/359/2 630/360/39
f 625/74/36 630/360/39 631/361/43
f 635/362/44 632/106/32 628/363/32
f 635/362/44 628/363/32 622/364/110
f 618/91/28 616/90/42 627/92/104
f 647/121/45 638/122/46 640/123/47
f 647/121/45 640/123/47 648/124/48
f 646/125/49 641/126/50 638/122/46
f 646/125/49 638/122/46 647/121/45
f 650/127/51 642/128/52 641/126/50
f 650/127/51 641/126/50 646/125/49
f 651/129/53 643/130/54 642/128/52
f 651/129/53 642/128/52 650/127/51
f 639/131/55 653/132/56 643/130/54
f 639/131/55 643/130/54 651/129/53
f 652/133/57 644/134/58 653/132/56
f 652/133/57 653/132/56 639/131/55
f 649/135/59 645/136/60 644/134/58
f 649/135/59 644/134/58 652/133/57
f 648/124/48 640/123/47 645/137/60
f 648/124/48 645/137/60 649/138/59
f 640/123/47 654/139/61 655/140/62
f 640/123/47 655/140/62 645/137/60
f 645/136/60 655/141/62 656/142/63
f 645/136/60 656/142/63 644/134/58
f 644/134/58 656/143/63 657/144/64
f 644/134/58 657/144/64 653/132/56
f 653/132/56 657/145/64 658/146/65
f 653/132/56 658/146/65 643/147/54
f 643/147/54 658/148/65 659/149/66
f 643/147/54 659/149/66 642/128/52
f 642/128/52 659/150/66 660/151/67
f 642/128/52 660/151/67 641/126/50
f 641/126/50 660/152/67 661/153/68
f 641/126/50 661/153/68 638/122/46
f 638/122/46 661/154/68 654/155/61
f 638/122/46 654/155/61 640/123/47
f 654/156/61 662/157/4 663/158/4
f 654/156/61 663/158/4 655/159/62
f 655/160/62 663/161/4 664/162/4
f 655/160/62 664/162/4 656/163/63
f 656/164/63 664/165/4 665/166/69
f 656/164/63 665/166/69 657/167/64
f 657/168/64 665/169/69 666/170/70
f 657/168/64 666/170/70 658/171/65
f 658/172/65 666/173/70 667/174/71
f 658/172/65 667/174/71 659/175/66
f 659/176/66 667/177/71 668/178/4
f 659/176/66 668/178/4 660/179/67
f 660/180/67 668/181/4 669/182/4
f 660/180/67 669/182/4 661/183/68
f 661/184/68 669/185/4 662/186/4
f 661/184/68 662/186/4 654/187/61
f 646/125/49 670/188/72 671/189/73
f 646/125/49 671/189/73 650/127/51
f 647/121/45 672/190/74 670/191/72
f 647/121/45 670/191/72 646/125/49
f 648/124/48 673/192/75 672/193/74
f 648/124/48 672/193/74 647/121/45
f 650/194/51 671/195/73 674/196/76
f 650/194/51 674/196/76 651/129/53
f 651/129/53 674/197/76 675/198/77
f 651/129/53 675/198/77 639/199/55
f 639/131/55 675/200/77 676/201/78
f 639/131/55 676/201/78 652/133/57
f 652/133/57 676/202/78 677/203/79
f 652/133/57 677/203/79 649/135/59
f 649/138/59 677/204/79 673/205/75
f 649/138/59 673/205/75 648/124/48
f 670/206/72 678/207/3 679/208/80
f 670/206/72 679/208/80 671/209/73
f 672/210/74 680/211/3 678/212/3
f 672/210/74 678/212/3 670/213/72
f 673/214/75 681/215/3 680/216/3
f 673/214/75 680/216/3 672/217/74
f 671/218/73 679/219/80 682/220/3
f 671/218/73 682/220/3 674/221/76
f 674/222/76 682/223/3 683/224/81
f 674/222/76 683/224/81 675/225/77
f 675/226/77 683/227/81 684/228/3
f 675/226/77 684/228/3 676/229/78
f 676/230/78 684/231/3 685/232/3
f 676/230/78 685/232/3 677/233/79
f 677/234/79 685/235/3 681/236/3
f 677/234/79 681/236/3 673/237/75
f 688/291/82 697/92/83 703/90/84
f 692/292/85 698/293/32 690/294/32
f 692/292/85 690/294/32 689/295/86
f 694/296/87 696/297/88 693/298/1
f 694/296/87 693/298/1 695/74/89
f 696/299/88 691/300/90 706/74/91
f 696/299/88 706/74/91 693/301/1
f 698/302/32 700/303/92 707/107/93
f 698/302/32 707/107/93 690/304/32
f 699/305/41 687/306/41 691/248/90
f 699/305/41 691/248/90 696/307/88
f 697/308/83 686/309/94 687/115/41
f 697/308/83 687/115/41 699/310/41
f 689/66/86 688/277/82 692/65/85
f 700/311/92 693/258/1 706/74/91
f 700/311/92 706/74/91 707/312/93
f 701/313/95 700/314/92 698/315/32
f 701/313/95 698/315/32 702/316/32
f 692/119/85 688/317/82 705/120/96
f 703/318/84 697/319/83 699/320/41
f 703/318/84 699/320/41 704/274/41
f 694/80/87 704/321/41 699/322/41
f 694/80/87 699/322/41 696/323/88
f 695/74/89 693/324/1 700/325/92
f 695/74/89 700/325/92 701/326/95
f 705/327/96 702/88/32 698/328/32
f 705/327/96 698/328/32 692/329/85
f 688/256/82 686/100/94 697/102/83
f 716/278/4 714/279/97 708/280/69
f 716/278/4 708/280/69 715/281/4
f 716/278/4 715/281/4 712/282/4
f 716/278/4 712/282/4 711/283/4
f 716/278/4 711/283/4 710/284/4
f 716/278/4 710/284/4 709/285/4
f 716/278/4 709/285/4 713/286/71
f 716/278/4 713/286/71 714/279/97
f 723/279/98 725/278/3 717/280/81
f 717/280/81 725/278/3 724/281/3
f 724/281/3 725/278/3 721/282/3
f 721/282/3 725/278/3 720/283/3
f 720/283/3 725/278/3 719/284/3
f 719/284/3 725/278/3 718/285/3
f 718/285/3 725/278/3 722/286/80
f 722/286/80 725/278/3 723/279/98
f 727/287/99 726/288/100 728/289/100
f 727/287/99 728/289/100 729/290/99
f 730/287/101 727/288/99 729/289/99
f 730/287/101 729/289/99 731/290/101
f 733/287/99 732/288/100 734/289/100
f 733/287/99 734/289/100 735/290/99
f 736/287/101 733/288/99 735/289/99
f 736/287/101 735/289/99 737/290/101
f 739/287/99 738/288/100 740/289/100
f 739/287/99 740/289/100 741/290/99
f 742/287/101 739/288/99 741/289/99
f 742/287/101 741/289/99 743/290/101
f 745/287/99 744/288/100 746/289/100
f 745/287/99 746/289/100 747/290/99
f 750/290/11 748/287/11 749/288/32
f 750/290/11 749/288/32 751/289/32
f 749/287/32 745/288/99 747/289/99
f 749/287/32 747/289/99 751/290/32
f 753/290/99 752/289/100 754/288/100
f 753/290/99 754/288/100 755/287/99
f 758/287/11 756/290/11 757/289/32
f 758/287/11 757/289/32 759/288/32
f 757/290/32 753/289/99 755/288/99
f 757/290/32 755/288/99 759/287/32
f 761/287/99 760/288/41 762/289/41
f 761/287/99 762/289/41 763/290/99
f 762/290/41 760/287/41 764/288/10
f 762/290/41 764/288/10 766/289/10
f 765/287/101 761/288/99 763/289/99
f 765/287/101 763/289/99 767/290/101
f 769/290/99 768/289/41 770/288/41
f 769/290/99 770/288/41 771/287/99
f 770/287/41 768/290/41 772/289/10
f 770/287/41 772/289/10 774/288/10
f 773/290/101 769/289/99 771/288/99
f 773/290/101 771/288/99 775/287/101
f 777/287/101 776/288/99 778/289/99
f 777/287/101 778/289/99 779/290/101
f 780/287/32 777/288/101 779/289/101
f 780/287/32 779/289/101 781/290/32
f 783/287/99 782/288/100 784/289/100
f 783/287/99 784/289/100 785/290/99
f 784/290/100 782/287/100 786/288/41
f 784/290/100 786/288/41 787/289/41
f 789/290/101 788/289/100 790/288/100
f 789/290/101 790/288/100 791/287/101
f 790/287/100 788/290/100 792/289/41
f 790/287/100 792/289/41 794/288/41
f 793/290/32 789/289/101 791/288/101
f 793/290/32 791/288/101 795/287/32
f 797/290/99 796/289/100 798/288/100
f 797/290/99 798/288/100 799/287/99
f 798/287/100 796/290/100 800/289/41
f 798/287/100 800/289/41 801/288/41
f 803/290/101 802/289/99 804/288/99
f 803/290/101 804/288/99 805/287/101
f 806/290/32 803/289/101 805/288/101
f 806/290/32 805/288/101 807/287/32
f 810/330/28 819/102/104 825/100/30
f 814/331/110 820/332/32 812/333/32
f 814/331/110 812/333/32 811/334/106
f 816/335/34 818/336/35 815/301/2
f 816/335/34 815/301/2 817/74/36
f 818/337/35 813/338/37 828/74/38
f 818/337/35 828/74/38 815/298/2
f 820/339/32 822/314/39 829/84/40
f 820/339/32 829/84/40 812/340/32
f 821/341/41 809/342/41 813/80/37
f 821/341/41 813/80/37 818/343/35
f 819/344/104 808/345/42 809/274/41
f 819/344/104 809/274/41 821/346/41
f 811/119/106 810/118/28 814/120/110
f 822/347/39 815/94/2 828/74/38
f 822/347/39 828/74/38 829/348/40
f 823/349/43 822/303/39 820/350/32
f 823/349/43 820/350/32 824/351/32
f 814/66/110 810/352/28 827/65/44
f 825/353/30 819/354/104 821/355/41
f 825/353/30 821/355/41 826/115/41
f 816/248/34 826/356/41 821/357/41
f 816/248/34 821/357/41 818/358/35
f 817/74/36 815/359/2 822/360/39
f 817/74/36 822/360/39 823/361/43
f 827/362/44 824/106/32 820/363/32
f 827/362/44 820/363/32 814/364/110
f 810/91/28 808/90/42 819/92/104
f 839/121/45 830/122/46 832/123/47
f 839/121/45 832/123/47 840/124/48
f 838/125/49 833/126/50 830/122/46
f 838/125/49 830/122/46 839/121/45
f 842/127/111 834/128/52 833/126/50
f 842/127/111 833/126/50 838/125/49
f 843/129/53 835/130/54 834/128/52
f 843/129/53 834/128/52 842/127/111
f 831/131/55 845/132/56 835/130/54
f 831/131/55 835/130/54 843/129/53
f 844/133/57 836/134/58 845/132/56
f 844/133/57 845/132/56 831/131/55
f 841/135/59 837/136/60 836/134/58
f 841/135/59 836/134/58 844/133/57
f 840/124/48 832/123/47 837/137/60
f 840/124/48 837/137/60 841/138/59
f 832/123/47 846/139/61 847/140/62
f 832/123/47 847/140/62 837/137/60
f 837/136/60 847/141/62 848/142/63
f 837/136/60 848/142/63 836/134/58
f 836/134/58 848/143/63 849/144/64
f 836/134/58 849/144/64 845/132/56
f 845/132/56 849/145/64 850/146/65
f 845/132/56 850/146/65 835/147/54
f 835/147/54 850/148/65 851/149/66
f 835/147/54 851/149/66 834/128/52
f 834/128/52 851/150/66 852/151/67
f 834/128/52 852/151/67 833/126/50
f 833/126/50 852/152/67 853/153/68
f 833/126/50 853/153/68 830/122/46
f 830/122/46 853/154/68 846/155/61
f 830/122/46 846/155/61 832/123/47
f 846/156/61 854/157/4 855/158/4
f 846/156/61 855/158/4 847/159/62
f 847/160/62 855/161/4 856/162/4
f 847/160/62 856/162/4 848/163/63
f 848/164/63 856/165/4 857/166/69
f 848/164/63 857/166/69 849/167/64
f 849/168/64 857/169/69 858/170/70
f 849/168/64 858/170/70 850/171/65
f 850/172/65 858/173/70 859/174/71
f 850/172/65 859/174/71 851/175/66
f 851/176/66 859/177/71 860/178/4
f 851/176/66 860/178/4 852/179/67
f 852/180/67 860/181/4 861/182/4
f 852/180/67 861/182/4 853/183/68
f 853/184/68 861/185/4 854/186/4
f 853/184/68 854/186/4 846/187/61
f 838/125/49 862/188/72 863/189/73
f 838/125/49 863/189/73 842/127/111
f 839/121/45 864/190/74 862/191/72
f 839/121/45 862/191/72 838/125/49
f 840/124/48 865/192/75 864/193/74
f 840/124/48 864/193/74 839/121/45
f 842/194/111 863/195/73 866/196/76
f 842/194/111 866/196/76 843/129/53
f 843/129/53 866/197/76 867/198/77
f 843/129/53 867/198/77 831/199/55
f 831/131/55 867/200/77 868/201/78
f 831/131/55 868/201/78 844/133/57
f 844/133/57 868/202/78 869/203/79
f 844/133/57 869/203/79 841/135/59
f 841/138/59 869/204/79 865/205/75
f 841/138/59 865/205/75 840/124/48
f 862/206/72 870/207/3 871/208/80
f 862/206/72 871/208/80 863/209/73
f 864/210/74 872/211/3 870/212/3
f 864/210/74 870/212/3 862/213/72
f 865/214/75 873/215/3 872/216/3
f 865/214/75 872/216/3 864/217/74
f 863/218/73 871/219/80 874/220/3
f 863/218/73 874/220/3 866/221/76
f 866/222/76 874/223/3 875/224/81
f 866/222/76 875/224/81 867/225/77
f 867/226/77 875/227/81 876/228/3
f 867/226/77 876/228/3 868/229/78
f 868/230/78 876/231/3 877/232/3
f 868/230/78 877/232/3 869/233/79
f 869/234/79 877/235/3 873/236/3
f 869/234/79 873/236/3 865/237/75
f 880/291/82 889/92/83 895/90/84
f 884/292/102 890/293/32 882/294/32
f 884/292/102 882/294/32 881/295/86
f 886/296/87 888/297/88 885/298/1
f 886/296/87 885/298/1 887/74/89
f 888/299/88 883/300/90 898/74/91
f 888/299/88 898/74/91 885/301/1
f 890/302/32 892/303/92 899/107/93
f 890/302/32 899/107/93 882/304/32
f 891/305/41 879/306/41 883/248/90
f 891/305/41 883/248/90 888/307/88
f 889/308/83 878/309/94 879/115/41
f 889/308/83 879/115/41 891/310/41
f 881/66/86 880/277/82 884/65/102
f 892/311/92 885/258/1 898/74/91
f 892/311/92 898/74/91 899/312/93
f 893/313/95 892/314/92 890/315/32
f 893/313/95 890/315/32 894/316/32
f 884/119/102 880/317/82 897/120/96
f 895/318/84 889/319/83 891/320/41
f 895/318/84 891/320/41 896/274/41
f 886/80/87 896/321/41 891/322/41
f 886/80/87 891/322/41 888/323/88
f 887/74/89 885/324/1 892/325/92
f 887/74/89 892/325/92 893/326/95
f 897/327/96 894/88/32 890/328/32
f 897/327/96 890/328/32 884/329/102
f 880/256/82 878/100/94 889/102/83
f 908/278/4 906/279/97 900/280/69
f 908/278/4 900/280/69 907/281/4
f 908/278/4 907/281/4 904/282/4
f 908/278/4 904/282/4 903/283/4
f 908/278/4 903/283/4 902/284/4
f 908/278/4 902/284/4 901/285/4
f 908/278/4 901/285/4 905/286/71
f 908/278/4 905/286/71 906/279/97
f 915/279/98 917/278/3 909/280/81
f 909/280/81 917/278/3 916/281/3
f 916/281/3 917/278/3 913/282/3
f 913/282/3 917/278/3 912/283/3
f 912/283/3 917/278/3 911/284/3
f 911/284/3 917/278/3 910/285/3
f 910/285/3 917/278/3 914/286/80
f 914/286/80 917/278/3 915/279/98
f 919/287/99 918/288/100 920/289/100
f 919/287/99 920/289/100 921/290/99
f 922/287/101 919/288/99 921/289/99
f 922/287/101 921/289/99 923/290/101
f 925/287/99 924/288/100 926/289/100
f 925/287/99 926/289/100 927/290/99
f 928/287/101 925/288/99 927/289/99
f 928/287/101 927/289/99 929/290/101
f 931/287/99 930/288/100 932/289/100
f 931/287/99 932/289/100 933/290/99
f 934/287/101 931/288/99 933/289/99
f 934/287/101 933/289/99 935/290/101
f 937/287/99 936/288/100 938/289/100
f 937/287/99 938/289/100 939/290/99
f 942/290/11 940/287/11 941/288/32
f 942/290/11 941/288/32 943/289/32
f 941/287/32 937/288/99 939/289/99
f 941/287/32 939/289/99 943/290/32
f 945/290/99 944/289/100 946/288/100
f 945/290/99 946/288/100 947/287/99
f 950/287/11 948/290/11 949/289/32
f 950/287/11 949/289/32 951/288/32
f 949/290/32 945/289/99 947/288/99
f 949/290/32 947/288/99 951/287/32
f 953/287/99 952/288/41 954/289/41
f 953/287/99 954/289/41 955/290/99
f 954/290/41 952/287/41 956/288/10
f 954/290/41 956/288/10 958/289/10
f 957/287/101 953/288/99 955/289/99
f 957/287/101 955/289/99 959/290/101
f 961/290/99 960/289/41 962/288/41
f 961/290/99 962/288/41 963/287/99
f 962/287/41 960/290/41 964/289/10
f 962/287/41 964/289/10 966/288/10
f 965/290/101 961/289/99 963/288/99
f 965/290/101 963/288/99 967/287/101
f 969/287/101 968/288/99 970/289/99
f 969/287/101 970/289/99 971/290/101
f 972/287/32 969/288/101 971/289/101
f 972/287/32 971/289/101 973/290/32
f 975/287/99 974/288/100 976/289/100
f 975/287/99 976/289/100 977/290/99
f 976/290/100 974/287/100 978/288/41
f 976/290/100 978/288/41 979/289/41
f 981/290/101 980/289/100 982/288/100
f 981/290/101 982/288/100 983/287/101
f 982/287/100 980/290/100 984/289/41
f 982/287/100 984/289/41 986/288/41
f 985/290/32 981/289/101 983/288/101
f 985/290/32 983/288/101 987/287/32
f 989/290/99 988/289/100 990/288/100
f 989/290/99 990/288/100 991/287/99
f 990/287/100 988/290/100 992/289/41
f 990/287/100 992/289/41 993/288/41
f 995/290/101 994/289/99 996/288/99
f 995/290/101 996/288/99 997/287/101
f 998/290/32 995/289/101 997/288/101
f 998/290/32 997/288/101 999/287/32
f 1002/365/101 1011/366/112 1017/367/113
f 1006/368/114 1012/369/3 1004/370/3
f 1006/368/114 1004/370/3 1003/371/115
f 1008/372/116 1010/373/117 1007/73/10
f 1008/372/116 1007/73/10 1009/374/118
f 1010/375/117 1005/376/119 1020/374/120
f 1010/375/117 1020/374/120 1007/377/10
f 1012/378/3 1014/379/121 1021/380/122
f 1012/378/3 1021/380/122 1004/381/3
f 1013/382/4 1001/383/4 1005/384/119
f 1013/382/4 1005/384/119 1010/385/117
f 1011/386/112 1000/387/123 1001/388/4
f 1011/386/112 1001/388/4 1013/389/4
f 1003/390/115 1002/391/101 1006/392/114
f 1014/393/121 1007/394/10 1020/374/120
f 1014/393/121 1020/374/120 1021/395/122
f 1015/396/124 1014/397/121 1012/398/3
f 1015/396/124 1012/398/3 1016/399/3
f 1006/400/114 1002/401/101 1019/402/125
f 1017/403/113 1011/404/112 1013/405/4
f 1017/403/113 1013/405/4 1018/406/4
f 1008/407/116 1018/408/4 1013/409/4
f 1008/407/116 1013/409/4 1010/410/117
f 1009/374/118 1007/111/10 1014/411/121
f 1009/374/118 1014/411/121 1015/412/124
f 1019/413/125 1016/414/3 1012/415/3
f 1019/413/125 1012/415/3 1006/416/114
f 1002/417/101 1000/418/123 1011/419/112
f 1032/420/126 1033/421/10 1023/422/100
f 1032/420/126 1023/422/100 1022/423/127
f 1034/424/14 1035/425/101 1024/421/11
f 1034/424/14 1024/421/11 1027/420/128
f 1030/426/11 1031/427/128 1036/428/14
f 1030/426/11 1036/428/14 1037/429/101
f 1026/429/100 1028/428/127 1029/430/126
f 1026/429/100 1029/430/126 1025/431/10
f 1034/420/14 1027/423/128 1032/432/126
f 1034/420/14 1032/432/126 1022/433/127
f 1029/434/126 1028/435/127 1036/428/14
f 1029/434/126 1036/428/14 1031/427/128
f 1031/436/128 1030/437/11 1025/431/10
f 1031/436/128 1025/431/10 1029/430/126
f 1033/438/10 1032/439/126 1027/423/128
f 1033/438/10 1027/423/128 1024/422/11
f 1035/440/101 1034/441/14 1022/442/127
f 1035/440/101 1022/442/127 1023/443/100
f 1037/444/101 1036/445/14 1028/427/127
f 1037/444/101 1028/427/127 1026/426/100
f 1041/446/129 1040/447/129 1038/448/129
f 1041/446/129 1038/448/129 1039/449/129
f 1042/450/99 1044/451/99 1045/452/99
f 1042/450/99 1045/452/99 1043/453/99
f 1070/454/4 1062/455/4 1063/456/130
f 1070/454/4 1063/456/130 1078/457/131
f 1046/456/132 1071/458/133 1068/459/13
f 1046/456/132 1068/459/13 1069/457/15
f 1057/458/134 1065/456/10 1056/457/135
f 1057/458/134 1056/457/135 1058/459/136
f 1078/457/131 1063/456/130 1046/458/132
f 1078/457/131 1046/458/132 1069/459/15
f 1047/454/137 1072/455/138 1075/456/10
f 1047/454/137 1075/456/10 1077/457/139
f 1048/460/13 1047/454/137 1077/457/139
f 1048/460/13 1077/457/139 1068/459/13
f 1049/461/140 1054/457/28 1071/462/141
f 1049/461/140 1071/462/141 1072/463/138
f 1050/463/142 1049/462/140 1072/457/138
f 1050/463/142 1072/457/138 1047/461/137
f 1051/463/143 1050/462/142 1047/457/137
f 1051/463/143 1047/457/137 1048/461/13
f 1054/461/28 1051/457/143 1048/462/13
f 1054/461/28 1048/462/13 1071/463/141
f 1053/457/144 1052/456/145 1049/455/140
f 1053/457/144 1049/455/140 1050/454/142
f 1055/459/14 1053/457/144 1050/454/142
f 1055/459/14 1050/454/142 1051/460/143
f 1065/457/10 1057/459/134 1054/458/28
f 1065/457/10 1054/458/28 1052/456/140
f 1057/458/134 1058/459/136 1055/457/146
f 1057/458/134 1055/457/146 1054/456/28
f 1060/454/147 1059/464/148 1056/457/148
f 1060/454/147 1056/457/148 1053/456/144
f 1061/460/146 1060/454/147 1053/456/144
f 1061/460/146 1053/456/144 1055/458/14
f 1067/454/4 1066/455/4 1052/456/145
f 1067/454/4 1052/456/145 1053/457/144
f 1064/460/4 1067/454/4 1053/457/144
f 1064/460/4 1053/457/144 1056/459/148
f 1068/459/13 1077/457/139 1078/456/131
f 1068/459/13 1078/456/131 1069/458/15
f 1075/456/10 1072/455/138 1073/454/129
f 1075/456/10 1073/454/129 1063/457/130
f 1063/457/130 1073/454/129 1074/460/129
f 1063/457/130 1074/460/129 1046/459/132
f 1078/457/131 1077/459/139 1076/460/4
f 1078/457/131 1076/460/4 1070/454/4
f 1060/465/147 1081/461/149 1079/457/150
f 1060/465/147 1079/457/150 1059/466/148
f 1059/465/148 1079/461/150 1080/457/136
f 1059/465/148 1080/457/136 1058/466/136
f 1058/465/136 1080/461/136 1082/457/151
f 1058/465/136 1082/457/151 1061/466/146
f 1061/461/146 1082/465/151 1081/466/149
f 1061/461/146 1081/466/149 1060/457/147
f 1090/459/1 1083/457/152 1106/456/101
f 1090/459/1 1106/456/101 1084/458/146
f 1087/458/134 1090/459/1 1084/457/146
f 1087/458/134 1084/457/146 1114/456/151
f 1099/456/153 1108/457/100 1100/459/154
f 1099/456/153 1100/459/154 1101/458/136
f 1084/459/146 1106/457/101 1086/456/155
f 1084/459/146 1086/456/155 1114/458/151
f 1083/457/156 1088/464/7 1089/454/157
f 1083/457/156 1089/454/157 1085/456/158
f 1085/456/158 1089/454/157 1091/460/159
f 1085/456/158 1091/460/159 1087/458/126
f 1090/457/1 1097/467/1 1092/11/160
f 1090/457/1 1092/11/160 1088/461/7
f 1088/457/7 1092/467/160 1093/11/161
f 1088/457/7 1093/11/161 1089/461/157
f 1089/467/157 1093/457/161 1094/461/128
f 1089/467/157 1094/461/128 1091/11/159
f 1091/467/159 1094/457/128 1097/461/1
f 1091/467/159 1097/461/1 1090/11/1
f 1092/464/160 1095/457/162 1096/456/12
f 1092/464/160 1096/456/12 1093/454/161
f 1093/454/161 1096/456/12 1098/458/163
f 1093/454/161 1098/458/163 1094/460/128
f 1097/458/1 1100/459/154 1108/457/100
f 1097/458/1 1108/457/100 1095/456/164
f 1098/456/165 1101/458/136 1100/459/154
f 1098/456/165 1100/459/154 1097/457/1
f 1099/457/166 1102/464/129 1103/454/129
f 1099/457/166 1103/454/129 1096/456/12
f 1096/456/12 1103/454/129 1104/460/129
f 1096/456/12 1104/460/129 1098/458/163
f 1085/458/158 1115/454/4 1105/464/4
f 1085/458/158 1105/464/4 1083/459/156
f 1095/457/162 1109/464/4 1110/454/4
f 1095/457/162 1110/454/4 1096/456/12
f 1096/457/12 1110/454/4 1107/460/4
f 1096/457/12 1107/460/4 1099/459/166
f 1087/459/126 1113/460/129 1111/454/129
f 1087/459/126 1111/454/129 1085/457/158
f 1085/457/158 1111/454/129 1112/455/129
f 1085/457/158 1112/455/129 1086/456/167
f 1116/468/4 1115/454/4 1085/458/158
f 1116/468/4 1085/458/158 1086/456/167
f 1140/456/11 1117/457/158 1124/459/28
f 1140/456/11 1124/459/28 1118/458/132
f 1118/456/132 1124/458/28 1121/459/13
f 1118/456/132 1121/459/13 1148/457/151
f 1134/459/134 1142/457/10 1133/456/135
f 1134/459/134 1133/456/135 1135/458/136
f 1120/457/168 1140/456/11 1118/458/132
f 1120/457/168 1118/458/132 1148/459/151
f 1123/454/137 1122/455/9 1117/456/169
f 1123/454/137 1117/456/169 1119/457/135
f 1125/460/13 1123/454/137 1119/457/135
f 1125/460/13 1119/457/135 1121/459/170
f 1126/461/140 1131/457/28 1124/466/28
f 1126/461/140 1124/466/28 1122/465/9
f 1127/465/142 1126/466/140 1122/457/9
f 1127/465/142 1122/457/9 1123/461/137
f 1128/465/143 1127/466/142 1123/457/137
f 1128/465/143 1123/457/137 1125/461/13
f 1131/461/28 1128/457/143 1125/466/13
f 1131/461/28 1125/466/13 1124/465/28
f 1130/457/144 1129/456/145 1126/455/140
f 1130/457/144 1126/455/140 1127/454/142
f 1132/459/14 1130/457/144 1127/454/142
f 1132/459/14 1127/454/142 1128/460/143
f 1142/457/10 1134/459/134 1131/458/28
f 1142/457/10 1131/458/28 1129/456/140
f 1134/458/134 1135/459/136 1132/457/146
f 1134/458/134 1132/457/146 1131/456/28
f 1137/454/147 1136/464/152 1133/457/148
f 1137/454/147 1133/457/148 1130/456/144
f 1138/460/14 1137/454/147 1130/456/144
f 1138/460/14 1130/456/144 1132/458/14
f 1139/455/4 1149/454/4 1119/459/135
f 1139/455/4 1119/459/135 1117/458/169
f 1144/454/4 1143/455/4 1129/456/145
f 1144/454/4 1129/456/145 1130/457/144
f 1141/460/4 1144/454/4 1130/457/144
f 1141/460/4 1130/457/144 1133/459/148
f 1145/454/171 1147/460/170 1121/459/170
f 1145/454/171 1121/459/170 1119/457/135
f 1146/455/168 1145/454/171 1119/457/135
f 1146/455/168 1119/457/135 1120/456/172
f 1119/459/135 1149/454/4 1150/468/4
f 1119/459/135 1150/468/4 1120/457/172
f 1137/469/147 1153/461/149 1151/457/150
f 1137/469/147 1151/457/150 1136/459/152
f 1136/469/152 1151/461/150 1152/457/136
f 1136/469/152 1152/457/136 1135/459/136
f 1135/469/136 1152/461/136 1154/457/151
f 1135/469/136 1154/457/151 1138/459/14
f 1138/461/14 1154/469/151 1153/459/149
f 1138/461/14 1153/459/149 1137/457/147
f 1146/470/168 1155/457/149 1156/461/150
f 1146/470/168 1156/461/150 1145/471/171
f 1145/470/171 1156/457/150 1157/461/136
f 1145/470/171 1157/461/136 1147/471/170
f 1147/470/170 1157/457/136 1158/461/151
f 1147/470/170 1158/461/151 1148/471/151
f 1148/457/151 1158/470/151 1155/471/149
f 1148/457/151 1155/471/149 1146/461/168
f 1176/456/173 1175/468/128 1183/454/174
f 1176/456/173 1183/454/174 1191/458/175
f 1169/459/154 1178/458/10 1170/456/10
f 1169/459/154 1170/456/10 1171/457/41
f 1159/456/11 1176/458/173 1191/459/175
f 1159/456/11 1191/459/175 1182/457/101
f 1188/458/10 1185/455/176 1160/454/177
f 1188/458/10 1160/454/177 1190/459/178
f 1190/459/178 1160/454/177 1161/468/100
f 1190/459/178 1161/468/100 1181/457/100
f 1184/463/129 1167/461/129 1162/457/165
f 1184/463/129 1162/457/165 1185/462/176
f 1185/457/176 1162/462/165 1163/463/179
f 1185/457/176 1163/463/179 1160/461/177
f 1160/457/177 1163/462/179 1164/463/101
f 1160/457/177 1164/463/101 1161/461/100
f 1162/455/165 1165/458/128 1166/459/15
f 1162/455/165 1166/459/15 1163/454/179
f 1163/454/179 1166/459/15 1168/457/101
f 1163/454/179 1168/457/101 1164/468/101
f 1167/456/129 1170/457/10 1178/459/10
f 1167/456/129 1178/459/10 1165/458/180
f 1169/459/181 1172/460/181 1173/454/182
f 1169/459/181 1173/454/182 1166/457/15
f 1166/457/15 1173/454/182 1174/455/101
f 1166/457/15 1174/455/101 1168/456/101
f 1165/456/128 1179/468/128 1180/454/174
f 1165/456/128 1180/454/174 1166/458/15
f 1166/458/15 1180/454/174 1177/464/183
f 1166/458/15 1177/464/183 1169/459/181
f 1191/458/175 1190/459/178 1181/457/100
f 1191/458/175 1181/457/100 1182/456/101
f 1186/454/129 1185/460/176 1188/459/10
f 1186/454/129 1188/459/10 1176/457/173
f 1187/455/129 1186/454/129 1176/457/173
f 1187/455/129 1176/457/173 1159/456/11
f 1189/464/183 1190/459/178 1191/458/175
f 1189/464/183 1191/458/175 1183/454/174
f 1192/457/136 1194/461/151 1173/465/182
f 1192/457/136 1173/465/182 1172/466/181
f 1193/457/41 1192/461/136 1172/465/181
f 1193/457/41 1172/465/181 1171/466/41
f 1194/466/151 1195/465/32 1174/461/101
f 1194/466/151 1174/461/101 1173/457/182
f 1219/458/101 1196/459/183 1203/457/99
f 1219/458/101 1203/457/99 1197/456/101
f 1213/457/100 1221/459/100 1212/458/184
f 1213/457/100 1212/458/184 1214/456/41
f 1199/458/132 1219/459/101 1197/457/101
f 1199/458/132 1197/457/101 1227/456/32
f 1202/454/185 1201/460/170 1196/459/127
f 1202/454/185 1196/459/127 1198/457/184
f 1204/455/10 1202/454/185 1198/457/184
f 1204/455/10 1198/457/184 1200/456/10
f 1205/461/186 1210/457/99 1203/467/99
f 1205/461/186 1203/467/99 1201/11/170
f 1206/461/187 1205/457/186 1201/467/170
f 1206/461/187 1201/467/170 1202/11/185
f 1207/467/11 1206/11/187 1202/461/185
f 1207/467/11 1202/461/185 1204/457/10
f 1209/458/188 1208/456/143 1205/468/186
f 1209/458/188 1205/468/186 1206/454/187
f 1211/459/11 1209/458/188 1206/454/187
f 1211/459/11 1206/454/187 1207/464/11
f 1221/459/100 1213/457/100 1210/456/99
f 1221/459/100 1210/456/99 1208/458/186
f 1216/454/129 1215/468/129 1212/456/189
f 1216/454/129 1212/456/189 1209/458/188
f 1217/464/129 1216/454/129 1209/458/188
f 1217/464/129 1209/458/188 1211/459/11
f 1218/460/183 1228/454/190 1198/457/184
f 1218/460/183 1198/457/184 1196/459/127
f 1223/454/191 1222/464/5 1208/457/143
f 1223/454/191 1208/457/143 1209/456/188
f 1220/460/184 1223/454/191 1209/456/188
f 1220/460/184 1209/456/188 1212/458/189
f 1224/454/129 1226/468/129 1200/457/10
f 1224/454/129 1200/457/10 1198/459/184
f 1225/455/129 1224/454/129 1198/459/184
f 1225/455/129 1198/459/184 1199/458/192
f 1198/457/184 1228/454/190 1229/455/180
f 1198/457/184 1229/455/180 1199/456/192
f 1237/457/129 1230/459/159 1253/458/11
f 1237/457/129 1253/458/11 1231/456/11
f 1246/459/154 1255/458/10 1247/456/10
f 1246/459/154 1247/456/10 1248/457/193
f 1231/456/11 1253/458/11 1233/459/194
f 1231/456/11 1233/459/194 1261/457/32
f 1230/458/195 1235/455/126 1236/454/177
f 1230/458/195 1236/454/177 1232/459/183
f 1232/459/183 1236/454/177 1238/468/100
f 1232/459/183 1238/468/100 1234/457/100
f 1237/465/129 1244/461/129 1239/457/165
f 1237/465/129 1239/457/165 1235/466/126
f 1235/457/126 1239/466/165 1240/465/179
f 1235/457/126 1240/465/179 1236/461/177
f 1236/457/177 1240/466/179 1241/465/101
f 1236/457/177 1241/465/101 1238/461/100
f 1239/455/165 1242/458/128 1243/459/15
f 1239/455/165 1243/459/15 1240/454/179
f 1240/454/179 1243/459/15 1245/457/101
f 1240/454/179 1245/457/101 1241/468/101
f 1244/456/129 1247/457/10 1255/459/10
f 1244/456/129 1255/459/10 1242/458/180
f 1246/459/181 1249/460/13 1250/454/182
f 1246/459/181 1250/454/182 1243/457/15
f 1243/457/15 1250/454/182 1251/455/8
f 1243/457/15 1251/455/8 1245/456/101
f 1232/459/183 1262/454/196 1252/455/184
f 1232/459/183 1252/455/184 1230/458/195
f 1242/456/128 1256/468/128 1257/454/174
f 1242/456/128 1257/454/174 1243/458/15
f 1243/458/15 1257/454/174 1254/464/183
f 1243/458/15 1254/464/183 1246/459/181
f 1234/457/100 1260/468/100 1258/454/197
f 1234/457/100 1258/454/197 1232/459/183
f 1232/459/183 1258/454/197 1259/455/146
f 1232/459/183 1259/455/146 1233/458/5
f 1263/468/194 1262/454/196 1232/459/183
f 1263/468/194 1232/459/183 1233/457/5
f 1264/457/136 1266/461/151 1250/469/182
f 1264/457/136 1250/469/182 1249/459/13
f 1265/457/150 1264/461/136 1249/469/13
f 1265/457/150 1249/469/13 1248/459/198
f 1267/457/149 1265/461/150 1248/469/198
f 1267/457/149 1248/469/198 1251/459/8
f 1266/459/151 1267/469/149 1251/461/8
f 1266/459/151 1251/461/8 1250/457/182
f 1269/461/136 1268/457/151 1259/470/146
f 1269/461/136 1259/470/146 1258/471/197
f 1270/461/41 1269/457/136 1258/470/197
f 1270/461/41 1258/470/197 1260/471/100
f 1268/470/151 1271/471/32 1261/461/32
f 1268/470/151 1261/461/32 1259/457/146
f 1272/467/10 1274/11/11 1179/461/128
f 1272/467/10 1179/461/128 1178/457/10
f 1273/467/100 1272/11/10 1178/461/10
f 1273/467/100 1178/461/10 1177/457/183
f 1275/467/101 1273/11/100 1177/461/183
f 1275/467/101 1177/461/183 1180/457/174
f 1274/467/11 1275/11/101 1180/461/174
f 1274/467/11 1180/461/174 1179/457/128
f 1277/467/100 1276/11/10 1220/461/184
f 1277/467/100 1220/461/184 1221/457/100
f 1278/467/101 1277/11/100 1221/461/100
f 1278/467/101 1221/461/100 1222/457/5
f 1279/467/11 1278/11/101 1222/461/5
f 1279/467/11 1222/461/5 1223/457/191
f 1276/467/10 1279/11/11 1223/461/191
f 1276/467/10 1223/461/191 1220/457/184
f 1281/467/10 1280/11/11 1253/461/11
f 1281/467/10 1253/461/11 1252/457/184
f 1282/467/100 1281/11/10 1252/461/184
f 1282/467/100 1252/461/184 1262/457/196
f 1283/467/101 1282/11/100 1262/461/196
f 1283/467/101 1262/461/196 1263/457/194
f 1280/467/11 1283/11/101 1263/461/194
f 1280/467/11 1263/461/194 1253/457/11
f 1284/467/10 1286/11/11 1256/461/128
f 1284/467/10 1256/461/128 1255/457/10
f 1285/467/100 1284/11/10 1255/461/10
f 1285/467/100 1255/461/10 1254/457/183
f 1287/467/101 1285/11/100 1254/461/183
f 1287/467/101 1254/461/183 1257/457/174
f 1286/467/11 1287/11/101 1257/461/174
f 1286/467/11 1257/461/174 1256/457/128
f 1288/467/10 1290/11/11 1175/461/128
f 1288/467/10 1175/461/128 1188/457/10
f 1289/467/100 1288/11/10 1188/461/10
f 1289/467/100 1188/461/10 1189/457/183
f 1291/467/101 1289/11/100 1189/461/183
f 1291/467/101 1189/461/183 1183/457/174
f 1290/467/11 1291/11/101 1183/461/174
f 1290/467/11 1183/461/174 1175/457/128
f 1292/467/100 1294/11/10 1228/461/190
f 1292/467/100 1228/461/190 1218/457/183
f 1293/467/101 1292/11/100 1218/461/183
f 1293/467/101 1218/461/183 1219/457/101
f 1295/467/11 1293/11/101 1219/461/101
f 1295/467/11 1219/461/101 1229/457/180
f 1294/467/10 1295/11/11 1229/461/180
f 1294/467/10 1229/461/180 1228/457/190
f 1296/472/199 1299/473/200 1297/474/201
f 1296/472/199 1297/474/201 1298/475/202
f 1299/474/200 1301/475/203 1300/476/204
f 1299/474/200 1300/476/204 1297/477/201
f 1301/476/203 1303/477/205 1302/478/206
f 1301/476/203 1302/478/206 1300/479/204
f 1303/479/205 1305/478/207 1304/27/208
f 1303/479/205 1304/27/208 1302/480/206
f 1305/481/207 1307/482/209 1306/483/210
f 1305/481/207 1306/483/210 1304/28/208
f 1307/481/209 1309/482/211 1308/484/212
f 1307/481/209 1308/484/212 1306/485/210
f 1301/486/203 1299/487/200 1296/488/199
f 1296/488/199 1311/489/213 1309/490/211
f 1309/490/211 1307/491/209 1305/484/207
f 1305/484/207 1303/492/205 1301/486/203
f 1301/486/203 1296/488/199 1309/490/211
f 1301/486/203 1309/490/211 1305/484/207
f 1309/484/211 1311/485/213 1310/493/214
f 1309/484/211 1310/493/214 1308/494/212
f 1311/473/213 1296/472/199 1298/494/202
f 1311/473/213 1298/494/202 1310/493/214
f 1310/495/214 1298/496/202 1297/497/201
f 1297/497/201 1300/486/204 1302/498/206
f 1302/498/206 1304/476/208 1306/499/210
f 1306/499/210 1308/500/212 1310/495/214
f 1310/495/214 1297/497/201 1302/498/206
f 1310/495/214 1302/498/206 1306/499/210
f 1318/501/158 1316/502/195 1317/503/165
f 1318/501/158 1317/503/165 1319/504/12
f 1316/502/195 1312/505/136 1313/506/151
f 1316/502/195 1313/506/151 1317/503/165
f 1315/504/149 1314/501/150 1318/507/158
f 1315/504/149 1318/507/158 1319/508/12
f 1314/509/150 1312/510/136 1316/502/195
f 1314/509/150 1316/502/195 1318/501/158
f 1317/503/165 1313/511/151 1315/512/149
f 1317/503/165 1315/512/149 1319/504/12
f 1321/513/2 1328/514/2 1329/515/4
f 1321/513/2 1329/515/4 1322/516/4
f 1320/517/99 1330/518/99 1328/514/2
f 1320/517/99 1328/514/2 1321/513/2
f 1324/519/1 1331/520/1 1330/518/99
f 1324/519/1 1330/518/99 1320/517/99
f 1325/521/3 1332/522/3 1331/520/1
f 1325/521/3 1331/520/1 1324/519/1
f 1326/523/28 1333/524/28 1332/525/3
f 1326/523/28 1332/525/3 1325/526/3
f 1327/527/129 1334/528/129 1333/524/28
f 1327/527/129 1333/524/28 1326/523/28
f 1323/529/82 1335/530/82 1334/528/129
f 1323/529/82 1334/528/129 1327/527/129
f 1322/516/4 1329/515/4 1335/530/82
f 1322/516/4 1335/530/82 1323/529/82
f 1337/531/2 1344/532/2 1345/533/4
f 1337/531/2 1345/533/4 1338/534/4
f 1336/535/99 1346/536/99 1344/532/2
f 1336/535/99 1344/532/2 1337/531/2
f 1340/537/1 1347/538/1 1346/536/99
f 1340/537/1 1346/536/99 1336/535/99
f 1341/539/3 1348/540/3 1347/538/1
f 1341/539/3 1347/538/1 1340/537/1
f 1342/541/28 1349/542/28 1348/543/3
f 1342/541/28 1348/543/3 1341/544/3
f 1343/545/129 1350/546/129 1349/542/28
f 1343/545/129 1349/542/28 1342/541/28
f 1339/547/82 1351/548/82 1350/546/129
f 1339/547/82 1350/546/129 1343/545/129
f 1338/534/4 1345/533/4 1351/548/82
f 1338/534/4 1351/548/82 1339/547/82
f 1356/549/215 1352/550/216 1353/551/217
f 1356/549/215 1353/551/217 1357/552/218
f 1355/553/219 1354/554/220 1352/550/216
f 1355/553/219 1352/550/216 1356/549/215
f 1354/550/220 1358/555/4 1359/556/4
f 1354/550/220 1359/556/4 1352/551/216
f 1352/554/216 1359/557/4 1360/558/221
f 1352/554/216 1360/558/221 1353/550/217
f 1356/549/215 1362/559/3 1361/560/3
f 1356/549/215 1361/560/3 1355/553/219
f 1357/561/218 1367/562/222 1362/563/3
f 1357/561/218 1362/563/3 1356/549/215
f 1364/564/2 1363/565/2 1353/566/217
f 1364/564/2 1353/566/217 1360/551/221
f 1353/551/217 1363/564/2 1365/567/1
f 1353/551/217 1365/567/1 1357/552/218
f 1357/552/218 1365/567/1 1366/568/1
f 1357/552/218 1366/568/1 1367/569/222
f 1364/570/2 1366/568/1 1367/569/223
f 1364/570/2 1367/569/223 1360/571/221
f 1369/572/150 1368/573/4 1358/554/4
f 1369/572/150 1358/554/4 1354/574/220
f 1355/553/219 1370/5/136 1369/573/150
f 1355/553/219 1369/573/150 1354/554/220
f 1361/575/3 1371/6/3 1370/5/136
f 1361/575/3 1370/5/136 1355/553/219
f 1376/576/224 1374/577/225 1373/578/226
f 1376/576/224 1373/578/226 1377/579/227
f 1375/567/228 1372/564/229 1374/577/225
f 1375/567/228 1374/577/225 1376/576/224
f 1372/564/229 1379/580/4 1380/581/4
f 1372/564/229 1380/581/4 1374/577/225
f 1374/577/225 1380/582/4 1378/583/4
f 1374/577/225 1378/583/4 1373/578/226
f 1376/576/224 1383/584/3 1381/585/3
f 1376/576/224 1381/585/3 1375/567/228
f 1377/579/227 1382/586/3 1383/587/3
f 1377/579/227 1383/587/3 1376/576/224
f 1385/588/4 1384/578/149 1373/589/226
f 1385/588/4 1373/589/226 1378/590/4
f 1373/578/226 1384/589/149 1386/591/151
f 1373/578/226 1386/591/151 1377/579/227
f 1377/592/227 1386/593/151 1387/579/3
f 1377/592/227 1387/579/3 1382/591/3
f 1392/549/215 1388/550/216 1389/551/217
f 1392/549/215 1389/551/217 1393/552/218
f 1391/553/219 1390/554/220 1388/550/216
f 1391/553/219 1388/550/216 1392/549/215
f 1390/550/220 1394/555/4 1395/556/4
f 1390/550/220 1395/556/4 1388/551/216
f 1388/554/216 1395/557/4 1396/558/221
f 1388/554/216 1396/558/221 1389/550/217
f 1392/549/215 1398/559/3 1397/560/3
f 1392/549/215 1397/560/3 1391/553/219
f 1393/561/218 1403/562/222 1398/563/3
f 1393/561/218 1398/563/3 1392/549/215
f 1400/564/2 1399/565/2 1389/566/217
f 1400/564/2 1389/566/217 1396/551/221
f 1389/551/217 1399/564/2 1401/567/1
f 1389/551/217 1401/567/1 1393/552/218
f 1393/552/218 1401/567/1 1402/568/1
f 1393/552/218 1402/568/1 1403/569/222
f 1400/570/2 1402/568/1 1403/569/223
f 1400/570/2 1403/569/223 1396/571/221
f 1405/572/150 1404/573/4 1394/554/4
f 1405/572/150 1394/554/4 1390/574/220
f 1391/553/219 1406/5/136 1405/573/150
f 1391/553/219 1405/573/150 1390/554/220
f 1397/575/3 1407/6/3 1406/5/136
f 1397/575/3 1406/5/136 1391/553/219
f 1412/576/230 1410/577/225 1409/578/226
f 1412/576/230 1409/578/226 1413/579/227
f 1411/567/228 1408/564/229 1410/577/225
f 1411/567/228 1410/577/225 1412/576/230
f 1408/564/229 1415/580/4 1416/581/4
f 1408/564/229 1416/581/4 1410/577/225
f 1410/577/225 1416/582/4 1414/583/4
f 1410/577/225 1414/583/4 1409/578/226
f 1412/576/230 1419/584/3 1417/585/3
f 1412/576/230 1417/585/3 1411/567/228
f 1413/579/227 1418/586/3 1419/587/3
f 1413/579/227 1419/587/3 1412/576/230
f 1421/588/4 1420/578/149 1409/589/226
f 1421/588/4 1409/589/226 1414/590/4
f 1409/578/226 1420/589/149 1422/591/151
f 1409/578/226 1422/591/151 1413/579/227
f 1413/592/227 1422/593/151 1423/579/3
f 1413/592/227 1423/579/3 1418/591/3
f 1425/594/2 1432/595/2 1433/596/4
f 1425/594/2 1433/596/4 1426/597/4
f 1424/598/99 1434/599/99 1432/595/2
f 1424/598/99 1432/595/2 1425/594/2
f 1428/600/1 1435/601/1 1434/599/99
f 1428/600/1 1434/599/99 1424/598/99
f 1429/602/3 1436/603/3 1435/601/1
f 1429/602/3 1435/601/1 1428/600/1
f 1430/604/28 1437/605/28 1436/606/3
f 1430/604/28 1436/606/3 1429/607/3
f 1431/608/129 1438/609/129 1437/605/28
f 1431/608/129 1437/605/28 1430/604/28
f 1427/610/82 1439/611/82 1438/609/129
f 1427/610/82 1438/609/129 1431/608/129
f 1426/597/4 1433/596/4 1439/611/82
f 1426/597/4 1439/611/82 1427/610/82
f 1441/612/149 1448/530/149 1449/515/4
f 1441/612/149 1449/515/4 1442/613/4
f 1440/614/32 1450/528/32 1448/530/149
f 1440/614/32 1448/530/149 1441/612/149
f 1444/615/151 1451/524/151 1450/528/32
f 1444/615/151 1450/528/32 1440/614/32
f 1445/616/3 1452/525/3 1451/524/151
f 1445/616/3 1451/524/151 1444/615/151
f 1446/617/136 1453/520/136 1452/522/3
f 1446/617/136 1452/522/3 1445/618/3
f 1447/619/41 1454/518/41 1453/520/136
f 1447/619/41 1453/520/136 1446/617/136
f 1443/620/150 1455/514/150 1454/518/41
f 1443/620/150 1454/518/41 1447/619/41
f 1442/613/4 1449/515/4 1455/514/150
f 1442/613/4 1455/514/150 1443/620/150
f 1457/620/149 1463/621/149 1464/622/4
f 1457/620/149 1464/622/4 1458/613/4
f 1456/619/32 1465/623/32 1463/621/149
f 1456/619/32 1463/621/149 1457/620/149
f 1459/617/151 1466/624/151 1465/623/32
f 1459/617/151 1465/623/32 1456/619/32
f 1460/618/3 1467/625/3 1466/624/151
f 1460/618/3 1466/624/151 1459/617/151
f 1461/615/136 1468/626/136 1467/627/3
f 1461/615/136 1467/627/3 1460/616/3
f 1462/614/41 1469/628/41 1468/626/136
f 1462/614/41 1468/626/136 1461/615/136
f 2/612/150 1470/629/150 1469/628/41
f 2/612/150 1469/628/41 1462/614/41
f 1458/613/4 1464/622/4 1470/629/150
f 1458/613/4 1470/629/150 2/612/150
f 1472/630/101 1479/631/101 1480/632/99
f 1472/630/101 1480/632/99 1473/633/99
f 1471/634/32 1481/635/32 1479/631/101
f 1471/634/32 1479/631/101 1472/630/101
f 1475/636/11 1482/637/11 1481/635/32
f 1475/636/11 1481/635/32 1471/634/32
f 1476/638/129 1483/639/129 1482/637/11
f 1476/638/129 1482/637/11 1475/636/11
f 1477/640/10 1484/641/10 1483/642/129
f 1477/640/10 1483/642/129 1476/643/129
f 1478/644/41 1485/645/41 1484/641/10
f 1478/644/41 1484/641/10 1477/640/10
f 1474/646/100 1486/647/100 1485/645/41
f 1474/646/100 1485/645/41 1478/644/41
f 1473/633/99 1480/632/99 1486/647/100
f 1473/633/99 1486/647/100 1474/646/100
f 1488/631/149 1495/648/149 1496/649/4
f 1488/631/149 1496/649/4 1489/632/4
f 1487/635/32 1497/650/32 1495/648/149
f 1487/635/32 1495/648/149 1488/631/149
f 1491/637/151 1498/651/151 1497/650/32
f 1491/637/151 1497/650/32 1487/635/32
f 1492/639/3 1499/652/3 1498/651/151
f 1492/639/3 1498/651/151 1491/637/151
f 1493/641/136 1500/653/136 1499/654/3
f 1493/641/136 1499/654/3 1492/642/3
f 1494/645/41 1501/655/41 1500/653/136
f 1494/645/41 1500/653/136 1493/641/136
f 1490/647/150 1502/656/150 1501/655/41
f 1490/647/150 1501/655/41 1494/645/41
f 1489/632/4 1496/649/4 1502/656/150
f 1489/632/4 1502/656/150 1490/647/150
f 1504/630/101 1511/631/101 1512/632/99
f 1504/630/101 1512/632/99 1505/633/99
f 1503/634/32 1513/635/32 1511/631/101
f 1503/634/32 1511/631/101 1504/630/101
f 1507/636/11 1514/637/11 1513/635/32
f 1507/636/11 1513/635/32 1503/634/32
f 1508/638/129 1515/639/129 1514/637/11
f 1508/638/129 1514/637/11 1507/636/11
f 1509/640/10 1516/641/10 1515/642/129
f 1509/640/10 1515/642/129 1508/643/129
f 1510/644/41 1517/645/41 1516/641/10
f 1510/644/41 1516/641/10 1509/640/10
f 1506/646/100 1518/647/100 1517/645/41
f 1506/646/100 1517/645/41 1510/644/41
f 1505/633/99 1512/632/99 1518/647/100
f 1505/633/99 1518/647/100 1506/646/100
f 1520/631/149 1527/648/149 1528/649/4
f 1520/631/149 1528/649/4 1521/632/4
f 1519/635/32 1529/650/32 1527/648/149
f 1519/635/32 1527/648/149 1520/631/149
f 1523/637/151 1530/651/151 1529/650/32
f 1523/637/151 1529/650/32 1519/635/32
f 1524/639/3 1531/652/3 1530/651/151
f 1524/639/3 1530/651/151 1523/637/151
f 1525/641/136 1532/653/136 1531/654/3
f 1525/641/136 1531/654/3 1524/642/3
f 1526/645/41 1533/655/41 1532/653/136
f 1526/645/41 1532/653/136 1525/641/136
f 1522/647/150 1534/656/150 1533/655/41
f 1522/647/150 1533/655/41 1526/645/41
f 1521/632/4 1528/649/4 1534/656/150
f 1521/632/4 1534/656/150 1522/647/150
f 1536/657/149 1543/629/149 1544/622/4
f 1536/657/149 1544/622/4 1537/658/4
f 1535/659/32 1545/628/32 1543/629/149
f 1535/659/32 1543/629/149 1536/657/149
f 1539/660/151 1546/626/151 1545/628/32
f 1539/660/151 1545/628/32 1535/659/32
f 1540/661/3 1547/627/3 1546/626/151
f 1540/661/3 1546/626/151 1539/660/151
f 1541/662/136 1548/624/136 1547/625/3
f 1541/662/136 1547/625/3 1540/663/3
f 1542/664/41 1549/623/41 1548/624/136
f 1542/664/41 1548/624/136 1541/662/136
f 1538/665/150 1550/621/150 1549/623/41
f 1538/665/150 1549/623/41 1542/664/41
f 1537/658/4 1544/622/4 1550/621/150
f 1537/658/4 1550/621/150 1538/665/150
f 1552/657/149 1559/629/149 1560/622/4
f 1552/657/149 1560/622/4 1553/658/4
f 1551/659/32 1561/628/32 1559/629/149
f 1551/659/32 1559/629/149 1552/657/149
f 1555/660/151 1562/626/151 1561/628/32
f 1555/660/151 1561/628/32 1551/659/32
f 1556/661/3 1563/627/3 1562/626/151
f 1556/661/3 1562/626/151 1555/660/151
f 1557/662/136 1564/624/136 1563/625/3
f 1557/662/136 1563/625/3 1556/663/3
f 1558/664/41 1565/623/41 1564/624/136
f 1558/664/41 1564/624/136 1557/662/136
f 1554/665/150 1566/621/150 1565/623/41
f 1554/665/150 1565/623/41 1558/664/41
f 1553/658/4 1560/622/4 1566/621/150
f 1553/658/4 1566/621/150 1554/665/150
f 1568/657/149 1575/629/149 1576/622/4
f 1568/657/149 1576/622/4 1569/658/4
f 1567/659/32 1577/628/32 1575/629/149
f 1567/659/32 1575/629/149 1568/657/149
f 1571/660/151 1578/626/151 1577/628/32
f 1571/660/151 1577/628/32 1567/659/32
f 1572/661/3 1579/627/3 1578/626/151
f 1572/661/3 1578/626/151 1571/660/151
f 1573/662/136 1580/624/136 1579/625/3
f 1573/662/136 1579/625/3 1572/663/3
f 1574/664/41 1581/623/41 1580/624/136
f 1574/664/41 1580/624/136 1573/662/136
f 1570/665/150 1582/621/150 1581/623/41
f 1570/665/150 1581/623/41 1574/664/41
f 1569/658/4 1576/622/4 1582/621/150
f 1569/658/4 1582/621/150 1570/665/150
f 1584/547/149 1591/513/149 1592/516/4
f 1584/547/149 1592/516/4 1585/534/4
f 1583/545/32 1593/517/32 1591/513/149
f 1583/545/32 1591/513/149 1584/547/149
f 1587/541/151 1594/519/151 1593/517/32
f 1587/541/151 1593/517/32 1583/545/32
f 1588/544/3 1595/521/3 1594/519/151
f 1588/544/3 1594/519/151 1587/541/151
f 1589/537/136 1596/523/136 1595/526/3
f 1589/537/136 1595/526/3 1588/539/3
f 1590/535/41 1597/527/41 1596/523/136
f 1590/535/41 1596/523/136 1589/537/136
f 1586/531/150 1598/529/150 1597/527/41
f 1586/531/150 1597/527/41 1590/535/41
f 1585/534/4 1592/516/4 1598/529/150
f 1585/534/4 1598/529/150 1586/531/150
f 1600/547/149 1607/513/149 1608/516/4
f 1600/547/149 1608/516/4 1601/534/4
f 1599/545/32 1609/517/32 1607/513/149
f 1599/545/32 1607/513/149 1600/547/149
f 1603/541/151 1610/519/151 1609/517/32
f 1603/541/151 1609/517/32 1599/545/32
f 1604/544/3 1611/521/3 1610/519/151
f 1604/544/3 1610/519/151 1603/541/151
f 1605/537/136 1612/523/136 1611/526/3
f 1605/537/136 1611/526/3 1604/539/3
f 1606/535/41 1613/527/41 1612/523/136
f 1606/535/41 1612/523/136 1605/537/136
f 1602/531/150 1614/529/150 1613/527/41
f 1602/531/150 1613/527/41 1606/535/41
f 1601/534/4 1608/516/4 1614/529/150
f 1601/534/4 1614/529/150 1602/531/150
f 1616/666/149 1623/667/149 1624/668/4
f 1616/666/149 1624/668/4 1617/669/4
f 1615/670/32 1625/671/32 1623/667/149
f 1615/670/32 1623/667/149 1616/666/149
f 1619/672/151 1626/673/151 1625/671/32
f 1619/672/151 1625/671/32 1615/670/32
f 1620/674/3 1627/675/3 1626/673/151
f 1620/674/3 1626/673/151 1619/672/151
f 1621/676/136 1628/677/136 1627/678/3
f 1621/676/136 1627/678/3 1620/679/3
f 1622/680/41 1629/681/41 1628/677/136
f 1622/680/41 1628/677/136 1621/676/136
f 1618/682/150 1630/683/150 1629/681/41
f 1618/682/150 1629/681/41 1622/680/41
f 1617/669/4 1624/668/4 1630/683/150
f 1617/669/4 1630/683/150 1618/682/150
f 1632/666/149 1639/667/149 1640/668/4
f 1632/666/149 1640/668/4 1633/669/4
f 1631/670/32 1641/671/32 1639/667/149
f 1631/670/32 1639/667/149 1632/666/149
f 1635/672/151 1642/673/151 1641/671/32
f 1635/672/151 1641/671/32 1631/670/32
f 1636/674/3 1643/675/3 1642/673/151
f 1636/674/3 1642/673/151 1635/672/151
f 1637/676/136 1644/677/136 1643/678/3
f 1637/676/136 1643/678/3 1636/679/3
f 1638/680/41 1645/681/41 1644/677/136
f 1638/680/41 1644/677/136 1637/676/136
f 1634/682/150 1646/683/150 1645/681/41
f 1634/682/150 1645/681/41 1638/680/41
f 1633/669/4 1640/668/4 1646/683/150
f 1633/669/4 1646/683/150 1634/682/150
f 1648/666/149 1655/667/149 1/668/4
f 1648/666/149 1/668/4 1649/669/4
f 1647/670/32 1656/671/32 1655/667/149
f 1647/670/32 1655/667/149 1648/666/149
f 1651/672/151 1657/673/151 1656/671/32
f 1651/672/151 1656/671/32 1647/670/32
f 1652/674/3 1658/675/3 1657/673/151
f 1652/674/3 1657/673/151 1651/672/151
f 1653/676/136 1659/677/136 1658/678/3
f 1653/676/136 1658/678/3 1652/679/3
f 1654/680/41 1660/681/41 1659/677/136
f 1654/680/41 1659/677/136 1653/676/136
f 1650/682/150 1661/683/150 1660/681/41
f 1650/682/150 1660/681/41 1654/680/41
f 1649/669/4 1/668/4 1661/683/150
f 1649/669/4 1661/683/150 1650/682/150
f 1673/402/31 1664/684/231 1679/400/44
f 1666/685/41 1674/686/41 1668/687/232
f 1666/685/41 1668/687/232 1665/688/233
f 1669/301/2 1672/689/39 1670/690/43
f 1669/301/2 1670/690/43 1671/374/36
f 1682/374/38 1667/691/40 1672/692/39
f 1682/374/38 1672/692/39 1669/693/2
f 1683/384/37 1676/694/35 1674/695/41
f 1683/384/37 1674/695/41 1666/696/41
f 1667/380/40 1663/697/32 1675/698/32
f 1667/380/40 1675/698/32 1672/699/39
f 1663/700/32 1662/701/106 1673/702/31
f 1663/700/32 1673/702/31 1675/703/32
f 1664/417/234 1665/418/233 1668/419/232
f 1682/374/38 1669/394/2 1676/704/35
f 1682/374/38 1676/704/35 1683/705/37
f 1674/706/41 1676/707/35 1677/708/34
f 1674/706/41 1677/708/34 1678/709/41
f 1668/367/235 1664/710/236 1681/366/237
f 1675/711/32 1673/712/31 1679/713/44
f 1675/711/32 1679/713/44 1680/414/32
f 1675/714/32 1680/715/32 1670/716/43
f 1675/714/32 1670/716/43 1672/717/39
f 1676/718/35 1669/359/2 1671/374/36
f 1676/718/35 1671/374/36 1677/719/34
f 1674/720/41 1678/406/41 1681/721/238
f 1674/720/41 1681/721/238 1668/722/232
f 1662/390/106 1664/391/231 1673/392/31
f 1685/595/149 1692/656/149 1693/649/4
f 1685/595/149 1693/649/4 1686/596/4
f 1684/599/32 1694/655/32 1692/656/149
f 1684/599/32 1692/656/149 1685/595/149
f 1688/601/151 1695/653/151 1694/655/32
f 1688/601/151 1694/655/32 1684/599/32
f 1689/603/3 1696/654/3 1695/653/151
f 1689/603/3 1695/653/151 1688/601/151
f 1690/605/136 1697/651/136 1696/652/3
f 1690/605/136 1696/652/3 1689/606/3
f 1691/609/41 1698/650/41 1697/651/136
f 1691/609/41 1697/651/136 1690/605/136
f 1687/611/150 1699/648/150 1698/650/41
f 1687/611/150 1698/650/41 1691/609/41
f 1686/596/4 1693/649/4 1699/648/150
f 1686/596/4 1699/648/150 1687/611/150
f 1701/723/149 1708/666/149 1709/669/4
f 1701/723/149 1709/669/4 1702/724/4
f 1700/725/32 1710/670/32 1708/666/149
f 1700/725/32 1708/666/149 1701/723/149
f 1704/726/151 1711/672/151 1710/670/32
f 1704/726/151 1710/670/32 1700/725/32
f 1705/643/3 1712/674/3 1711/672/151
f 1705/643/3 1711/672/151 1704/726/151
f 1706/727/136 1713/676/136 1712/679/3
f 1706/727/136 1712/679/3 1705/728/3
f 1707/729/41 1714/680/41 1713/676/136
f 1707/729/41 1713/676/136 1706/727/136
f 1703/730/150 1715/682/150 1714/680/41
f 1703/730/150 1714/680/41 1707/729/41
f 1702/724/4 1709/669/4 1715/682/150
f 1702/724/4 1715/682/150 1703/730/150
f 1717/667/149 1724/548/149 1725/533/4
f 1717/667/149 1725/533/4 1718/668/4
f 1716/671/32 1726/546/32 1724/548/149
f 1716/671/32 1724/548/149 1717/667/149
f 1720/673/151 1727/542/151 1726/546/32
f 1720/673/151 1726/546/32 1716/671/32
f 1721/675/3 1728/543/3 1727/542/151
f 1721/675/3 1727/542/151 1720/673/151
f 1722/677/136 1729/538/136 1728/540/3
f 1722/677/136 1728/540/3 1721/678/3
f 1723/681/41 1730/536/41 1729/538/136
f 1723/681/41 1729/538/136 1722/677/136
f 1719/683/150 1731/532/150 1730/536/41
f 1719/683/150 1730/536/41 1723/681/41
f 1718/668/4 1725/533/4 1731/532/150
f 1718/668/4 1731/532/150 1719/683/150
f 1733/730/149 1740/682/149 1741/669/4
f 1733/730/149 1741/669/4 1734/724/4
f 1732/729/32 1742/680/32 1740/682/149
f 1732/729/32 1740/682/149 1733/730/149
f 1736/727/151 1743/676/151 1742/680/32
f 1736/727/151 1742/680/32 1732/729/32
f 1737/728/3 1744/679/3 1743/676/151
f 1737/728/3 1743/676/151 1736/727/151
f 1738/726/136 1745/672/136 1744/674/3
f 1738/726/136 1744/674/3 1737/643/3
f 1739/725/41 1746/670/41 1745/672/136
f 1739/725/41 1745/672/136 1738/726/136
f 1735/723/150 1747/666/150 1746/670/41
f 1735/723/150 1746/670/41 1739/725/41
f 1734/724/4 1741/669/4 1747/666/150
f 1734/724/4 1747/666/150 1735/723/150
f 1750/684/100 1759/402/239 1765/400/240
f 1754/687/241 1760/686/4 1752/685/4
f 1754/687/241 1752/685/4 1751/688/242
f 1756/690/243 1758/689/244 1755/301/11
f 1756/690/243 1755/301/11 1757/374/245
f 1758/692/244 1753/691/246 1768/374/247
f 1758/692/244 1768/374/247 1755/693/11
f 1760/695/4 1762/694/248 1769/384/249
f 1760/695/4 1769/384/249 1752/696/4
f 1761/698/3 1749/697/3 1753/380/246
f 1761/698/3 1753/380/246 1758/699/244
f 1759/702/239 1748/701/250 1749/700/3
f 1759/702/239 1749/700/3 1761/703/3
f 1751/418/242 1750/417/100 1754/419/241
f 1762/704/248 1755/394/11 1768/374/247
f 1762/704/248 1768/374/247 1769/705/249
f 1763/708/251 1762/707/248 1760/706/4
f 1763/708/251 1760/706/4 1764/709/4
f 1754/367/241 1750/710/100 1767/366/252
f 1765/713/240 1759/712/239 1761/711/3
f 1765/713/240 1761/711/3 1766/414/3
f 1756/716/243 1766/715/3 1761/714/3
f 1756/716/243 1761/714/3 1758/717/244
f 1757/374/245 1755/359/11 1762/718/248
f 1757/374/245 1762/718/248 1763/719/251
f 1767/721/252 1764/406/4 1760/720/4
f 1767/721/252 1760/720/4 1754/722/241
f 1750/391/100 1748/390/250 1759/392/239
f 1781/402/112 1772/684/101 1787/400/253
f 1774/685/3 1782/686/3 1776/687/114
f 1774/685/3 1776/687/114 1773/688/254
f 1777/301/10 1780/689/117 1778/690/119
f 1777/301/10 1778/690/119 1779/374/120
f 1790/374/118 1775/691/116 1780/692/117
f 1790/374/118 1780/692/117 1777/693/10
f 1791/384/124 1784/694/121 1782/695/3
f 1791/384/124 1782/695/3 1774/696/3
f 1775/380/116 1771/697/4 1783/698/4
f 1775/380/116 1783/698/4 1780/699/117
f 1771/700/4 1770/701/255 1781/702/112
f 1771/700/4 1781/702/112 1783/703/4
f 1772/417/101 1773/418/254 1776/419/114
f 1790/374/118 1777/394/10 1784/704/121
f 1790/374/118 1784/704/121 1791/705/124
f 1782/706/3 1784/707/121 1785/708/122
f 1782/706/3 1785/708/122 1786/709/3
f 1772/710/101 1776/367/114 1789/366/256
f 1783/711/4 1781/712/112 1787/713/253
f 1783/711/4 1787/713/253 1788/414/4
f 1783/714/4 1788/715/4 1778/716/119
f 1783/714/4 1778/716/119 1780/717/117
f 1784/718/121 1777/359/10 1779/374/120
f 1784/718/121 1779/374/120 1785/719/122
f 1782/720/3 1786/406/3 1789/721/256
f 1782/720/3 1789/721/256 1776/722/114
f 1770/390/255 1772/391/101 1781/392/112
f 1794/365/2 1803/366/257 1809/367/40
f 1798/368/35 1804/369/41 1796/370/41
f 1798/368/35 1796/370/41 1795/371/258
f 1800/372/259 1802/373/110 1799/73/28
f 1800/372/259 1799/73/28 1801/374/260
f 1802/375/110 1797/376/44 1812/374/261
f 1802/375/110 1812/374/261 1799/377/28
f 1804/378/41 1806/379/29 1813/380/30
f 1804/378/41 1813/380/30 1796/381/41
f 1805/382/32 1793/383/32 1797/384/44
f 1805/382/32 1797/384/44 1802/385/110
f 1803/386/257 1792/387/262 1793/388/32
f 1803/386/257 1793/388/32 1805/389/32
f 1795/390/258 1794/391/2 1798/392/35
f 1806/393/29 1799/394/28 1812/374/261
f 1806/393/29 1812/374/261 1813/395/30
f 1807/396/263 1806/397/29 1804/398/41
f 1807/396/263 1804/398/41 1808/399/41
f 1798/400/35 1794/401/2 1811/402/37
f 1809/403/40 1803/404/257 1805/405/32
f 1809/403/40 1805/405/32 1810/406/32
f 1800/407/259 1810/408/32 1805/409/32
f 1800/407/259 1805/409/32 1802/410/110
f 1801/374/260 1799/111/28 1806/411/29
f 1801/374/260 1806/411/29 1807/412/263
f 1811/413/37 1808/414/41 1804/415/41
f 1811/413/37 1804/415/41 1798/416/35
f 1794/417/2 1792/418/262 1803/419/257
f 1825/402/31 1816/684/231 1831/400/44
f 1818/685/41 1826/686/41 1820/687/232
f 1818/685/41 1820/687/232 1817/688/42
f 1821/301/2 1824/689/39 1822/690/43
f 1821/301/2 1822/690/43 1823/374/36
f 1834/374/38 1819/691/40 1824/692/39
f 1834/374/38 1824/692/39 1821/693/2
f 1835/384/37 1828/694/35 1826/695/41
f 1835/384/37 1826/695/41 1818/696/41
f 1819/380/40 1815/697/32 1827/698/32
f 1819/380/40 1827/698/32 1824/699/39
f 1815/700/32 1814/701/106 1825/702/31
f 1815/700/32 1825/702/31 1827/703/32
f 1816/417/234 1817/418/42 1820/419/232
f 1834/374/38 1821/394/2 1828/704/35
f 1834/374/38 1828/704/35 1835/705/37
f 1826/706/41 1828/707/35 1829/708/34
f 1826/706/41 1829/708/34 1830/709/41
f 1820/367/235 1816/710/236 1833/366/237
f 1827/711/32 1825/712/31 1831/713/44
f 1827/711/32 1831/713/44 1832/414/32
f 1827/714/32 1832/715/32 1822/716/43
f 1827/714/32 1822/716/43 1824/717/39
f 1828/718/35 1821/359/2 1823/374/36
f 1828/718/35 1823/374/36 1829/719/34
f 1826/720/41 1830/406/41 1833/721/238
f 1826/720/41 1833/721/238 1820/722/232
f 1814/390/106 1816/391/231 1825/392/31
f 1838/731/11 1847/419/244 1853/418/243
f 1842/732/248 1848/733/4 1840/734/4
f 1842/732/248 1840/734/4 1839/735/264
f 1844/736/240 1846/737/239 1843/377/100
f 1844/736/240 1843/377/100 1845/374/265
f 1846/738/239 1841/739/266 1856/374/267
f 1846/738/239 1856/374/267 1843/73/100
f 1848/740/4 1850/397/241 1857/716/268
f 1848/740/4 1857/716/268 1840/741/4
f 1849/742/3 1837/743/3 1841/407/266
f 1849/742/3 1841/407/266 1846/744/239
f 1847/745/244 1836/746/269 1837/406/3
f 1847/745/244 1837/406/3 1849/747/3
f 1839/400/264 1838/748/11 1842/402/248
f 1850/749/241 1843/258/100 1856/374/267
f 1850/749/241 1856/374/267 1857/750/268
f 1851/751/252 1850/379/241 1848/752/4
f 1851/751/252 1848/752/4 1852/753/4
f 1842/390/248 1838/754/11 1855/392/251
f 1853/755/243 1847/756/244 1849/757/3
f 1853/755/243 1849/757/3 1854/388/3
f 1844/384/240 1854/758/3 1849/759/3
f 1844/384/240 1849/759/3 1846/760/239
f 1845/374/265 1843/761/100 1850/762/241
f 1845/374/265 1850/762/241 1851/763/252
f 1855/764/251 1852/700/4 1848/765/4
f 1855/764/251 1848/765/4 1842/766/248
f 1838/767/11 1836/367/269 1847/366/244
f 1860/291/270 1869/92/257 1875/90/40
f 1864/292/271 1870/293/41 1862/294/41
f 1864/292/271 1862/294/41 1861/295/34
f 1866/296/259 1868/297/110 1865/298/28
f 1866/296/259 1865/298/28 1867/74/260
f 1868/299/110 1863/300/44 1878/74/261
f 1868/299/110 1878/74/261 1865/301/28
f 1870/302/41 1872/303/29 1879/107/30
f 1870/302/41 1879/107/30 1862/304/41
f 1871/305/32 1859/306/32 1863/248/44
f 1871/305/32 1863/248/44 1868/307/110
f 1869/308/257 1858/309/262 1859/115/32
f 1869/308/257 1859/115/32 1871/310/32
f 1861/66/34 1860/277/270 1864/65/271
f 1872/311/29 1865/258/28 1878/74/261
f 1872/311/29 1878/74/261 1879/312/30
f 1873/313/263 1872/314/29 1870/315/41
f 1873/313/263 1870/315/41 1874/316/41
f 1860/317/272 1864/119/271 1877/120/273
f 1875/318/40 1869/319/257 1871/320/32
f 1875/318/40 1871/320/32 1876/274/32
f 1866/80/259 1876/321/32 1871/322/32
f 1866/80/259 1871/322/32 1868/323/110
f 1867/74/260 1865/324/28 1872/325/29
f 1867/74/260 1872/325/29 1873/326/263
f 1877/327/274 1874/88/41 1870/328/41
f 1877/327/274 1870/328/41 1864/329/271
f 1860/256/270 1858/100/262 1869/102/257
f 1881/610/101 1888/768/101 1889/769/99
f 1881/610/101 1889/769/99 1882/597/99
f 1880/608/32 1890/770/32 1888/768/101
f 1880/608/32 1888/768/101 1881/610/101
f 1884/604/11 1891/771/11 1890/770/32
f 1884/604/11 1890/770/32 1880/608/32
f 1885/607/129 1892/772/129 1891/771/11
f 1885/607/129 1891/771/11 1884/604/11
f 1886/600/10 1893/773/10 1892/774/129
f 1886/600/10 1892/774/129 1885/602/129
f 1887/598/41 1894/775/41 1893/773/10
f 1887/598/41 1893/773/10 1886/600/10
f 1883/594/100 1895/776/100 1894/775/41
f 1883/594/100 1894/775/41 1887/598/41
f 1882/597/99 1889/769/99 1895/776/100
f 1882/597/99 1895/776/100 1883/594/100
f 1898/684/275 1907/402/239 1913/400/240
f 1902/687/276 1908/686/4 1900/685/4
f 1902/687/276 1900/685/4 1899/688/242
f 1904/690/243 1906/689/244 1903/301/11
f 1904/690/243 1903/301/11 1905/374/245
f 1906/692/244 1901/691/246 1916/374/247
f 1906/692/244 1916/374/247 1903/693/11
f 1908/695/4 1910/694/248 1917/384/249
f 1908/695/4 1917/384/249 1900/696/4
f 1909/698/3 1897/697/3 1901/380/246
f 1909/698/3 1901/380/246 1906/699/244
f 1907/702/239 1896/701/250 1897/700/3
f 1907/702/239 1897/700/3 1909/703/3
f 1899/418/242 1898/417/277 1902/419/276
f 1910/704/248 1903/394/11 1916/374/247
f 1910/704/248 1916/374/247 1917/705/249
f 1911/708/251 1910/707/248 1908/706/4
f 1911/708/251 1908/706/4 1912/709/4
f 1898/710/275 1902/367/276 1915/366/278
f 1913/713/240 1907/712/239 1909/711/3
f 1913/713/240 1909/711/3 1914/414/3
f 1904/716/243 1914/715/3 1909/714/3
f 1904/716/243 1909/714/3 1906/717/244
f 1905/374/245 1903/359/11 1910/718/248
f 1905/374/245 1910/718/248 1911/719/251
f 1915/721/279 1912/406/4 1908/720/4
f 1915/721/279 1908/720/4 1902/722/276
f 1898/391/275 1896/390/250 1907/392/239
f 1919/1/1 1918/2/1 1920/3/2
f 1919/1/1 1920/3/2 1921/4/2
f 1922/5/3 1918/6/1 1919/7/1
f 1922/5/3 1919/7/1 1923/8/3
f 1921/5/2 1920/8/2 1924/2/4
f 1921/5/2 1924/2/4 1925/1/4
o water
v 1.175672 2.749987 -0.823223
v 1.248438 2.749987 -1.000000
v 1.175672 2.749987 -1.176777
v 1.000000 2.749987 -1.000000
v 1.175672 1.750000 -0.824328
v 1.248438 1.750000 -1.000000
v 1.175672 1.750000 -1.175672
v 1.175672 2.750000 -0.824328
v 1.175672 2.750000 -1.175672
v 1.175672 2.749987 -0.323223
v 1.248438 2.749987 -0.500000
v 1.175672 2.749987 -0.676777
v 1.000000 2.749987 -0.500000
v 1.175672 1.750000 -0.324328
v 1.248438 1.750000 -0.500000
v 1.175672 1.750000 -0.675672
v 1.175672 2.750000 -0.324328
v 1.175672 2.750000 -0.675672
v 1.175672 2.749987 0.176777
v 1.248438 2.749987 -0.000000
v 1.175672 2.749987 -0.176777
v 1.000000 2.749987 -0.000000
v 1.175672 1.750000 0.175672
v 1.248438 1.750000 -0.000000
v 1.175672 1.750000 -0.175672
v 1.175672 2.750000 0.175672
v 1.175672 2.750000 -0.175672
v 1.175672 2.749987 0.676777
v 1.248438 2.749987 0.500000
v 1.175672 2.749987 0.323223
v 1.000000 2.749987 0.500000
v 1.175672 1.750000 0.675672
v 1.248438 1.750000 0.500000
v 1.175672 1.750000 0.324328
v 1.175672 2.750000 0.675672
v 1.175672 2.750000 0.324328
v 1.175672 2.749987 1.176777
v 1.248438 2.749987 1.000000
v 1.175672 2.749987 0.823223
v 1.000000 2.749987 1.000000
v 1.175672 1.750000 1.175672
v 1.248438 1.750000 1.000000
v 1.175672 1.750000 0.824328
v 1.175672 2.750000 1.175672
v 1.175672 2.750000 0.824328
vn -0.0000 1.0000 -0.0000
vn 0.6786 0.7345 0.0001
vn 0.9239 -0.0000 0.3827
vn 1.0000 -0.0000 -0.0000
vn 0.6786 0.7345 -0.0000
vn 0.9239 -0.0000 -0.3827
vt 0.171875 0.430358
vt 0.148438 0.441406
vt 0.148438 0.425781
vt 0.125000 0.430358
vt 0.125000 0.425781
vt 0.125000 0.363281
vt 0.148438 0.363281
vt 0.171875 0.363281
vt 0.171875 0.425781
s 1
usemtl m_667128fe-1a6a-5c0d-a453-63265566e0bf
f 1928/777/280 1929/778/280 1927/779/281
f 1927/779/281 1929/778/280 1926/780/280
f 1933/781/282 1930/782/282 1931/783/283
f 1933/781/282 1931/783/283 1927/779/284
f 1927/779/284 1931/783/283 1932/784/285
f 1927/779/284 1932/784/285 1934/785/285
f 1937/777/280 1938/778/280 1936/779/281
f 1936/779/281 1938/778/280 1935/780/280
f 1942/781/282 1939/782/282 1940/783/283
f 1942/781/282 1940/783/283 1936/779/284
f 1936/779/284 1940/783/283 1941/784/285
f 1936/779/284 1941/784/285 1943/785/285
f 1946/777/280 1947/778/280 1945/779/281
f 1945/779/281 1947/778/280 1944/780/280
f 1951/781/282 1948/782/282 1949/783/283
f 1951/781/282 1949/783/283 1945/779/284
f 1945/779/284 1949/783/283 1950/784/285
f 1945/779/284 1950/784/285 1952/785/285
f 1955/777/280 1956/778/280 1954/779/281
f 1954/779/281 1956/778/280 1953/780/280
f 1960/781/282 1957/782/282 1958/783/283
f 1960/781/282 1958/783/283 1954/779/284
f 1954/779/284 1958/783/283 1959/784/285
f 1954/779/284 1959/784/285 1961/785/285
f 1964/777/280 1965/778/280 1963/779/281
f 1963/779/281 1965/778/280 1962/780/280
f 1969/781/282 1966/782/282 1967/783/283
f 1969/781/282 1967/783/283 1963/779/284
f 1963/779/284 1967/783/283 1968/784/285
f 1963/779/284 1968/784/285 1970/785/285
